1,1,ACC1
2,2,ACC2
3,3,ACC3
4,4,ACC4
5,5,ACC5
6,6,ACC6
7,7,ACC7
8,8,ACC8
9,9,ACC9
10,10,ACC10
11,11,ACC11
12,12,ACC12
13,13,ACC13
14,14,ACC14
15,15,ACC15
16,16,ACC16
17,17,ACC17
18,18,ACC18
19,19,ACC19
20,20,ACC20
21,21,ACC21
22,22,ACC22
23,23,ACC23
24,24,ACC24
25,25,ACC25
26,26,ACC26
27,27,ACC27
28,28,ACC28
29,29,ACC29
30,30,ACC30
31,31,ACC31
32,32,ACC32
33,33,ACC33
34,34,ACC34
35,35,ACC35
36,36,ACC36
37,37,ACC37
38,38,ACC38
39,39,ACC39
40,40,ACC40
41,41,ACC41
42,42,ACC42
43,43,ACC43
44,44,ACC44
45,45,ACC45
46,46,ACC46
47,47,ACC47
48,48,ACC48
49,49,ACC49
50,50,ACC50
51,51,ACC51
52,52,ACC52
53,53,ACC53
54,54,ACC54
55,55,ACC55
56,56,ACC56
57,57,ACC57
58,58,ACC58
59,59,ACC59
60,60,ACC60
61,61,ACC61
62,62,ACC62
63,63,ACC63
64,64,ACC64
65,65,ACC65
66,66,ACC66
67,67,ACC67
68,68,ACC68
69,69,ACC69
70,70,ACC70
71,71,ACC71
72,72,ACC72
73,73,ACC73
74,74,ACC74
75,75,ACC75
76,76,ACC76
77,77,ACC77
78,78,ACC78
79,79,ACC79
80,80,ACC80
81,81,ACC81
82,82,ACC82
83,83,ACC83
84,84,ACC84
85,85,ACC85
86,86,ACC86
87,87,ACC87
88,88,ACC88
89,89,ACC89
90,90,ACC90
91,91,ACC91
92,92,ACC92
93,93,BAR1
94,94,BAR2
95,95,BAR3
96,96,BAR4
97,97,BAR5
98,98,BAR6
99,99,BAR7
100,100,BAR8
101,101,BAR9
102,102,BAR10
103,103,BAR11
104,104,BAR12
105,105,BAR13
106,106,BAR14
107,107,BAR15
108,108,BAR16
109,109,BAR17
110,110,BAR18
111,111,BAR19
112,112,BAR20
113,113,BAR21
114,114,BAR22
115,115,BAR23
116,116,BAR24
117,117,BAR25
118,118,BAR26
119,119,BAR27
120,120,BAR28
121,121,BAR29
122,122,BAR30
123,123,BAR31
124,124,BAR32
125,125,BAR33
126,126,BAR34
127,127,BAR35
128,128,BAR36
129,129,BAR37
130,130,BAR38
131,131,BAR39
132,132,BAR40
133,133,BAR41
134,134,BAR42
135,135,BAR43
136,136,BAR44
137,137,BAR45
138,138,BAR46
139,139,BAR47
140,140,BAR48
141,141,BAR49
142,142,BAR50
143,143,BAR51
144,144,BAR52
145,145,BAR53
146,146,BAR54
147,147,BAR55
148,148,BAR56
149,149,BAR57
150,150,BAR58
151,151,BAR59
152,152,BAR60
153,153,BAR61
154,154,BAR62
155,155,BAR63
156,156,BAR64
157,157,BAR65
158,158,BAR66
159,159,BAR67
160,160,BAR68
161,161,BAR69
162,162,BAR70
163,163,BAR71
164,164,BAR72
165,165,BAR73
166,166,BAR74
167,167,BAR75
168,168,BAR76
169,169,BAR77
170,170,BAR78
171,171,BAR79
172,172,BAR80
173,173,BAR81
174,174,BAR82
175,175,BAR83
176,176,BAR84
177,177,BAR85
178,178,BAR86
179,179,BAR87
180,180,BAR88
181,181,BAR89
182,182,BAR90
183,183,BAR91
184,184,BAR92
185,185,BAR93
186,186,BAR94
187,187,BAR95
188,188,BAR96
189,189,BAR97
190,190,BAR98
191,191,BAR99
192,192,BAR100
193,193,BAR101
194,194,BAR102
195,195,BAR103
196,196,BAR104
197,197,BAR105
198,198,BAR106
199,199,BAR107
200,200,BAR108
201,201,BAR109
202,202,BAR110
203,203,BAR111
204,204,BAR112
205,205,BAR113
206,206,BAR114
207,207,BAR115
208,208,BAR116
209,209,BAR117
210,210,BAR118
211,211,BAR119
212,212,BAR120
213,213,BAR121
214,214,BAR122
215,215,BAR123
216,216,BAR124
217,217,BAR125
218,218,BAR126
219,219,BAR127
220,220,BAR128
221,221,BAR129
222,222,BAR130
223,223,BAR131
224,224,BAR132
225,225,BAR133
226,226,BAR134
227,227,BAR135
228,228,BAR136
229,229,BAR137
230,230,BAR138
231,231,BAR139
232,232,BAR140
233,233,BAR141
234,234,BAR142
235,235,BAR143
236,236,BAR144
237,237,BAR145
238,238,BAR146
239,239,BAR147
240,240,BAR148
241,241,BAR149
242,242,BAR150
243,243,BAR151
244,244,BAR152
245,245,BAR153
246,246,BAR154
247,247,BAR155
248,248,BAR156
249,249,BAR157
250,250,BAR158
251,251,BAR159
252,252,BAR160
253,253,BAR161
254,254,BAR162
255,255,BAR163
256,256,BAR164
257,257,BAR165
258,258,BAR166
259,259,BAR167
260,260,BAR168
261,261,BAR169
262,262,BAR170
263,263,BAR171
264,264,BAR172
265,265,BAR173
266,266,BAR174
267,267,BAR175
268,268,BAR176
269,269,BAR177
270,270,BAR178
271,271,BAR179
272,272,BAR180
273,273,BAR181
274,274,BAR182
275,275,BAR183
276,276,BAR184
277,277,BAR185
278,278,BAR186
279,279,BAR187
280,280,BAR188
281,281,BAR189
282,282,BAR190
283,283,BAR191
284,284,BAR192
285,285,BAR193
286,286,BAR194
287,287,BAR195
288,288,BAR196
289,289,BAR197
290,290,BAR198
291,291,BAR199
292,292,BAR200
293,293,BAR201
294,294,BAR202
295,295,BAR203
296,296,BAR204
297,297,BAR205
298,298,BAR206
299,299,BAR207
300,300,BAR208
301,301,BAR209
302,302,BAR210
303,303,BAR211
304,304,BAR212
305,305,BAR213
306,306,BAR214
307,307,BAR215
308,308,BAR216
309,309,BAR217
310,310,BAR218
311,311,BAR219
312,312,BAR220
313,313,BAR221
314,314,BAR222
315,315,BAR223
316,316,BAR224
317,317,BAR225
318,318,BAR226
319,319,BAR227
320,320,BAR228
321,321,BAR229
322,322,BAR230
323,323,BAR231
324,324,BAR232
325,325,BAR233
326,326,BAR234
327,327,BAR235
328,328,BAR236
329,329,BAR237
330,330,BAR238
331,331,BAR239
332,332,BAR240
333,333,BAR241
334,334,BAR242
335,335,BAR243
336,336,BAR244
337,337,BAR245
338,338,BAR246
339,339,BAR247
340,340,BAR248
341,341,BAR249
342,342,BAR250
343,343,BAR251
344,344,BAR252
345,345,BAR253
346,346,BAR254
347,347,BAR255
348,348,BAR256
349,349,BAR257
350,350,BAR258
351,351,BAR259
352,352,CMP0
353,353,CMP1
354,354,CMP2
355,355,CMP3
356,356,CMP4
357,357,CMP5
358,358,CMP6
359,359,CMP7
360,360,CMP8
361,361,CMP9
362,362,CMP10
363,363,CMP11
364,364,CMP12
365,365,CMP13
366,366,CMP14
367,367,CMP15
368,368,CMP16
369,369,CMP17
370,370,CMP18
371,371,CMP19
372,372,CMP20
373,373,CMP21
374,374,CHM1
375,375,CHM2
376,376,CHM3
377,377,CHM4
378,378,CHM5
379,379,CHM6
380,380,CHM7
381,381,CHM8
382,382,CHM9
383,383,CHM10
384,384,CHM11
385,385,CHM12
386,386,CHM13
387,387,CHM14
388,388,CHM15
389,389,CHM16
390,390,CHM17
391,391,CHM18
392,392,CHM19
393,393,CHM20
394,394,CHM21
395,395,CHM22
396,396,CHM23
397,397,CHM24
398,398,CHM25
399,399,CHM26
400,400,CHM27
401,401,CHM28
402,402,CHM29
403,403,CHM30
404,404,CHM32
405,405,CHM33
406,406,CHM35
407,407,CHM36
408,408,CHM38
409,409,CHM39
410,410,CHM40
411,411,CHM41
412,412,CHM42
413,413,CHM43
414,414,CHM44
415,415,CHM45
416,416,CHM46
417,417,CHM47
418,418,CHM49
419,419,CHM51
420,420,CHM52
421,421,CHM53
422,422,CHM54
423,423,CHM55
424,424,CHM56
425,425,CHM57
426,426,CHM58
427,427,CHM59
428,428,CHM60
429,429,CHM61
430,430,CHM62
431,431,CHM63
432,432,CHM65
433,433,CHM67
434,434,CHM68
435,435,CHM69
436,436,CHM70
437,437,CHM71
438,438,CHM72
439,439,CHM73
440,440,CHM74
441,441,CHM75
442,442,CHM76
443,443,CHM77
444,444,CHM78
445,445,CHM79
446,446,CHM80
447,447,CHM81
448,448,CHM82
449,449,CHM83
450,450,CHM84
451,451,ADB1
452,452,ADB2
453,453,ADB3
454,454,ADB4
455,455,ADB5
456,456,ADB6
457,457,ADB7
458,458,UPC1
459,459,UPC2
460,460,UPC3
461,461,UPC4
462,462,UPC5
463,463,UPC6
464,464,UPC7
465,465,UPC8
466,466,UPC9
467,467,UPC10
468,468,UPC11
469,469,UPC12
470,470,UPC13
471,471,UPC14
472,472,UPC15
473,473,UPC16
474,474,UPC17
475,475,UPC18
476,476,UPC19
477,477,UPC20
478,478,UPC21
479,479,UPC22
480,480,UPC23
481,481,UPC24
482,482,UPC25
483,483,UPC26
484,484,UPC27
485,485,UPC28
486,486,UPC29
487,487,UPC30
488,488,UPC31
489,489,UPC32
490,490,UPC33
491,491,UPC34
492,492,UPC35
493,493,UPC36
494,494,UPC37
495,495,UPC38
496,496,UPC39
497,497,UPC40
498,498,UPC41
499,499,UPC42
500,500,UPC43
501,501,UPC44
502,502,UPC45
503,503,UPC46
504,504,UPC47
505,505,UPC48
506,506,ACC93
507,507,ACC94
508,508,ACC95
509,509,ACC96
510,510,ACC97
511,511,ACC98
512,512,ACC99
513,513,ACC100
514,514,ACC101
515,515,ACC102
516,516,ACC103
517,517,ACC104
518,518,ACC105
519,519,ACC106
520,520,ACC107
521,521,ACC108
522,522,ACC109
523,523,ACC110
524,524,ACC111
525,525,ACC112
526,526,ACC113
527,527,ACC114
528,528,ACC115
529,529,ACC116
530,530,ACC117
531,531,ACC118
532,532,ACC119
533,533,ACC120
534,534,ACC121
535,535,ACC122
536,536,ACC123
537,537,ACC124
538,538,ACC125
539,539,ACC126
540,540,ACC127
541,541,ACC128
542,542,ACC129
543,543,ACC130
544,544,ACC131
545,545,ACC132
546,546,ACC133
547,547,ACC134
548,548,ACC135
549,549,ACC136
550,550,ACC137
551,551,ACC138
552,552,ACC139
553,553,ACC140
554,554,ACC141
555,555,ACC142
556,556,ACC143
557,557,ACC144
558,558,ACC145
559,559,ACC146
560,560,ACC147
561,561,ACC148
562,562,ACC149
563,563,ACC150
564,564,ACC151
565,565,ACC152
566,566,ACC153
567,567,ACC154
568,568,ACC155
569,569,ACC156
570,570,ACC157
571,571,ACC158
572,572,ACC159
573,573,ACC160
574,574,ACC161
575,575,ACC162
576,576,ACC163
577,577,ACC164
578,578,ACC165
579,579,ACC166
580,580,ACC167
581,581,ACC168
582,582,ACC169
583,583,ACC170
584,584,ACC171
585,585,ACC172
586,586,ACC173
587,587,ACC174
588,588,ACC175
589,589,ACC176
590,590,ACC177
591,591,ACC178
592,592,ACC179
593,593,ACC180
594,594,ACC181
595,595,ACC182
596,596,ACC183
597,597,ACC184
598,598,ACC185
599,599,ACC186
600,600,ACC187
601,601,ACC188
602,602,ACC189
603,603,ACC190
604,604,ACC191
605,605,ACC192
606,606,ACC193
607,607,ACC194
608,608,ACC195
609,609,ACC196
610,610,ACC197
611,611,ACC198
612,612,ACC199
613,613,ACC200
614,614,ACC201
615,615,ACC202
616,616,ACC203
617,617,ACC204
618,618,ACC205
619,619,ACC206
620,620,ACC207
621,621,ACC208
622,622,ACC209
623,623,ACC210
624,624,ACC211
625,625,ACC212
626,626,ACC213
627,627,ACC214
628,628,ACC215
629,629,ACC216
630,630,ACC217
631,631,ACC218
632,632,ACC219
633,633,ACC220
634,634,ACC221
635,635,ACC222
636,636,ACC223
637,637,ACC224
638,638,ACC225
639,639,ACC226
640,640,ACC227
641,641,ACC228
642,642,ACC229
643,643,ACC230
644,644,ACC231
645,645,ACC232
646,646,ACC233
647,647,ACC234
648,648,ACC235
649,649,ACC236
650,650,ACC237
651,651,ACC238
652,652,ACC239
653,653,ACC240
654,654,ACC241
655,655,ACC242
656,656,ACC243
657,657,ACC244
658,658,ACC245
659,659,ACC246
660,660,ACC247
661,661,ACC248
662,662,ACC249
663,663,ACC250
664,664,ACC251
665,665,ACC252
666,666,ACC253
667,667,ACC254
668,668,ACC255
669,669,ACC256
670,670,ACC257
671,671,ACC258
672,672,ACC259
673,673,ACC260
674,674,ACC261
675,675,ACC262
676,676,ACC263
677,677,ACC264
678,678,ACC265
679,679,ACC266
680,680,ACC267
681,681,ACC268
682,682,ACC269
683,683,ACC270
684,684,ACC271
685,685,ACC272
686,686,ACC273
687,687,ACC274
688,688,ACC275
689,689,ACC276
690,690,ACC277
691,691,ACC278
692,692,ACC279
693,693,ACC280
694,694,ACC281
695,695,ACC282
696,696,ACC283
697,697,ACC284
698,698,ACC285
699,699,ACC286
700,700,ACC287
701,701,ACC288
702,702,ACC289
703,703,ACC290
704,704,ACC291
705,705,ACC292
706,706,ACC293
707,707,ACC294
708,708,ACC295
709,709,ACC296
710,710,ACC297
711,711,ACC298
712,712,ACC299
713,713,ACC300
714,714,ACC301
715,715,ACC302
716,716,ACC303
717,717,ACC304
718,718,ACC305
719,719,ACC306
720,720,ACC307
721,721,ACC308
722,722,ACC309
723,723,ACC310
724,724,ACC311
725,725,ACC312
726,726,ACC313
727,727,ACC314
728,728,ACC315
729,729,ACC316
730,730,ACC317
731,731,ACC318
732,732,ACC319
733,733,ACC320
734,734,ACC321
735,735,ACC322
736,736,ACC323
737,737,ACC324
738,738,ACC325
739,739,ACC326
740,740,ACC327
741,741,ACC328
742,742,ACC329
743,743,ACC330
744,744,ACC331
745,745,ACC332
746,746,PCC1
747,747,PCC2
748,748,PCC3
749,749,PCC4
750,750,PCC5
751,751,PCC6
752,752,PCC7
753,753,PCC8
754,754,PCC9
755,755,PCC10
756,756,PCC11
757,757,PCC12
758,758,PCC13
759,759,PCC14
760,760,PCC15
761,761,PCC16
762,762,PCC17
763,763,PCK8
764,764,PCK9
765,765,PCK10
766,766,PCK11
767,767,PCK12
768,768,PCK13
769,769,PCK14
770,770,PCK15
771,771,PCK16
772,772,PCK17
773,773,PCK18
774,774,PCK19
775,775,PCK20
776,776,PCK22
777,777,PCK23
778,778,PCK24
779,779,PCK25
780,780,PCC35
781,781,PCC36
782,782,PCC37
783,783,PCC38
784,784,PCC39
785,785,PCK27
786,786,PCK21
787,787,PCK26
788,788,PCC43
789,789,PCC44
790,790,PCC45
791,791,PCC46
792,792,PCC47
793,793,PCC48
794,794,GAS9
795,795,PCC50
796,796,PCC51
797,797,PCC52
798,798,PCC53
799,799,PCC54
800,800,PCC55
801,801,PCC56
802,802,PCC57
803,803,PCC58
804,804,PCC59
805,805,PCC60
806,806,PCC61
807,807,PCC62
808,808,PCC63
809,809,PCC64
810,810,PCC65
811,811,PCC66
812,812,PCC67
813,813,PCC68
814,814,PCC69
815,815,PCC70
816,816,PCC71
817,817,PCC72
818,818,PCC73
819,819,PCC74
820,820,PCC75
821,821,PCC76
822,822,PCC77
823,823,PCC78
824,824,PCC79
825,825,PCC80
826,826,PCC81
827,827,PCC82
828,828,PCC83
829,829,PCC84
830,830,PCC85
831,831,PCC86
832,832,PCC87
833,833,ADR0
834,834,ADR1
835,835,ADR2
836,836,ADR3
837,837,ADR4
838,838,ADR5
839,839,ADR6
840,840,ADR7
841,841,RBL0
842,842,RBL1
843,843,RBL2
844,844,RBL3
845,845,RBL4
846,846,RBL5
847,847,RBL6
848,848,RBL7
849,849,RBL8
850,850,RBL9
851,851,RBL10
852,852,RBL11
853,853,RBL12
854,854,RBL13
855,855,RBL14
856,856,RBL15
857,857,RBL16
858,858,RBL17
859,859,RBL18
860,860,RBL19
861,861,RBL20
862,862,RBL21
863,863,RBL22
864,864,RBL23
865,865,RBL24
866,866,RBL25
867,867,RBL26
868,868,RBL27
869,869,RBL28
870,870,RBL29
871,871,RBL30
872,872,RBL31
873,873,RBL32
874,874,RBL33
875,875,RBL34
876,876,RBL35
877,877,RBL36
878,878,RBL37
879,879,RBL38
880,880,RBL39
881,881,RBL40
882,882,RBL41
883,883,RBL42
884,884,UPC49
885,885,UPC50
886,886,UPC51
887,887,UPC52
888,888,CHM85
889,889,CHM86
890,890,CHM87
891,891,CHM88
892,892,CHM89
893,893,CHM90
894,894,CHM91
895,895,CHM92
896,896,CHM93
897,897,CHM94
898,898,CHM95
899,899,CHM96
900,900,CHM97
901,901,CHM98
902,902,CHM99
903,903,CHM100
904,904,CHM101
905,905,CHM102
906,906,CHM103
907,907,CHM104
908,908,BAR260
909,909,BAR261
910,910,BAR262
911,911,BAR263
912,912,BAR264
913,913,BAR265
914,914,BAR266
915,915,BAR267
916,916,BAR268
917,917,BAR269
918,918,BAR270
919,919,BAR271
920,920,BAR272
921,921,BAR273
922,922,BAR274
924,923,BAR276
925,924,BAR277
926,925,BAR278
927,926,BAR279
928,927,BAR280
929,928,BAR281
930,929,BAR282
931,930,BAR283
932,931,BAR284
933,932,BAR285
934,933,BAR286
935,934,BAR287
936,935,BAR288
937,936,BAR289
938,937,BAR290
939,938,BAR291
940,939,BAR292
941,940,BAR293
942,941,BAR294
943,942,BAR295
944,943,BAR296
945,944,BAR297
946,945,BAR298
947,946,BAR299
948,947,BAR300
949,948,BAR301
950,949,BAR302
951,950,BAR303
952,951,BAR304
953,952,BAR305
954,953,BAR306
955,954,BAR307
4955,955,PCK1
4956,956,PCK2
4957,957,PCK3
4958,958,PCK4
4959,959,PCK5
4960,960,ACC333
4962,961,ACC335
4964,962,PMC1
4965,963,PCC88
4968,964,PME25
4969,965,PME21
4970,966,PME22
4971,967,PME23
4972,968,PME26
4973,969,CHM105
4974,970,CHM106
4975,971,PCC94
4976,972,PCC95
4977,973,PCC96
4978,974,PCC97
4979,975,PCC98
4980,976,PCC99
4982,977,GAS1
4983,978,ACC336
4984,979,CHM107
4985,980,PCK6
4986,981,ACC338
4987,982,ACC339
4988,983,PRM1
4989,984,PRM2
4990,985,CHM108
4991,986,CHM109
4998,987,PCK7
4999,988,PCC100
5013,989,UPC53
5014,990,UPC54
5015,991,UPC55
5016,992,UPC56
5017,993,CHM110
5018,994,CHM111
5025,995,PME2
5026,996,PME13
5027,997,PMM7
5028,998,ATK2
5029,999,PME4
5030,1000,ACC340
5031,1001,PCC101
5032,1002,GAS2
5033,1003,GAS3
5039,1004,ADR9
5040,1005,ADR10
5041,1006,ADR11
5105,1007,PMC2
5107,1008,PMM10
5141,1009,RBL44
5142,1010,RBL45
5143,1011,RBL46
5144,1012,RBL47
5145,1013,RBL48
5146,1014,RBL49
5147,1015,RBL50
5148,1016,RBL51
5149,1017,RBL52
5150,1018,BAR308
5152,1019,BAR309
5153,1020,BAR310
5154,1021,BAR311
5155,1022,BAR312
5156,1023,BAR313
5157,1024,RBL53
5158,1025,RBL54
5177,1026,RBL55
5178,1027,RBL56
5179,1028,ACC341
5180,1029,ATK3
5181,1030,ATK4
5182,1031,ACC342
5183,1032,PMM8
5184,1033,ACC343
5185,1034,ADR12
5186,1035,RBL57
5187,1036,RBL58
5188,1037,PME7
5189,1038,CRP1
5190,1039,CRP2
5191,1040,PCC102
5192,1041,PME9
5193,1042,PME8
5194,1043,PME10
5195,1044,PME11
5196,1045,PMM11
5197,1046,PCK28
5198,1047,PRM3
5199,1048,PCC103
5200,1049,PCC104
5201,1050,PCC105
5202,1051,PCK29
5203,1052,PCK30
5204,1053,PCK31
5205,1054,PCK32
5206,1055,PCK33
5207,1056,PCK34
5210,1057,PMM12
5211,1058,CHM112
5212,1059,GAS4
5213,1060,CRP3
5214,1061,PMM9
5215,1062,PRE14
5216,1063,PRE15
5217,1064,PRE16
5218,1065,PRE17
5219,1066,ATK6
5220,1067,ATK7
5221,1068,ATK8
5222,1069,PCK35
5223,1070,PME18
5224,1071,PRM4
5225,1072,PRM5
5226,1073,GAS5
5227,1074,GAS6
5228,1075,GAS7
5229,1076,PCK36
5230,1077,PCC106
5231,1078,ATK9
5232,1079,ATK10
5233,1080,ATK11
5234,1081,ATK12
5235,1082,ATK13
5236,1083,ATK14
5237,1084,ATK15
5238,1085,ATK16
5239,1086,ATK17
5240,1087,ATK18
5241,1088,PRM6
5242,1089,GAS8
5243,1090,PME19
5244,1091,PRE20
5245,1092,PCK37
5340,1093,ACC344
5341,1094,PME24
5342,1095,CRP4
5343,1096,CRP5
5344,1097,GAS10
5345,1098,PME27
5346,1099,PCC89
5347,1100,PME28
5348,1101,GAMO2
5349,1102,IT1
5350,1103,PME29
5351,1104,PME30
5352,1105,ATK19
5353,1106,ATK20
5354,1107,ATK21
5355,1108,ATK22
5356,1109,ATK23
5357,1110,ATK24
5358,1111,ATK25
5359,1112,ATK26
5360,1113,ATK27
5361,1114,ATK28
5362,1115,ATK29
5422,1116,PME31
5423,1117,CHM113
5424,1118,PCC90
5425,1119,CHM114
5427,1120,CRP6
5429,1121,PMM13
5430,1122,PMM14
5432,1123,PMM15
5434,1124,CRP7
5435,1125,CRP8
5436,1126,CRP9
5446,1127,RBL59
5448,1128,RBL60
5449,1129,RBL61
5450,1130,RBL62
5535,1131,GAS11
5536,1132,PMC3
5537,1133,PMC4
5538,1134,PCK38
5539,1135,ACC345
5540,1136,ACC346
5541,1137,ACC347
5542,1138,PME32
5543,1139,CRP10
5544,1140,CRP11
5545,1141,CRP12
5546,1142,CRP13
5547,1143,CRP14
5548,1144,CRP15
5549,1145,PME33
5550,1146,PCC91
5551,1147,CRP16
5552,1148,CRP17
5553,1149,CRP18
5554,1150,CRP19
5555,1151,GAS12
5556,1152,GAS13
5557,1153,VM1
5558,1154,VM2
5559,1155,ATK30
5560,1156,PWM1
5562,1157,GAS14
5563,1158,GAS15
5564,1159,PS1
5565,1160,RBL63
5566,1161,RBL64
5572,1162,UPC57
5579,1163,ATK31
5580,1164,ATK32
5581,1165,ATK33
5582,1166,ATK34
5583,1167,ATK35
5584,1168,ATK36
5585,1169,PMM16
981,1,BLK26
989,2,BLK34
998,3,BLK43
999,4,BLK44
1000,5,BLK45
1002,6,BLK47
1006,7,BLK51
1007,8,BLK52
1009,9,BLK54
1010,10,BLK55
1011,11,BLK56
1012,12,BLK57
1022,13,BLK68
1023,14,BLK69
1024,15,BLK70
1025,16,BLK71
1029,17,BLK75
1030,18,BLK76
1035,19,BLK82
1036,20,BLK83
1038,21,BLK85
1039,22,BLK86
1040,23,BLK87
1041,24,BLK88
1042,25,BLK89
1043,26,BLK90
1044,27,BLK91
1045,28,BLK92
1046,29,BLK93
1047,30,BLK94
1048,31,BLK95
1049,32,BLK96
1050,33,BLK97
1051,34,BLK98
1052,35,BLK99
1053,36,BLK100
1054,37,BLK101
1055,38,BLK102
1056,39,BLK103
1057,40,BLK104
1058,41,BLK105
1059,42,BLK106
1060,43,BLK107
1061,44,BLK108
1062,45,BLK109
1063,46,BLK110
1064,47,BLK111
1065,48,BLK112
1066,49,BLK113
1067,50,BLK114
1068,51,BLK115
1069,52,BLK116
1071,53,BLK118
1073,54,BLK120
1074,55,BLK121
1075,56,BLK122
1076,57,BLK123
1077,58,BLK124
1079,59,BLK126
1080,60,BLK127
1081,61,BLK128
1082,62,BLK129
1083,63,BLK130
1084,64,BLK131
1085,65,BLK132
1086,66,BLK133
1087,67,BLK134
1088,68,BLK135
1091,69,BLK138
1092,70,BLK139
1093,71,BLK140
1094,72,BLK141
1095,73,BLK142
1096,74,BLK143
1097,75,BLK144
1098,76,BLK145
1099,77,BLK146
1102,78,BLK149
1104,79,BLK151
1105,80,BLK152
1108,81,BLK155
1109,82,BLK156
1110,83,BLK157
1111,84,BLK158
1112,85,BLK159
1113,86,BLK160
1114,87,BLK161
1115,88,BLK162
1116,89,BLK163
1117,90,BLK164
1118,91,BLK165
1120,92,BLK167
1121,93,BLK168
1122,94,BLK169
1123,95,BLK170
1126,96,BLK173
1128,97,BLK176
1129,98,BLK177
1132,99,BLK180
1134,100,BLK182
1141,101,BLK189
1142,102,BLK190
1143,103,BLK191
1144,104,BLK192
1145,105,BLK193
1146,106,BLK194
1147,107,BLK195
1148,108,BLK196
1149,109,BLK197
1150,110,BLK198
1151,111,BLK199
1153,112,BLK201
1154,113,BLK202
1155,114,BLK203
1156,115,BLK204
1157,116,BLK205
1158,117,BLK206
1161,118,BLK209
1162,119,BLK210
1163,120,BLK211
1164,121,BLK213
1166,122,BLK215
1167,123,BLK216
1169,124,BLK218
1170,125,BLK219
1171,126,BLK220
1172,127,BLK221
1173,128,BLK222
1174,129,BLK223
1175,130,BLK224
1176,131,BLK225
1177,132,BLK226
1178,133,BLK228
1179,134,BLK229
1180,135,BLK230
1181,136,BLK231
1182,137,BLK232
1183,138,BLK233
1184,139,BLK234
1185,140,BLK235
1190,141,BLK240
1191,142,BLK241
1192,143,BLK242
1193,144,BLK243
1194,145,BLK244
1195,146,BLK245
1211,147,BLK261
1214,148,BLK264
1216,149,BLK266
1224,150,BLK274
1227,151,BLK277
1230,152,BLK280
1231,153,BLK281
1233,154,BLK283
1237,155,BLK287
1238,156,BLK288
1242,157,BLK292
1245,158,BLK295
1253,159,BLK303
1256,160,BLK306
1257,161,BLK307
1262,162,BLK312
1264,163,BLK314
1266,164,BLK316
1272,165,BLK322
1273,166,BLK323
1303,167,BLK354
1312,168,BLK363
1313,169,BLK364
1314,170,BLK365
1315,171,BLK366
1316,172,BLK367
1317,173,BLK369
1318,174,BLK370
1319,175,BLK371
1320,176,BLK372
1322,177,BLK374
1323,178,BLK375
1325,179,BLK377
1326,180,BLK378
1328,181,BLK380
1364,182,BLK416
1365,183,BLK417
1366,184,BLK418
1367,185,BLK419
1372,186,BLK424
1379,187,BLK432
1383,188,BLK436
1387,189,BLK441
1453,190,BLK508
1520,191,BLK576
1521,192,BLK577
1522,193,BLK578
1523,194,BLK579
1524,195,BLK580
1525,196,BLK581
1530,197,BLK586
1544,198,BLK600
1545,199,BLK601
1552,200,BLK608
1559,201,BLK615
1563,202,BLK619
1568,203,BLK624
1574,204,BLK630
1583,205,BLK639
4981,206,BLK645
4992,207,BLK654
4994,208,BLK656
4997,209,BLK658
5001,210,BLK660
5002,211,BLK661
5003,212,BLK662
5004,213,BLK663
5005,214,BLK664
5006,215,BLK665
5011,216,BLK670
5034,217,BLK671
5086,218,BLK699
5089,219,BLK702
5091,220,BLK704
5092,221,BLK705
5093,222,BLK706
5094,223,BLK707
5095,224,BLK708
5096,225,BLK709
5097,226,BLK710
5098,227,BLK711
5099,228,BLK712
5100,229,BLK713
5103,230,BLK716
5106,231,BLK718
5110,232,BLK719
5113,233,BLK720
5119,234,BLK722
5122,235,BLK725
5123,236,BLK726
5128,237,BLK731
5131,238,BLK734
5132,239,BLK735
5133,240,BLK736
5135,241,BLK738
5136,242,BLK739
5138,243,BLK741
5139,244,BLK742
1598,2,CRE0N
1598,1,CRE0U
1600,4,CRE1N
1600,3,CRE1U
1602,6,CRE2N
1602,5,CRE2U
1604,8,CRE3N
1604,7,CRE3U
1606,10,CRE4N
1606,9,CRE4U
1608,12,CRE5N
1608,11,CRE5U
1610,14,CRE6N
1610,13,CRE6U
1612,16,CRE7N
1612,15,CRE7U
1614,18,CRE8N
1614,17,CRE8U
1616,20,CRE9N
1616,19,CRE9U
1618,22,CRE10N
1618,21,CRE10U
1620,24,CRE11N
1620,23,CRE11U
1622,26,CRE12N
1622,25,CRE12U
1624,28,CRE13N
1624,27,CRE13U
1626,30,CRE14N
1626,29,CRE14U
1628,32,CRE15N
1628,31,CRE15U
1630,34,CRE16N
1630,33,CRE16U
1632,36,CRE17N
1632,35,CRE17U
1634,38,CRE18N
1634,37,CRE18U
1636,40,CRE19N
1636,39,CRE19U
1638,42,CRE20N
1638,41,CRE20U
1640,44,CRE21N
1640,43,CRE21U
1642,46,CRE22N
1642,45,CRE22U
1644,48,CRE23N
1644,47,CRE23U
1646,50,CRE24N
1646,49,CRE24U
1648,52,CRE25N
1648,51,CRE25U
1650,54,CRE26N
1650,53,CRE26U
1652,56,CRE27N
1652,55,CRE27U
1654,58,CRE28N
1654,57,CRE28U
1656,60,CRE29N
1656,59,CRE29U
1658,62,CRE30N
1658,61,CRE30U
1660,64,CRE31N
1660,63,CRE31U
1662,66,CRE32N
1662,65,CRE32U
1664,68,CRE33N
1664,67,CRE33U
1666,70,CRE34N
1666,69,CRE34U
1668,72,CRE35N
1668,71,CRE35U
1670,74,CRE36N
1670,73,CRE36U
1672,76,CRE37N
1672,75,CRE37U
1674,78,CRE38N
1674,77,CRE38U
1676,80,CRE39N
1676,79,CRE39U
1678,82,CRE40N
1678,81,CRE40U
1680,84,CRE41N
1680,83,CRE41U
1682,86,CRE42N
1682,85,CRE42U
1684,88,CRE43N
1684,87,CRE43U
1686,90,CRE44N
1686,89,CRE44U
1688,92,CRE45N
1688,91,CRE45U
1690,94,CRE46N
1690,93,CRE46U
1692,96,CRE47N
1692,95,CRE47U
1694,98,CRE48N
1694,97,CRE48U
1696,100,CRE49N
1696,99,CRE49U
1698,102,CRE50N
1698,101,CRE50U
1700,104,CRE51N
1700,103,CRE51U
1702,106,CRE52N
1702,105,CRE52U
1704,108,CRE53N
1704,107,CRE53U
1706,110,CRE54N
1706,109,CRE54U
1708,112,CRE55N
1708,111,CRE55U
1710,114,CRE56N
1710,113,CRE56U
1712,116,CRE57N
1712,115,CRE57U
1714,118,CRE58N
1714,117,CRE58U
1716,120,CRE59N
1716,119,CRE59U
1718,122,CRE60N
1718,121,CRE60U
1720,124,CRE61N
1720,123,CRE61U
1722,126,CRE62N
1722,125,CRE62U
1724,128,CRE63N
1724,127,CRE63U
1726,130,CRE64N
1726,129,CRE64U
1728,132,CRE65N
1728,131,CRE65U
1730,134,CRE66N
1730,133,CRE66U
1732,136,CRE67N
1732,135,CRE67U
1734,138,CRE68N
1734,137,CRE68U
1736,140,CRE69N
1736,139,CRE69U
1740,142,CRE71N
1740,141,CRE71U
1742,144,CRE72N
1742,143,CRE72U
1744,146,CRE73N
1744,145,CRE73U
1746,148,CRE74N
1746,147,CRE74U
1748,150,CRE75N
1748,149,CRE75U
1750,152,CRE76N
1750,151,CRE76U
1752,154,CRE77N
1752,153,CRE77U
1754,156,CRE78N
1754,155,CRE78U
1756,158,CRE79N
1756,157,CRE79U
1758,160,CRE80N
1758,159,CRE80U
1760,162,CRE81N
1760,161,CRE81U
1762,164,CRE82N
1762,163,CRE82U
1764,166,CRE83N
1764,165,CRE83U
1766,168,CRE84N
1766,167,CRE84U
1768,170,CRE85N
1768,169,CRE85U
1770,172,CRE86N
1770,171,CRE86U
1772,174,CRE87N
1772,173,CRE87U
1774,176,CRE88N
1774,175,CRE88U
1776,178,CRE89N
1776,177,CRE89U
1778,180,CRE90N
1778,179,CRE90U
1780,182,CRE91N
1780,181,CRE91U
1782,184,CRE92N
1782,183,CRE92U
1784,186,CRE93N
1784,185,CRE93U
1786,188,CRE94N
1786,187,CRE94U
1788,190,CRE95N
1788,189,CRE95U
1790,192,CRE96N
1790,191,CRE96U
1792,194,CRE97N
1792,193,CRE97U
1794,196,CRE98N
1794,195,CRE98U
1796,198,CRE99N
1796,197,CRE99U
1798,200,CRE100N
1798,199,CRE100U
1800,202,CRE101N
1800,201,CRE101U
1802,204,CRE102N
1802,203,CRE102U
1804,206,CRE103N
1804,205,CRE103U
1806,208,CRE104N
1806,207,CRE104U
1808,210,CRE105N
1808,209,CRE105U
1810,212,CRE106N
1810,211,CRE106U
1812,214,CRE107N
1812,213,CRE107U
1814,216,CRE108N
1814,215,CRE108U
1816,218,CRE109N
1816,217,CRE109U
1818,220,CRE110N
1818,219,CRE110U
1820,222,CRE111N
1820,221,CRE111U
1822,224,CRE112N
1822,223,CRE112U
1824,226,CRE113N
1824,225,CRE113U
1826,228,CRE114N
1826,227,CRE114U
1828,230,CRE115N
1828,229,CRE115U
1830,232,CRE116N
1830,231,CRE116U
1832,234,CRE117N
1832,233,CRE117U
1834,236,CRE118N
1834,235,CRE118U
1836,238,CRE119N
1836,237,CRE119U
1838,240,CRE120N
1838,239,CRE120U
1840,242,CRE121N
1840,241,CRE121U
1842,244,CRE122N
1842,243,CRE122U
1844,246,CRE123N
1844,245,CRE123U
1846,248,CRE124N
1846,247,CRE124U
1848,250,CRE125N
1848,249,CRE125U
1852,252,CRE127N
1852,251,CRE127U
1854,254,CRE128N
1854,253,CRE128U
1856,256,CRE129N
1856,255,CRE129U
1858,258,CRE130N
1858,257,CRE130U
1860,260,CRE131N
1860,259,CRE131U
1862,262,CRE132N
1862,261,CRE132U
1864,264,CRE133N
1864,263,CRE133U
1866,266,CRE134N
1866,265,CRE134U
1868,268,CRE135N
1868,267,CRE135U
1870,270,CRE136N
1870,269,CRE136U
1872,272,CRE137N
1872,271,CRE137U
1874,274,CRE138N
1874,273,CRE138U
1876,276,CRE139N
1876,275,CRE139U
1878,278,CRE140N
1878,277,CRE140U
1892,280,CRE147N
1892,279,CRE147U
1900,282,CRE151N
1900,281,CRE151U
1922,284,CRE162N
1922,283,CRE162U
1924,286,CRE163N
1924,285,CRE163U
1928,288,CRE165N
1928,287,CRE165U
1930,290,CRE166N
1930,289,CRE166U
1932,292,CRE167N
1932,291,CRE167U
1934,294,CRE168N
1934,293,CRE168U
1940,296,CRE171N
1940,295,CRE171U
1942,298,CRE172N
1942,297,CRE172U
1946,300,CRE174N
1946,299,CRE174U
1948,302,CRE175N
1948,301,CRE175U
1950,304,CRE176N
1950,303,CRE176U
1952,306,CRE177N
1952,305,CRE177U
1954,308,CRE178N
1954,307,CRE178U
1956,310,CRE179N
1956,309,CRE179U
1958,312,CRE180N
1958,311,CRE180U
1960,314,CRE181N
1960,313,CRE181U
1962,316,CRE182N
1962,315,CRE182U
1964,318,CRE183N
1964,317,CRE183U
1966,320,CRE184N
1966,319,CRE184U
1968,322,CRE185N
1968,321,CRE185U
1970,324,CRE186N
1970,323,CRE186U
1972,326,CRE187N
1972,325,CRE187U
1974,328,CRE188N
1974,327,CRE188U
1976,330,CRE189N
1976,329,CRE189U
1978,332,CRE190N
1978,331,CRE190U
1980,334,CRE191N
1980,333,CRE191U
1982,336,CRE192N
1982,335,CRE192U
1984,338,CRE193N
1984,337,CRE193U
1986,340,CRE194N
1986,339,CRE194U
1988,342,CRE195N
1988,341,CRE195U
1990,344,CRE196N
1990,343,CRE196U
1992,346,CRE197N
1992,345,CRE197U
1994,348,CRE198N
1994,347,CRE198U
1996,350,CRE199N
1996,349,CRE199U
1998,352,CRE200N
1998,351,CRE200U
2000,354,CRE201N
2000,353,CRE201U
2002,356,CRE202N
2002,355,CRE202U
2004,358,CRE203N
2004,357,CRE203U
2006,360,CRE204N
2006,359,CRE204U
2008,362,CRE205N
2008,361,CRE205U
2010,364,CRE206N
2010,363,CRE206U
2012,366,CRE207N
2012,365,CRE207U
2014,368,CRE208N
2014,367,CRE208U
2016,370,CRE209N
2016,369,CRE209U
2018,372,CRE210N
2018,371,CRE210U
2020,374,CRE211N
2020,373,CRE211U
2022,376,CRE212N
2022,375,CRE212U
2024,378,CRE213N
2024,377,CRE213U
2026,380,CRE214N
2026,379,CRE214U
2028,382,CRE215N
2028,381,CRE215U
2030,384,CRE216N
2030,383,CRE216U
2032,386,CRE217N
2032,385,CRE217U
2034,388,CRE218N
2034,387,CRE218U
2036,390,CRE219N
2036,389,CRE219U
2038,392,CRE220N
2038,391,CRE220U
2040,394,CRE221N
2040,393,CRE221U
2042,396,CRE222N
2042,395,CRE222U
2044,398,CRE223N
2044,397,CRE223U
2046,400,CRE224N
2046,399,CRE224U
2048,402,CRE225N
2048,401,CRE225U
2050,404,CRE226N
2050,403,CRE226U
2052,406,CRE227N
2052,405,CRE227U
2054,408,CRE228N
2054,407,CRE228U
2056,410,CRE229N
2056,409,CRE229U
2058,412,CRE230N
2058,411,CRE230U
2060,414,CRE231N
2060,413,CRE231U
2062,416,CRE232N
2062,415,CRE232U
2064,418,CRE233N
2064,417,CRE233U
2066,420,CRE234N
2066,419,CRE234U
2068,422,CRE235N
2068,421,CRE235U
2070,424,CRE236N
2070,423,CRE236U
2072,426,CRE237N
2072,425,CRE237U
2074,428,CRE238N
2074,427,CRE238U
2076,430,CRE239N
2076,429,CRE239U
2078,432,CRE240N
2078,431,CRE240U
2080,434,CRE241N
2080,433,CRE241U
2082,436,CRE242N
2082,435,CRE242U
2084,438,CRE243N
2084,437,CRE243U
2086,440,CRE244N
2086,439,CRE244U
2088,442,CRE245N
2088,441,CRE245U
2090,444,CRE246N
2090,443,CRE246U
2092,446,CRE247N
2092,445,CRE247U
2094,448,CRE248N
2094,447,CRE248U
2096,450,CRE249N
2096,449,CRE249U
2098,452,CRE250N
2098,451,CRE250U
2100,454,CRE251N
2100,453,CRE251U
2102,456,CRE252N
2102,455,CRE252U
2104,458,CRE253N
2104,457,CRE253U
2106,460,CRE254N
2106,459,CRE254U
2108,462,CRE255N
2108,461,CRE255U
2110,464,CRE256N
2110,463,CRE256U
2112,466,CRE257N
2112,465,CRE257U
2114,468,CRE258N
2114,467,CRE258U
2116,470,CRE259N
2116,469,CRE259U
2118,472,CRE260N
2118,471,CRE260U
2120,474,CRE261N
2120,473,CRE261U
2122,476,CRE262N
2122,475,CRE262U
2124,478,CRE263N
2124,477,CRE263U
2126,480,CRE264N
2126,479,CRE264U
2128,482,CRE265N
2128,481,CRE265U
2130,484,CRE266N
2130,483,CRE266U
2132,486,CRE267N
2132,485,CRE267U
2134,488,CRE268N
2134,487,CRE268U
2136,490,CRE269N
2136,489,CRE269U
2138,492,CRE270N
2138,491,CRE270U
2140,494,CRE271N
2140,493,CRE271U
2142,496,CRE272N
2142,495,CRE272U
2144,498,CRE273N
2144,497,CRE273U
2146,500,CRE274N
2146,499,CRE274U
2150,502,CRE276N
2150,501,CRE276U
2152,504,CRE277N
2152,503,CRE277U
2154,506,CRE278N
2154,505,CRE278U
2156,508,CRE279N
2156,507,CRE279U
2158,510,CRE280N
2158,509,CRE280U
2160,512,CRE281N
2160,511,CRE281U
2162,514,CRE282N
2162,513,CRE282U
2164,516,CRE283N
2164,515,CRE283U
2166,518,CRE284N
2166,517,CRE284U
2168,520,CRE285N
2168,519,CRE285U
2170,522,CRE286N
2170,521,CRE286U
2172,524,CRE287N
2172,523,CRE287U
2174,526,CRE288N
2174,525,CRE288U
2176,528,CRE289N
2176,527,CRE289U
2178,530,CRE290N
2178,529,CRE290U
2180,532,CRE291N
2180,531,CRE291U
2182,534,CRE292N
2182,533,CRE292U
2194,536,CRE298N
2194,535,CRE298U
2200,538,CRE301N
2200,537,CRE301U
2202,540,CRE302N
2202,539,CRE302U
2206,542,CRE304N
2206,541,CRE304U
2208,544,CRE305N
2208,543,CRE305U
2210,546,CRE306N
2210,545,CRE306U
2212,548,CRE307N
2212,547,CRE307U
2214,550,CRE308N
2214,549,CRE308U
2216,552,CRE309N
2216,551,CRE309U
2218,554,CRE310N
2218,553,CRE310U
2220,556,CRE311N
2220,555,CRE311U
2222,558,CRE312N
2222,557,CRE312U
2224,560,CRE313N
2224,559,CRE313U
2226,562,CRE314N
2226,561,CRE314U
2228,564,CRE315N
2228,563,CRE315U
2230,566,CRE316N
2230,565,CRE316U
2232,568,CRE317N
2232,567,CRE317U
2234,570,CRE318N
2234,569,CRE318U
2236,572,CRE319N
2236,571,CRE319U
2238,574,CRE320N
2238,573,CRE320U
2240,576,CRE321N
2240,575,CRE321U
2246,578,CRE324N
2246,577,CRE324U
2248,580,CRE325N
2248,579,CRE325U
2250,582,CRE326N
2250,581,CRE326U
2252,584,CRE327N
2252,583,CRE327U
2254,586,CRE328N
2254,585,CRE328U
2256,588,CRE329N
2256,587,CRE329U
2258,590,CRE330N
2258,589,CRE330U
2260,592,CRE331N
2260,591,CRE331U
2262,594,CRE332N
2262,593,CRE332U
2264,596,CRE333N
2264,595,CRE333U
2266,598,CRE334N
2266,597,CRE334U
2268,600,CRE335N
2268,599,CRE335U
2270,602,CRE336N
2270,601,CRE336U
2272,604,CRE337N
2272,603,CRE337U
2274,606,CRE338N
2274,605,CRE338U
2276,608,CRE339N
2276,607,CRE339U
2278,610,CRE340N
2278,609,CRE340U
2280,612,CRE341N
2280,611,CRE341U
2282,614,CRE342N
2282,613,CRE342U
2284,616,CRE343N
2284,615,CRE343U
2286,618,CRE344N
2286,617,CRE344U
2288,620,CRE345N
2288,619,CRE345U
2290,622,CRE346N
2290,621,CRE346U
2292,624,CRE347N
2292,623,CRE347U
2294,626,CRE352N
2294,625,CRE352U
2296,628,CRE353N
2296,627,CRE353U
2298,630,CRE354N
2298,629,CRE354U
2302,632,CRE356N
2302,631,CRE356U
2312,634,CRE361N
2312,633,CRE361U
2318,636,CRE364N
2318,635,CRE364U
2320,638,CRE365N
2320,637,CRE365U
2322,640,CRE366N
2322,639,CRE366U
2324,642,CRE367N
2324,641,CRE367U
2326,644,CRE368N
2326,643,CRE368U
2328,646,CRE369N
2328,645,CRE369U
2330,648,CRE370N
2330,647,CRE370U
2332,650,CRE371N
2332,649,CRE371U
2334,652,CRE372N
2334,651,CRE372U
2336,654,CRE373N
2336,653,CRE373U
2338,656,CRE374N
2338,655,CRE374U
2340,658,CRE375N
2340,657,CRE375U
2342,660,CRE376N
2342,659,CRE376U
2344,662,CRE377N
2344,661,CRE377U
2346,664,CRE378N
2346,663,CRE378U
2348,666,CRE379N
2348,665,CRE379U
2350,668,CRE380N
2350,667,CRE380U
2352,670,CRE381N
2352,669,CRE381U
2354,672,CRE382N
2354,671,CRE382U
2356,674,CRE383N
2356,673,CRE383U
2358,676,CRE384N
2358,675,CRE384U
2360,678,CRE385N
2360,677,CRE385U
2362,680,CRE386N
2362,679,CRE386U
2364,682,CRE387N
2364,681,CRE387U
2366,684,CRE388N
2366,683,CRE388U
2368,686,CRE389N
2368,685,CRE389U
2370,688,CRE390N
2370,687,CRE390U
2372,690,CRE391N
2372,689,CRE391U
2374,692,CRE392N
2374,691,CRE392U
2376,694,CRE393N
2376,693,CRE393U
2384,696,CRE397N
2384,695,CRE397U
2388,698,CRE399N
2388,697,CRE399U
2404,700,CRE407N
2404,699,CRE407U
2408,702,CRE409N
2408,701,CRE409U
2414,704,CRE412N
2414,703,CRE412U
2416,706,CRE413N
2416,705,CRE413U
2418,708,CRE414N
2418,707,CRE414U
2420,710,CRE415N
2420,709,CRE415U
2422,712,CRE416N
2422,711,CRE416U
2424,714,CRE417N
2424,713,CRE417U
2426,716,CRE418N
2426,715,CRE418U
2428,718,CRE419N
2428,717,CRE419U
2430,720,CRE420N
2430,719,CRE420U
2432,722,CRE421N
2432,721,CRE421U
2434,724,CRE422N
2434,723,CRE422U
2436,726,CRE423N
2436,725,CRE423U
2438,728,CRE424N
2438,727,CRE424U
2440,730,CRE425N
2440,729,CRE425U
2442,732,CRE426N
2442,731,CRE426U
2444,734,CRE427N
2444,733,CRE427U
2446,736,CRE428N
2446,735,CRE428U
2448,738,CRE429N
2448,737,CRE429U
2450,740,CRE430N
2450,739,CRE430U
2454,742,CRE432N
2454,741,CRE432U
2460,744,CRE435N
2460,743,CRE435U
2464,746,CRE437N
2464,745,CRE437U
2466,748,CRE438N
2466,747,CRE438U
2468,750,CRE439N
2468,749,CRE439U
2470,752,CRE440N
2470,751,CRE440U
2472,754,CRE441N
2472,753,CRE441U
2474,756,CRE442N
2474,755,CRE442U
2476,758,CRE443N
2476,757,CRE443U
2478,760,CRE444N
2478,759,CRE444U
2480,762,CRE445N
2480,761,CRE445U
2482,764,CRE446N
2482,763,CRE446U
2484,766,CRE447N
2484,765,CRE447U
2486,768,CRE448N
2486,767,CRE448U
2488,770,CRE449N
2488,769,CRE449U
2490,772,CRE450N
2490,771,CRE450U
2492,774,CRE451N
2492,773,CRE451U
2494,776,CRE452N
2494,775,CRE452U
2496,778,CRE453N
2496,777,CRE453U
2498,780,CRE454N
2498,779,CRE454U
2500,782,CRE455N
2500,781,CRE455U
2502,784,CRE456N
2502,783,CRE456U
2508,786,CRE459N
2508,785,CRE459U
2510,788,CRE460N
2510,787,CRE460U
2512,790,CRE461N
2512,789,CRE461U
2514,792,CRE462N
2514,791,CRE462U
2516,794,CRE463N
2516,793,CRE463U
2518,796,CRE464N
2518,795,CRE464U
2520,798,CRE465N
2520,797,CRE465U
2522,800,CRE466N
2522,799,CRE466U
2524,802,CRE467N
2524,801,CRE467U
2526,804,CRE468N
2526,803,CRE468U
2528,806,CRE469N
2528,805,CRE469U
2530,808,CRE470N
2530,807,CRE470U
2532,810,CRE471N
2532,809,CRE471U
2534,812,CRE472N
2534,811,CRE472U
2536,814,CRE473N
2536,813,CRE473U
2542,816,CRE476N
2542,815,CRE476U
2544,818,CRE477N
2544,817,CRE477U
2546,820,CRE478N
2546,819,CRE478U
2560,822,CRE485N
2560,821,CRE485U
2576,824,CRE493N
2576,823,CRE493U
2578,826,CRE494N
2578,825,CRE494U
2580,828,CRE495N
2580,827,CRE495U
2582,830,CRE496N
2582,829,CRE496U
2584,832,CRE497N
2584,831,CRE497U
2586,834,CRE498N
2586,833,CRE498U
2596,836,CRE503N
2596,835,CRE503U
2600,838,CRE505N
2600,837,CRE505U
2604,840,CRE507N
2604,839,CRE507U
2606,842,CRE508N
2606,841,CRE508U
2608,844,CRE509N
2608,843,CRE509U
2610,846,CRE510N
2610,845,CRE510U
2612,848,CRE511N
2612,847,CRE511U
2678,850,CRE544N
2678,849,CRE544U
2680,852,CRE545N
2680,851,CRE545U
2682,854,CRE546N
2682,853,CRE546U
2684,856,CRE547N
2684,855,CRE547U
2686,858,CRE548N
2686,857,CRE548U
2688,860,CRE549N
2688,859,CRE549U
2690,862,CRE550N
2690,861,CRE550U
2692,864,CRE551N
2692,863,CRE551U
2694,866,CRE552N
2694,865,CRE552U
2696,868,CRE553N
2696,867,CRE553U
2698,870,CRE554N
2698,869,CRE554U
2700,872,CRE555N
2700,871,CRE555U
2702,874,CRE556N
2702,873,CRE556U
2704,876,CRE557N
2704,875,CRE557U
2706,878,CRE558N
2706,877,CRE558U
2708,880,CRE559N
2708,879,CRE559U
2710,882,CRE560N
2710,881,CRE560U
2712,884,CRE561N
2712,883,CRE561U
2714,886,CRE562N
2714,885,CRE562U
2716,888,CRE563N
2716,887,CRE563U
2718,890,CRE564N
2718,889,CRE564U
2720,892,CRE565N
2720,891,CRE565U
2722,894,CRE566N
2722,893,CRE566U
2742,896,CRE576N
2742,895,CRE576U
2744,898,CRE577N
2744,897,CRE577U
2746,900,CRE578N
2746,899,CRE578U
2748,902,CRE579N
2748,901,CRE579U
2750,904,CRE580N
2750,903,CRE580U
2752,906,CRE581N
2752,905,CRE581U
2754,908,CRE582N
2754,907,CRE582U
2756,910,CRE583N
2756,909,CRE583U
2776,912,CRE593N
2776,911,CRE593U
2778,914,CRE594N
2778,913,CRE594U
2780,916,CRE595N
2780,915,CRE595U
2782,918,CRE596N
2782,917,CRE596U
2784,920,CRE597N
2784,919,CRE597U
2786,922,CRE598N
2786,921,CRE598U
2788,924,CRE599N
2788,923,CRE599U
2790,926,CRE600N
2790,925,CRE600U
2792,928,CRE601N
2792,927,CRE601U
2794,930,CRE602N
2794,929,CRE602U
2796,932,CRE603N
2796,931,CRE603U
2798,934,CRE604N
2798,933,CRE604U
2800,936,CRE605N
2800,935,CRE605U
2802,938,CRE606N
2802,937,CRE606U
2804,940,CRE607N
2804,939,CRE607U
2806,942,CRE608N
2806,941,CRE608U
2808,944,CRE609N
2808,943,CRE609U
2826,946,CRE618N
2826,945,CRE618U
2862,948,CRE636N
2862,947,CRE636U
2864,950,CRE637N
2864,949,CRE637U
2866,952,CRE638N
2866,951,CRE638U
2868,954,CRE639N
2868,953,CRE639U
2870,956,CRE640N
2870,955,CRE640U
2872,958,CRE641N
2872,957,CRE641U
2874,960,CRE642N
2874,959,CRE642U
2876,962,CRE643N
2876,961,CRE643U
2878,964,CRE644N
2878,963,CRE644U
2884,966,CRE647N
2884,965,CRE647U
2886,968,CRE648N
2886,967,CRE648U
2888,970,CRE649N
2888,969,CRE649U
2892,972,CRE651N
2892,971,CRE651U
2894,974,CRE652N
2894,973,CRE652U
2896,976,CRE653N
2896,975,CRE653U
2898,978,CRE654N
2898,977,CRE654U
2900,980,CRE655N
2900,979,CRE655U
2902,982,CRE656N
2902,981,CRE656U
2904,984,CRE657N
2904,983,CRE657U
2906,986,CRE658N
2906,985,CRE658U
2910,988,CRE660N
2910,987,CRE660U
2912,990,CRE661N
2912,989,CRE661U
2916,992,CRE663N
2916,991,CRE663U
2918,994,CRE664N
2918,993,CRE664U
2920,996,CRE665N
2920,995,CRE665U
2922,998,CRE666N
2922,997,CRE666U
2924,1000,CRE667N
2924,999,CRE667U
2926,1002,CRE668N
2926,1001,CRE668U
2928,1004,CRE669N
2928,1003,CRE669U
2930,1006,CRE670N
2930,1005,CRE670U
2932,1008,CRE671N
2932,1007,CRE671U
2934,1010,CRE672N
2934,1009,CRE672U
2936,1012,CRE673N
2936,1011,CRE673U
2938,1014,CRE674N
2938,1013,CRE674U
2940,1016,CRE675N
2940,1015,CRE675U
2944,1018,CRE677N
2944,1017,CRE677U
2946,1020,CRE678N
2946,1019,CRE678U
2948,1022,CRE679N
2948,1021,CRE679U
2976,1024,CRE693N
2976,1023,CRE693U
2978,1026,CRE694N
2978,1025,CRE694U
2980,1028,CRE695N
2980,1027,CRE695U
2982,1030,CRE696N
2982,1029,CRE696U
2986,1032,CRE698N
2986,1031,CRE698U
2988,1034,CRE699N
2988,1033,CRE699U
2990,1036,CRE700N
2990,1035,CRE700U
2992,1038,CRE701N
2992,1037,CRE701U
2994,1040,CRE702N
2994,1039,CRE702U
2996,1042,CRE703N
2996,1041,CRE703U
2998,1044,CRE704N
2998,1043,CRE704U
3000,1046,CRE705N
3000,1045,CRE705U
3002,1048,CRE706N
3002,1047,CRE706U
3004,1050,CRE707N
3004,1049,CRE707U
3008,1052,CRE709N
3008,1051,CRE709U
3014,1054,CRE712N
3014,1053,CRE712U
3018,1056,CRE714N
3018,1055,CRE714U
3020,1058,CRE715N
3020,1057,CRE715U
3022,1060,CRE716N
3022,1059,CRE716U
3024,1062,CRE717N
3024,1061,CRE717U
3026,1064,CRE718N
3026,1063,CRE718U
3028,1066,CRE719N
3028,1065,CRE719U
3030,1068,CRE720N
3030,1067,CRE720U
3032,1070,CRE721N
3032,1069,CRE721U
3034,1072,CRE722N
3034,1071,CRE722U
3036,1074,CRE723N
3036,1073,CRE723U
3038,1076,CRE724N
3038,1075,CRE724U
3040,1078,CRE725N
3040,1077,CRE725U
3042,1080,CRE726N
3042,1079,CRE726U
3044,1082,CRE727N
3044,1081,CRE727U
3046,1084,CRE728N
3046,1083,CRE728U
3052,1086,CRE731N
3052,1085,CRE731U
3056,1088,CRE733N
3056,1087,CRE733U
3060,1090,CRE735N
3060,1089,CRE735U
3062,1092,CRE736N
3062,1091,CRE736U
3064,1094,CRE737N
3064,1093,CRE737U
3066,1096,CRE738N
3066,1095,CRE738U
3068,1098,CRE739N
3068,1097,CRE739U
3070,1100,CRE740N
3070,1099,CRE740U
3072,1102,CRE741N
3072,1101,CRE741U
3074,1104,CRE742N
3074,1103,CRE742U
3076,1106,CRE743N
3076,1105,CRE743U
3080,1108,CRE745N
3080,1107,CRE745U
3086,1110,CRE748N
3086,1109,CRE748U
3098,1112,CRE754N
3098,1111,CRE754U
3100,1114,CRE755N
3100,1113,CRE755U
3102,1116,CRE756N
3102,1115,CRE756U
3104,1118,CRE757N
3104,1117,CRE757U
3106,1120,CRE758N
3106,1119,CRE758U
3108,1122,CRE759N
3108,1121,CRE759U
3110,1124,CRE760N
3110,1123,CRE760U
3112,1126,CRE761N
3112,1125,CRE761U
3114,1128,CRE762N
3114,1127,CRE762U
3116,1130,CRE763N
3116,1129,CRE763U
3118,1132,CRE764N
3118,1131,CRE764U
3120,1134,CRE765N
3120,1133,CRE765U
3122,1136,CRE766N
3122,1135,CRE766U
3124,1138,CRE767N
3124,1137,CRE767U
3126,1140,CRE768N
3126,1139,CRE768U
5036,1142,CRE769N
5036,1141,CRE769U
5043,1144,CRE770N
5043,1143,CRE770U
5045,1146,CRE771N
5045,1145,CRE771U
5065,1148,CRE772N
5065,1147,CRE772U
5076,1150,CRE773N
5076,1149,CRE773U
5078,1152,CRE774N
5078,1151,CRE774U
5080,1154,CRE775N
5080,1153,CRE775U
5116,1156,CRE776N
5116,1155,CRE776U
5118,1158,CRE777N
5118,1157,CRE777U
5166,1160,CRE779N
5166,1159,CRE779U
5168,1162,CRE780N
5168,1161,CRE780U
5170,1164,CRE781N
5170,1163,CRE781U
5247,1166,CRE782N
5247,1165,CRE782U
5251,1168,CRE783N
5251,1167,CRE783U
5253,1170,CRE784N
5253,1169,CRE784U
5255,1172,CRE785N
5255,1171,CRE785U
5261,1174,CRE786N
5261,1173,CRE786U
5267,1176,CRE787N
5267,1175,CRE787U
5269,1178,CRE788N
5269,1177,CRE788U
5279,1180,CRE789N
5279,1179,CRE789U
5281,1182,CRE790N
5281,1181,CRE790U
5283,1184,CRE791N
5283,1183,CRE791U
5285,1186,CRE792N
5285,1185,CRE792U
5299,1188,CRE793N
5299,1187,CRE793U
5315,1190,CRE794N
5315,1189,CRE794U
5319,1192,CRE795N
5319,1191,CRE795U
5321,1194,CRE796N
5321,1193,CRE796U
5364,1196,CRE798N
5364,1195,CRE798U
5366,1198,CRE799N
5366,1197,CRE799U
5378,1200,CRE801N
5378,1199,CRE801U
5388,1202,CRE802N
5388,1201,CRE802U
5400,1204,CRE803N
5400,1203,CRE803U
5411,1206,CRE804N
5411,1205,CRE804U
5413,1208,CRE805N
5413,1207,CRE805U
5421,1210,CRE806N
5421,1209,CRE806U
5438,1212,CRE807N
5438,1211,CRE807U
5454,1214,CRE808N
5454,1213,CRE808U
5456,1216,CRE809N
5456,1215,CRE809U
5466,1218,CRE810N
5466,1217,CRE810U
5472,1220,CRE811N
5472,1219,CRE811U
5476,1222,CRE812N
5476,1221,CRE812U
5478,1224,CRE813N
5478,1223,CRE813U
5480,1226,CRE814N
5480,1225,CRE814U
5486,1228,CRE815N
5486,1227,CRE815U
5488,1230,CRE816N
5488,1229,CRE816U
5490,1232,CRE817N
5490,1231,CRE817U
5492,1234,CRE818N
5492,1233,CRE818U
5504,1236,CRE819N
5504,1235,CRE819U
5506,1238,CRE820N
5506,1237,CRE820U
5508,1240,CRE821N
5508,1239,CRE821U
5510,1242,CRE822N
5510,1241,CRE822U
5512,1244,CRE823N
5512,1243,CRE823U
5514,1246,CRE824N
5514,1245,CRE824U
5574,1248,CRE825N
5574,1247,CRE825U
5576,1250,CRE826N
5576,1249,CRE826U
3128,2,ROL1N
3127,1,ROL1U
3130,4,ROL2N
3129,3,ROL2U
3132,6,ROL3N
3131,5,ROL3U
3134,8,ROL4N
3133,7,ROL4U
3136,10,ROL5N
3135,9,ROL5U
3138,12,ROL6N
3137,11,ROL6U
3140,14,ROL7N
3139,13,ROL7U
3142,16,ROL8N
3141,15,ROL8U
3144,18,ROL9N
3143,17,ROL9U
3146,20,ROL10N
3145,19,ROL10U
3148,22,ROL11N
3147,21,ROL11U
3150,24,ROL12N
3149,23,ROL12U
3152,26,ROL13N
3151,25,ROL13U
3154,28,ROL14N
3153,27,ROL14U
3156,30,ROL15N
3155,29,ROL15U
3158,32,ROL16N
3157,31,ROL16U
3160,34,ROL17N
3159,33,ROL17U
3162,36,ROL18N
3161,35,ROL18U
3164,38,ROL19N
3163,37,ROL19U
3170,40,ROL22N
3169,39,ROL22U
3172,42,ROL23N
3171,41,ROL23U
3174,44,ROL24N
3173,43,ROL24U
3176,46,ROL25N
3175,45,ROL25U
3178,48,ROL26N
3177,47,ROL26U
3180,50,ROL27N
3179,49,ROL27U
3182,52,ROL28N
3181,51,ROL28U
3184,54,ROL29N
3183,53,ROL29U
3186,56,ROL30N
3185,55,ROL30U
3188,58,ROL31N
3187,57,ROL31U
3190,60,ROL32N
3189,59,ROL32U
3192,62,ROL33N
3191,61,ROL33U
3194,64,ROL34N
3193,63,ROL34U
3196,66,ROL35N
3195,65,ROL35U
3198,68,ROL36N
3197,67,ROL36U
3200,70,ROL37N
3199,69,ROL37U
3202,72,ROL38N
3201,71,ROL38U
3204,74,ROL39N
3203,73,ROL39U
3206,76,ROL40N
3205,75,ROL40U
3208,78,ROL41N
3207,77,ROL41U
3210,80,ROL42N
3209,79,ROL42U
3212,82,ROL43N
3211,81,ROL43U
3214,84,ROL44N
3213,83,ROL44U
3216,86,ROL45N
3215,85,ROL45U
3218,88,ROL46N
3217,87,ROL46U
3220,90,ROL47N
3219,89,ROL47U
3222,92,ROL48N
3221,91,ROL48U
3224,94,ROL49N
3223,93,ROL49U
3226,96,ROL50N
3225,95,ROL50U
3232,98,ROL53N
3231,97,ROL53U
3234,100,ROL54N
3233,99,ROL54U
3236,102,ROL55N
3235,101,ROL55U
3238,104,ROL56N
3237,103,ROL56U
3252,106,ROL63N
3251,105,ROL63U
3256,108,ROL65N
3255,107,ROL65U
3266,110,ROL70N
3265,109,ROL70U
3268,112,ROL71N
3267,111,ROL71U
3270,114,ROL72N
3269,113,ROL72U
3276,116,ROL75N
3275,115,ROL75U
3278,118,ROL76N
3277,117,ROL76U
3280,120,ROL77N
3279,119,ROL77U
3282,122,ROL78N
3281,121,ROL78U
3284,124,ROL79N
3283,123,ROL79U
3286,126,ROL80N
3285,125,ROL80U
3288,128,ROL81N
3287,127,ROL81U
3290,130,ROL82N
3289,129,ROL82U
3294,132,ROL84N
3293,131,ROL84U
3296,134,ROL85N
3295,133,ROL85U
3298,136,ROL86N
3297,135,ROL86U
3300,138,ROL87N
3299,137,ROL87U
3302,140,ROL88N
3301,139,ROL88U
3304,142,ROL89N
3303,141,ROL89U
3306,144,ROL90N
3305,143,ROL90U
3308,146,ROL91N
3307,145,ROL91U
3310,148,ROL92N
3309,147,ROL92U
3312,150,ROL93N
3311,149,ROL93U
3314,152,ROL94N
3313,151,ROL94U
3316,154,ROL95N
3315,153,ROL95U
3318,156,ROL96N
3317,155,ROL96U
3320,158,ROL97N
3319,157,ROL97U
3322,160,ROL98N
3321,159,ROL98U
3324,162,ROL99N
3323,161,ROL99U
3326,164,ROL100N
3325,163,ROL100U
3330,166,ROL102N
3329,165,ROL102U
3332,168,ROL103N
3331,167,ROL103U
3334,170,ROL104N
3333,169,ROL104U
3336,172,ROL105N
3335,171,ROL105U
3342,174,ROL108N
3341,173,ROL108U
3350,176,ROL112N
3349,175,ROL112U
3352,178,ROL113N
3351,177,ROL113U
3354,180,ROL114N
3353,179,ROL114U
3356,182,ROL115N
3355,181,ROL115U
3358,184,ROL116N
3357,183,ROL116U
3360,186,ROL117N
3359,185,ROL117U
3366,188,ROL120N
3365,187,ROL120U
3378,190,ROL126N
3377,189,ROL126U
3380,192,ROL127N
3379,191,ROL127U
3382,194,ROL128N
3381,193,ROL128U
3384,196,ROL129N
3383,195,ROL129U
3386,198,ROL130N
3385,197,ROL130U
3388,200,ROL131N
3387,199,ROL131U
3390,202,ROL132N
3389,201,ROL132U
3392,204,ROL133N
3391,203,ROL133U
3394,206,ROL134N
3393,205,ROL134U
3396,208,ROL135N
3395,207,ROL135U
3398,210,ROL136N
3397,209,ROL136U
3400,212,ROL137N
3399,211,ROL137U
3402,214,ROL138N
3401,213,ROL138U
3404,216,ROL139N
3403,215,ROL139U
3406,218,ROL140N
3405,217,ROL140U
3408,220,ROL141N
3407,219,ROL141U
3414,222,ROL144N
3413,221,ROL144U
3416,224,ROL145N
3415,223,ROL145U
3418,226,ROL146N
3417,225,ROL146U
3420,228,ROL147N
3419,227,ROL147U
3422,230,ROL148N
3421,229,ROL148U
3440,232,ROL157N
3439,231,ROL157U
3442,234,ROL158N
3441,233,ROL158U
3444,236,ROL159N
3443,235,ROL159U
3446,238,ROL160N
3445,237,ROL160U
3448,240,ROL161N
3447,239,ROL161U
3450,242,ROL162N
3449,241,ROL162U
3452,244,ROL163N
3451,243,ROL163U
3454,246,ROL164N
3453,245,ROL164U
3460,248,ROL167N
3459,247,ROL167U
3462,250,ROL168N
3461,249,ROL168U
3466,252,ROL170N
3465,251,ROL170U
3478,254,ROL176N
3477,253,ROL176U
3482,256,ROL178N
3481,255,ROL178U
3492,258,ROL183N
3491,257,ROL183U
3494,260,ROL184N
3493,259,ROL184U
3496,262,ROL185N
3495,261,ROL185U
3498,264,ROL186N
3497,263,ROL186U
3500,266,ROL187N
3499,265,ROL187U
3502,268,ROL188N
3501,267,ROL188U
3504,270,ROL189N
3503,269,ROL189U
3506,272,ROL190N
3505,271,ROL190U
3508,274,ROL191N
3507,273,ROL191U
3510,276,ROL192N
3509,275,ROL192U
3512,278,ROL193N
3511,277,ROL193U
3514,280,ROL194N
3513,279,ROL194U
3516,282,ROL195N
3515,281,ROL195U
3520,284,ROL197N
3519,283,ROL197U
3522,286,ROL198N
3521,285,ROL198U
3524,288,ROL199N
3523,287,ROL199U
3526,290,ROL200N
3525,289,ROL200U
3528,292,ROL201N
3527,291,ROL201U
3534,294,ROL204N
3533,293,ROL204U
3540,296,ROL207N
3539,295,ROL207U
3546,298,ROL210N
3545,297,ROL210U
3556,300,ROL215N
3555,299,ROL215U
3566,302,ROL220N
3565,301,ROL220U
3580,304,ROL227N
3579,303,ROL227U
3586,306,ROL230N
3585,305,ROL230U
3588,308,ROL231N
3587,307,ROL231U
3590,310,ROL232N
3589,309,ROL232U
3592,312,ROL233N
3591,311,ROL233U
3594,314,ROL234N
3593,313,ROL234U
3596,316,ROL235N
3595,315,ROL235U
3598,318,ROL236N
3597,317,ROL236U
3600,320,ROL237N
3599,319,ROL237U
3602,322,ROL238N
3601,321,ROL238U
3604,324,ROL239N
3603,323,ROL239U
3606,326,ROL240N
3605,325,ROL240U
3608,328,ROL241N
3607,327,ROL241U
3610,330,ROL242N
3609,329,ROL242U
3614,332,ROL244N
3613,331,ROL244U
3618,334,ROL246N
3617,333,ROL246U
3620,336,ROL247N
3619,335,ROL247U
3622,338,ROL248N
3621,337,ROL248U
3624,340,ROL249N
3623,339,ROL249U
3626,342,ROL250N
3625,341,ROL250U
3628,344,ROL251N
3627,343,ROL251U
3630,346,ROL252N
3629,345,ROL252U
3632,348,ROL253N
3631,347,ROL253U
3634,350,ROL254N
3633,349,ROL254U
3636,352,ROL255N
3635,351,ROL255U
3638,354,ROL256N
3637,353,ROL256U
3640,356,ROL257N
3639,355,ROL257U
3642,358,ROL258N
3641,357,ROL258U
3650,360,ROL262N
3649,359,ROL262U
3654,362,ROL264N
3653,361,ROL264U
3658,364,ROL266N
3657,363,ROL266U
3666,366,ROL270N
3665,365,ROL270U
3668,368,ROL271N
3667,367,ROL271U
3670,370,ROL272N
3669,369,ROL272U
3672,372,ROL273N
3671,371,ROL273U
3674,374,ROL274N
3673,373,ROL274U
3676,376,ROL275N
3675,375,ROL275U
3678,378,ROL276N
3677,377,ROL276U
3680,380,ROL277N
3679,379,ROL277U
3684,382,ROL279N
3683,381,ROL279U
3686,384,ROL280N
3685,383,ROL280U
3688,386,ROL281N
3687,385,ROL281U
3690,388,ROL282N
3689,387,ROL282U
3692,390,ROL283N
3691,389,ROL283U
3694,392,ROL284N
3693,391,ROL284U
3702,394,ROL288N
3701,393,ROL288U
3704,396,ROL289N
3703,395,ROL289U
3706,398,ROL290N
3705,397,ROL290U
3708,400,ROL291N
3707,399,ROL291U
3710,402,ROL292N
3709,401,ROL292U
3714,404,ROL294N
3713,403,ROL294U
3716,406,ROL295N
3715,405,ROL295U
3718,408,ROL296N
3717,407,ROL296U
3720,410,ROL297N
3719,409,ROL297U
3722,412,ROL298N
3721,411,ROL298U
3724,414,ROL299N
3723,413,ROL299U
3726,416,ROL300N
3725,415,ROL300U
3728,418,ROL301N
3727,417,ROL301U
3730,420,ROL302N
3729,419,ROL302U
3732,422,ROL303N
3731,421,ROL303U
3734,424,ROL304N
3733,423,ROL304U
3736,426,ROL305N
3735,425,ROL305U
3738,428,ROL306N
3737,427,ROL306U
3740,430,ROL307N
3739,429,ROL307U
3742,432,ROL308N
3741,431,ROL308U
3744,434,ROL309N
3743,433,ROL309U
3746,436,ROL310N
3745,435,ROL310U
3748,438,ROL311N
3747,437,ROL311U
3750,440,ROL312N
3749,439,ROL312U
3752,442,ROL313N
3751,441,ROL313U
3754,444,ROL314N
3753,443,ROL314U
3756,446,ROL315N
3755,445,ROL315U
3758,448,ROL316N
3757,447,ROL316U
3760,450,ROL317N
3759,449,ROL317U
3762,452,ROL318N
3761,451,ROL318U
3764,454,ROL319N
3763,453,ROL319U
3766,456,ROL320N
3765,455,ROL320U
3768,458,ROL321N
3767,457,ROL321U
3770,460,ROL322N
3769,459,ROL322U
3772,462,ROL323N
3771,461,ROL323U
3774,464,ROL324N
3773,463,ROL324U
3776,466,ROL325N
3775,465,ROL325U
3778,468,ROL326N
3777,467,ROL326U
3780,470,ROL327N
3779,469,ROL327U
3782,472,ROL328N
3781,471,ROL328U
3784,474,ROL329N
3783,473,ROL329U
3786,476,ROL330N
3785,475,ROL330U
3788,478,ROL331N
3787,477,ROL331U
3790,480,ROL332N
3789,479,ROL332U
3792,482,ROL333N
3791,481,ROL333U
3794,484,ROL334N
3793,483,ROL334U
3796,486,ROL335N
3795,485,ROL335U
3798,488,ROL336N
3797,487,ROL336U
3800,490,ROL337N
3799,489,ROL337U
3802,492,ROL338N
3801,491,ROL338U
3804,494,ROL339N
3803,493,ROL339U
3806,496,ROL340N
3805,495,ROL340U
3808,498,ROL341N
3807,497,ROL341U
3810,500,ROL342N
3809,499,ROL342U
3812,502,ROL343N
3811,501,ROL343U
3814,504,ROL344N
3813,503,ROL344U
3816,506,ROL345N
3815,505,ROL345U
3818,508,ROL346N
3817,507,ROL346U
3820,510,ROL347N
3819,509,ROL347U
3822,512,ROL348N
3821,511,ROL348U
3824,514,ROL349N
3823,513,ROL349U
3826,516,ROL350N
3825,515,ROL350U
3866,518,ROL370N
3865,517,ROL370U
3888,520,ROL381N
3887,519,ROL381U
3904,522,ROL389N
3903,521,ROL389U
3906,524,ROL390N
3905,523,ROL390U
3908,526,ROL391N
3907,525,ROL391U
3910,528,ROL392N
3909,527,ROL392U
3912,530,ROL393N
3911,529,ROL393U
3914,532,ROL394N
3913,531,ROL394U
3916,534,ROL395N
3915,533,ROL395U
3918,536,ROL396N
3917,535,ROL396U
3920,538,ROL397N
3919,537,ROL397U
3922,540,ROL398N
3921,539,ROL398U
3926,542,ROL400N
3925,541,ROL400U
3930,544,ROL402N
3929,543,ROL402U
3932,546,ROL403N
3931,545,ROL403U
3934,548,ROL404N
3933,547,ROL404U
3936,550,ROL405N
3935,549,ROL405U
3938,552,ROL406N
3937,551,ROL406U
3940,554,ROL407N
3939,553,ROL407U
3942,556,ROL408N
3941,555,ROL408U
3944,558,ROL409N
3943,557,ROL409U
3946,560,ROL410N
3945,559,ROL410U
3948,562,ROL411N
3947,561,ROL411U
3950,564,ROL412N
3949,563,ROL412U
3952,566,ROL413N
3951,565,ROL413U
3954,568,ROL414N
3953,567,ROL414U
3956,570,ROL415N
3955,569,ROL415U
3958,572,ROL416N
3957,571,ROL416U
3960,574,ROL417N
3959,573,ROL417U
3962,576,ROL418N
3961,575,ROL418U
3964,578,ROL419N
3963,577,ROL419U
3966,580,ROL420N
3965,579,ROL420U
3968,582,ROL421N
3967,581,ROL421U
3970,584,ROL422N
3969,583,ROL422U
3972,586,ROL423N
3971,585,ROL423U
3974,588,ROL424N
3973,587,ROL424U
3976,590,ROL425N
3975,589,ROL425U
3978,592,ROL426N
3977,591,ROL426U
3980,594,ROL427N
3979,593,ROL427U
3982,596,ROL428N
3981,595,ROL428U
3984,598,ROL429N
3983,597,ROL429U
3986,600,ROL430N
3985,599,ROL430U
3988,602,ROL431N
3987,601,ROL431U
3990,604,ROL432N
3989,603,ROL432U
3996,606,ROL435N
3995,605,ROL435U
4000,608,ROL437N
3999,607,ROL437U
4002,610,ROL443N
4001,609,ROL443U
4004,612,ROL444N
4003,611,ROL444U
4006,614,ROL445N
4005,613,ROL445U
4010,616,ROL447N
4009,615,ROL447U
4012,618,ROL448N
4011,617,ROL448U
4020,620,ROL452N
4019,619,ROL452U
4022,622,ROL453N
4021,621,ROL453U
4024,624,ROL454N
4023,623,ROL454U
4026,626,ROL455N
4025,625,ROL455U
4028,628,ROL456N
4027,627,ROL456U
4030,630,ROL457N
4029,629,ROL457U
4032,632,ROL458N
4031,631,ROL458U
4034,634,ROL459N
4033,633,ROL459U
4036,636,ROL460N
4035,635,ROL460U
4038,638,ROL461N
4037,637,ROL461U
4040,640,ROL462N
4039,639,ROL462U
4042,642,ROL463N
4041,641,ROL463U
4044,644,ROL464N
4043,643,ROL464U
4046,646,ROL465N
4045,645,ROL465U
4048,648,ROL466N
4047,647,ROL466U
4050,650,ROL467N
4049,649,ROL467U
4052,652,ROL468N
4051,651,ROL468U
4054,654,ROL469N
4053,653,ROL469U
4056,656,ROL470N
4055,655,ROL470U
4058,658,ROL471N
4057,657,ROL471U
4060,660,ROL472N
4059,659,ROL472U
4062,662,ROL473N
4061,661,ROL473U
4064,664,ROL474N
4063,663,ROL474U
4066,666,ROL475N
4065,665,ROL475U
4068,668,ROL476N
4067,667,ROL476U
4070,670,ROL477N
4069,669,ROL477U
4072,672,ROL478N
4071,671,ROL478U
4074,674,ROL479N
4073,673,ROL479U
4076,676,ROL480N
4075,675,ROL480U
4078,678,ROL481N
4077,677,ROL481U
4080,680,ROL482N
4079,679,ROL482U
4082,682,ROL483N
4081,681,ROL483U
4084,684,ROL484N
4083,683,ROL484U
4086,686,ROL485N
4085,685,ROL485U
4088,688,ROL486N
4087,687,ROL486U
4090,690,ROL487N
4089,689,ROL487U
4092,692,ROL488N
4091,691,ROL488U
4094,694,ROL489N
4093,693,ROL489U
4096,696,ROL490N
4095,695,ROL490U
4098,698,ROL491N
4097,697,ROL491U
4100,700,ROL492N
4099,699,ROL492U
4102,702,ROL493N
4101,701,ROL493U
4104,704,ROL494N
4103,703,ROL494U
4106,706,ROL495N
4105,705,ROL495U
4108,708,ROL496N
4107,707,ROL496U
4110,710,ROL497N
4109,709,ROL497U
4112,712,ROL498N
4111,711,ROL498U
4114,714,ROL499N
4113,713,ROL499U
4116,716,ROL500N
4115,715,ROL500U
4118,718,ROL501N
4117,717,ROL501U
4120,720,ROL502N
4119,719,ROL502U
4124,722,ROL504N
4123,721,ROL504U
4138,724,ROL511N
4137,723,ROL511U
4140,726,ROL512N
4139,725,ROL512U
4142,728,ROL513N
4141,727,ROL513U
4144,730,ROL514N
4143,729,ROL514U
4146,732,ROL515N
4145,731,ROL515U
4148,734,ROL516N
4147,733,ROL516U
4150,736,ROL517N
4149,735,ROL517U
4152,738,ROL518N
4151,737,ROL518U
4154,740,ROL519N
4153,739,ROL519U
4156,742,ROL520N
4155,741,ROL520U
4158,744,ROL521N
4157,743,ROL521U
4160,746,ROL522N
4159,745,ROL522U
4162,748,ROL523N
4161,747,ROL523U
4164,750,ROL524N
4163,749,ROL524U
4166,752,ROL525N
4165,751,ROL525U
4168,754,ROL526N
4167,753,ROL526U
4170,756,ROL527N
4169,755,ROL527U
4172,758,ROL528N
4171,757,ROL528U
4174,760,ROL529N
4173,759,ROL529U
4176,762,ROL530N
4175,761,ROL530U
4178,764,ROL531N
4177,763,ROL531U
4180,766,ROL532N
4179,765,ROL532U
4182,768,ROL533N
4181,767,ROL533U
4186,770,ROL535N
4185,769,ROL535U
4188,772,ROL536N
4187,771,ROL536U
4192,774,ROL538N
4191,773,ROL538U
4194,776,ROL539N
4193,775,ROL539U
4196,778,ROL540N
4195,777,ROL540U
4200,780,ROL542N
4199,779,ROL542U
4202,782,ROL543N
4201,781,ROL543U
4204,784,ROL544N
4203,783,ROL544U
4212,786,ROL548N
4211,785,ROL548U
4214,788,ROL549N
4213,787,ROL549U
4216,790,ROL550N
4215,789,ROL550U
4218,792,ROL551N
4217,791,ROL551U
4220,794,ROL552N
4219,793,ROL552U
4222,796,ROL553N
4221,795,ROL553U
4228,798,ROL556N
4227,797,ROL556U
4230,800,ROL557N
4229,799,ROL557U
4232,802,ROL558N
4231,801,ROL558U
4234,804,ROL559N
4233,803,ROL559U
4236,806,ROL560N
4235,805,ROL560U
4238,808,ROL561N
4237,807,ROL561U
4240,810,ROL562N
4239,809,ROL562U
4242,812,ROL563N
4241,811,ROL563U
4244,814,ROL564N
4243,813,ROL564U
4246,816,ROL565N
4245,815,ROL565U
4248,818,ROL566N
4247,817,ROL566U
4250,820,ROL567N
4249,819,ROL567U
4252,822,ROL568N
4251,821,ROL568U
4254,824,ROL569N
4253,823,ROL569U
4256,826,ROL570N
4255,825,ROL570U
4258,828,ROL571N
4257,827,ROL571U
4260,830,ROL572N
4259,829,ROL572U
4262,832,ROL573N
4261,831,ROL573U
4264,834,ROL574N
4263,833,ROL574U
4266,836,ROL575N
4265,835,ROL575U
4268,838,ROL576N
4267,837,ROL576U
4270,840,ROL577N
4269,839,ROL577U
4272,842,ROL578N
4271,841,ROL578U
4274,844,ROL579N
4273,843,ROL579U
4276,846,ROL580N
4275,845,ROL580U
4278,848,ROL581N
4277,847,ROL581U
4280,850,ROL582N
4279,849,ROL582U
4282,852,ROL583N
4281,851,ROL583U
4284,854,ROL584N
4283,853,ROL584U
4286,856,ROL585N
4285,855,ROL585U
4288,858,ROL586N
4287,857,ROL586U
4290,860,ROL587N
4289,859,ROL587U
4292,862,ROL588N
4291,861,ROL588U
4294,864,ROL589N
4293,863,ROL589U
4296,866,ROL590N
4295,865,ROL590U
4298,868,ROL591N
4297,867,ROL591U
4300,870,ROL592N
4299,869,ROL592U
4302,872,ROL593N
4301,871,ROL593U
4304,874,ROL594N
4303,873,ROL594U
4306,876,ROL595N
4305,875,ROL595U
4308,878,ROL596N
4307,877,ROL596U
4310,880,ROL597N
4309,879,ROL597U
4314,882,ROL599N
4313,881,ROL599U
4316,884,ROL600N
4315,883,ROL600U
4318,886,ROL601N
4317,885,ROL601U
4320,888,ROL602N
4319,887,ROL602U
4322,890,ROL603N
4321,889,ROL603U
4324,892,ROL604N
4323,891,ROL604U
4326,894,ROL605N
4325,893,ROL605U
4328,896,ROL606N
4327,895,ROL606U
4330,898,ROL607N
4329,897,ROL607U
4332,900,ROL608N
4331,899,ROL608U
4334,902,ROL609N
4333,901,ROL609U
4336,904,ROL610N
4335,903,ROL610U
4338,906,ROL611N
4337,905,ROL611U
4340,908,ROL612N
4339,907,ROL612U
4342,910,ROL613N
4341,909,ROL613U
4346,912,ROL615N
4345,911,ROL615U
4348,914,ROL616N
4347,913,ROL616U
4350,916,ROL617N
4349,915,ROL617U
4360,918,ROL622N
4359,917,ROL622U
4362,920,ROL623N
4361,919,ROL623U
4364,922,ROL624N
4363,921,ROL624U
4366,924,ROL625N
4365,923,ROL625U
4368,926,ROL626N
4367,925,ROL626U
4370,928,ROL627N
4369,927,ROL627U
4372,930,ROL628N
4371,929,ROL628U
4374,932,ROL629N
4373,931,ROL629U
4376,934,ROL630N
4375,933,ROL630U
4378,936,ROL631N
4377,935,ROL631U
4380,938,ROL632N
4379,937,ROL632U
4382,940,ROL633N
4381,939,ROL633U
4384,942,ROL634N
4383,941,ROL634U
4386,944,ROL635N
4385,943,ROL635U
4388,946,ROL636N
4387,945,ROL636U
4390,948,ROL637N
4389,947,ROL637U
4392,950,ROL638N
4391,949,ROL638U
4394,952,ROL639N
4393,951,ROL639U
4396,954,ROL640N
4395,953,ROL640U
4398,956,ROL641N
4397,955,ROL641U
4400,958,ROL642N
4399,957,ROL642U
4402,960,ROL643N
4401,959,ROL643U
4404,962,ROL644N
4403,961,ROL644U
4406,964,ROL645N
4405,963,ROL645U
4408,966,ROL646N
4407,965,ROL646U
4410,968,ROL647N
4409,967,ROL647U
4412,970,ROL648N
4411,969,ROL648U
4414,972,ROL649N
4413,971,ROL649U
4416,974,ROL650N
4415,973,ROL650U
4418,976,ROL651N
4417,975,ROL651U
4420,978,ROL652N
4419,977,ROL652U
4422,980,ROL653N
4421,979,ROL653U
4424,982,ROL654N
4423,981,ROL654U
4426,984,ROL655N
4425,983,ROL655U
4428,986,ROL656N
4427,985,ROL656U
4430,988,ROL657N
4429,987,ROL657U
4432,990,ROL658N
4431,989,ROL658U
4434,992,ROL659N
4433,991,ROL659U
4442,994,ROL663N
4441,993,ROL663U
4444,996,ROL664N
4443,995,ROL664U
4446,998,ROL665N
4445,997,ROL665U
4448,1000,ROL666N
4447,999,ROL666U
4450,1002,ROL667N
4449,1001,ROL667U
4452,1004,ROL668N
4451,1003,ROL668U
4454,1006,ROL669N
4453,1005,ROL669U
4456,1008,ROL670N
4455,1007,ROL670U
4458,1010,ROL671N
4457,1009,ROL671U
4460,1012,ROL672N
4459,1011,ROL672U
4462,1014,ROL673N
4461,1013,ROL673U
4464,1016,ROL674N
4463,1015,ROL674U
4466,1018,ROL675N
4465,1017,ROL675U
4468,1020,ROL676N
4467,1019,ROL676U
4470,1022,ROL677N
4469,1021,ROL677U
4472,1024,ROL678N
4471,1023,ROL678U
4474,1026,ROL679N
4473,1025,ROL679U
4480,1028,ROL682N
4479,1027,ROL682U
4482,1030,ROL683N
4481,1029,ROL683U
4484,1032,ROL684N
4483,1031,ROL684U
4488,1034,ROL686N
4487,1033,ROL686U
4490,1036,ROL687N
4489,1035,ROL687U
4492,1038,ROL688N
4491,1037,ROL688U
4494,1040,ROL689N
4493,1039,ROL689U
4510,1042,ROL697N
4509,1041,ROL697U
4512,1044,ROL698N
4511,1043,ROL698U
4514,1046,ROL699N
4513,1045,ROL699U
4516,1048,ROL700N
4515,1047,ROL700U
4518,1050,ROL701N
4517,1049,ROL701U
4520,1052,ROL702N
4519,1051,ROL702U
4550,1054,ROL717N
4549,1053,ROL717U
4552,1056,ROL718N
4551,1055,ROL718U
4554,1058,ROL719N
4553,1057,ROL719U
4556,1060,ROL720N
4555,1059,ROL720U
4558,1062,ROL721N
4557,1061,ROL721U
4560,1064,ROL722N
4559,1063,ROL722U
4562,1066,ROL723N
4561,1065,ROL723U
4596,1068,ROL740N
4595,1067,ROL740U
4668,1070,ROL776N
4667,1069,ROL776U
4670,1072,ROL777N
4669,1071,ROL777U
4672,1074,ROL778N
4671,1073,ROL778U
4674,1076,ROL779N
4673,1075,ROL779U
4676,1078,ROL780N
4675,1077,ROL780U
4678,1080,ROL781N
4677,1079,ROL781U
4680,1082,ROL782N
4679,1081,ROL782U
4682,1084,ROL783N
4681,1083,ROL783U
4690,1086,ROL787N
4689,1085,ROL787U
4706,1088,ROL795N
4705,1087,ROL795U
4708,1090,ROL796N
4707,1089,ROL796U
4710,1092,ROL797N
4709,1091,ROL797U
4714,1094,ROL799N
4713,1093,ROL799U
4716,1096,ROL800N
4715,1095,ROL800U
4724,1098,ROL804N
4723,1097,ROL804U
4734,1100,ROL809N
4733,1099,ROL809U
4748,1102,ROL816N
4747,1101,ROL816U
4756,1104,ROL820N
4755,1103,ROL820U
4758,1106,ROL821N
4757,1105,ROL821U
4760,1108,ROL822N
4759,1107,ROL822U
4762,1110,ROL823N
4761,1109,ROL823U
4764,1112,ROL824N
4763,1111,ROL824U
4766,1114,ROL825N
4765,1113,ROL825U
4768,1116,ROL826N
4767,1115,ROL826U
4770,1118,ROL827N
4769,1117,ROL827U
4772,1120,ROL828N
4771,1119,ROL828U
4776,1122,ROL830N
4775,1121,ROL830U
4778,1124,ROL831N
4777,1123,ROL831U
4780,1126,ROL832N
4779,1125,ROL832U
4782,1128,ROL833N
4781,1127,ROL833U
4784,1130,ROL834N
4783,1129,ROL834U
4786,1132,ROL835N
4785,1131,ROL835U
4788,1134,ROL836N
4787,1133,ROL836U
4790,1136,ROL837N
4789,1135,ROL837U
4792,1138,ROL838N
4791,1137,ROL838U
4794,1140,ROL839N
4793,1139,ROL839U
4796,1142,ROL840N
4795,1141,ROL840U
4798,1144,ROL841N
4797,1143,ROL841U
4800,1146,ROL842N
4799,1145,ROL842U
4802,1148,ROL843N
4801,1147,ROL843U
4804,1150,ROL844N
4803,1149,ROL844U
4806,1152,ROL845N
4805,1151,ROL845U
4820,1154,ROL852N
4819,1153,ROL852U
4822,1156,ROL853N
4821,1155,ROL853U
4848,1158,ROL866N
4847,1157,ROL866U
4850,1160,ROL867N
4849,1159,ROL867U
4854,1162,ROL869N
4853,1161,ROL869U
4856,1164,ROL870N
4855,1163,ROL870U
4858,1166,ROL871N
4857,1165,ROL871U
4860,1168,ROL872N
4859,1167,ROL872U
4862,1170,ROL873N
4861,1169,ROL873U
4864,1172,ROL874N
4863,1171,ROL874U
4866,1174,ROL875N
4865,1173,ROL875U
4868,1176,ROL876N
4867,1175,ROL876U
4870,1178,ROL877N
4869,1177,ROL877U
4872,1180,ROL878N
4871,1179,ROL878U
4874,1182,ROL879N
4873,1181,ROL879U
4876,1184,ROL880N
4875,1183,ROL880U
4878,1186,ROL881N
4877,1185,ROL881U
4880,1188,ROL882N
4879,1187,ROL882U
4882,1190,ROL883N
4881,1189,ROL883U
4884,1192,ROL884N
4883,1191,ROL884U
4886,1194,ROL885N
4885,1193,ROL885U
4888,1196,ROL886N
4887,1195,ROL886U
4908,1198,ROL896N
4907,1197,ROL896U
4910,1200,ROL897N
4909,1199,ROL897U
4912,1202,ROL898N
4911,1201,ROL898U
4914,1204,ROL899N
4913,1203,ROL899U
4916,1206,ROL900N
4915,1205,ROL900U
4918,1208,ROL901N
4917,1207,ROL901U
4920,1210,ROL902N
4919,1209,ROL902U
4922,1212,ROL903N
4921,1211,ROL903U
4924,1214,ROL904N
4923,1213,ROL904U
4926,1216,ROL905N
4925,1215,ROL905U
4928,1218,ROL906N
4927,1217,ROL906U
4930,1220,ROL907N
4929,1219,ROL907U
4932,1222,ROL908N
4931,1221,ROL908U
4934,1224,ROL909N
4933,1223,ROL909U
4936,1226,ROL910N
4935,1225,ROL910U
4938,1228,ROL911N
4937,1227,ROL911U
4940,1230,ROL912N
4939,1229,ROL912U
4942,1232,ROL913N
4941,1231,ROL913U
4944,1234,ROL914N
4943,1233,ROL914U
4946,1236,ROL915N
4945,1235,ROL915U
4948,1238,ROL916N
4947,1237,ROL916U
4954,1240,ROL919N
4953,1239,ROL919U
5020,1242,ROL920N
5019,1241,ROL920U
5022,1244,ROL921N
5021,1243,ROL921U
5024,1246,ROL922N
5023,1245,ROL922U
5038,1248,ROL923N
5037,1247,ROL923U
5047,1250,ROL924N
5046,1249,ROL924U
5049,1252,ROL925N
5048,1251,ROL925U
5109,1254,ROL926N
5108,1253,ROL926U
5112,1256,ROL927N
5111,1255,ROL927U
5162,1258,ROL928N
5161,1257,ROL928U
5164,1260,ROL929N
5163,1259,ROL929U
5172,1262,ROL930N
5171,1261,ROL930U
5174,1264,ROL931N
5173,1263,ROL931U
5176,1266,ROL932N
5175,1265,ROL932U
5209,1268,ROL933N
5208,1267,ROL933U
5249,1270,ROL934N
5248,1269,ROL934U
5257,1272,ROL935N
5256,1271,ROL935U
5259,1274,ROL936N
5258,1273,ROL936U
5263,1276,ROL937N
5262,1275,ROL937U
5265,1278,ROL938N
5264,1277,ROL938U
5271,1280,ROL939N
5270,1279,ROL939U
5273,1282,ROL940N
5272,1281,ROL940U
5275,1284,ROL941N
5274,1283,ROL941U
5277,1286,ROL942N
5276,1285,ROL942U
5287,1288,ROL943N
5286,1287,ROL943U
5289,1290,ROL944N
5288,1289,ROL944U
5291,1292,ROL945N
5290,1291,ROL945U
5293,1294,ROL946N
5292,1293,ROL946U
5295,1296,ROL947N
5294,1295,ROL947U
5297,1298,ROL948N
5296,1297,ROL948U
5301,1300,ROL949N
5300,1299,ROL949U
5303,1302,ROL950N
5302,1301,ROL950U
5305,1304,ROL951N
5304,1303,ROL951U
5307,1306,ROL952N
5306,1305,ROL952U
5309,1308,ROL953N
5308,1307,ROL953U
5311,1310,ROL954N
5310,1309,ROL954U
5313,1312,ROL955N
5312,1311,ROL955U
5317,1314,ROL956N
5316,1313,ROL956U
5323,1316,ROL957N
5322,1315,ROL957U
5325,1318,ROL958N
5324,1317,ROL958U
5327,1320,ROL959N
5326,1319,ROL959U
5329,1322,ROL960N
5328,1321,ROL960U
5333,1324,ROL961N
5332,1323,ROL961U
5335,1326,ROL962N
5334,1325,ROL962U
5337,1328,ROL963N
5336,1327,ROL963U
5339,1330,ROL964N
5338,1329,ROL964U
5368,1332,ROL965N
5367,1331,ROL965U
5370,1334,ROL966N
5369,1333,ROL966U
5372,1336,ROL967N
5371,1335,ROL967U
5374,1338,ROL968N
5373,1337,ROL968U
5380,1340,ROL969N
5379,1339,ROL969U
5382,1342,ROL970N
5381,1341,ROL970U
5384,1344,ROL971N
5383,1343,ROL971U
5386,1346,ROL972N
5385,1345,ROL972U
5390,1348,ROL973N
5389,1347,ROL973U
5402,1350,ROL974N
5401,1349,ROL974U
5409,1352,ROL975N
5406,1351,ROL975U
5419,1354,ROL976N
5418,1353,ROL976U
5440,1356,ROL977N
5439,1355,ROL977U
5442,1358,ROL978N
5441,1357,ROL978U
5452,1360,ROL979N
5451,1359,ROL979U
5458,1362,ROL980N
5457,1361,ROL980U
5460,1364,ROL981N
5459,1363,ROL981U
5462,1366,ROL982N
5461,1365,ROL982U
5464,1368,ROL983N
5463,1367,ROL983U
5468,1370,ROL984N
5467,1369,ROL984U
5470,1372,ROL985N
5469,1371,ROL985U
5474,1374,ROL986N
5473,1373,ROL986U
5482,1376,ROL987N
5481,1375,ROL987U
5484,1378,ROL988N
5483,1377,ROL988U
5494,1380,ROL989N
5493,1379,ROL989U
5496,1382,ROL990N
5495,1381,ROL990U
5498,1384,ROL991N
5497,1383,ROL991U
5500,1386,ROL992N
5499,1385,ROL992U
5502,1388,ROL993N
5501,1387,ROL993U
5516,1390,ROL994N
5515,1389,ROL994U
5518,1392,ROL995N
5517,1391,ROL995U
5520,1394,ROL996N
5519,1393,ROL996U
5522,1396,ROL997N
5521,1395,ROL997U
5524,1398,ROL998N
5523,1397,ROL998U
5526,1400,ROL999N
5525,1399,ROL999U
5528,1402,ROL1000N
5527,1401,ROL1000U
5530,1404,ROL1001N
5529,1403,ROL1001U
5532,1406,ROL1002N
5531,1405,ROL1002U
5534,1408,ROL1003N
5533,1407,ROL1003U
5578,1410,ROL1004N
5577,1409,ROL1004U
