Id,RollerNo,CoreIdentificationId,DetailId,MaterialCase,CoreBuilderId,RollerTypeId,MachineId,RepairRequestCase,RD,CD,RL,WL,TL,GL,GrooveLength,GrooveQTY,IsJobScheduled,IsDelivered,IsRollerBuilt,IsConfirmed,ConfirmationDate,IsDeleted,CreatedAt,UpdatedAt,DeletedAt
1,,1,5,1,564,3,268,1,64,42,1035,1035,1087,0,0,0,False,False,False,False,,True,2014-12-22 15:17:52,2014-12-22 15:26:46,2014-12-23 13:14:22
2,,1,2,1,8,10,268,1,63,42,1035,1035,1087,0,0,0,False,False,False,False,,True,2014-12-22 15:33:59,,2014-12-22 15:34:11
3,66,1,1,1,564,10,268,1,64,42,1035,1035,1087,0,0,0,False,False,False,False,,True,2014-12-23 13:32:14,2014-12-23 13:37:35,2014-12-29 13:54:11
4,66,1,2,1,564,10,268,1,63,42,1035,1035,1087,0,0,0,False,False,False,False,,True,2014-12-23 13:52:31,,2014-12-29 13:54:18
5,78,1,4,1,567,3,268,3,77,55,1040,1040,1040,0,0,0,False,False,False,False,,True,2014-12-24 08:08:46,2014-12-24 10:11:33,2014-12-29 13:54:23
6,21501102,1,1,2,56,12,227,3,64,42,1035,1035,1087,0,0,0,False,False,True,True,2014-12-05,False,2014-12-29 14:03:41,2015-03-05 20:55:20,
7,25200501,2,1,2,200,8,164,3,70,55,1040,1040,1131,0,0,0,False,False,True,True,2014-12-10,False,2015-01-02 08:08:23,2015-01-23 08:54:20,
8,25201601,2,2,2,201,5,164,3,85,67,1065,1065,1186,0,0,0,True,False,False,True,2014-12-10,False,2015-01-06 09:22:30,2015-01-23 08:53:53,
9,25200601,2,3,2,201,11,164,3,90,70,1040,1040,1274,0,0,0,False,False,True,True,2014-12-10,False,2015-01-06 09:28:33,2015-01-23 08:54:21,
10,25200803,2,4,2,202,3,164,3,120.5,102,1050,1045,1145.8,0,0,0,False,False,True,True,2014-12-10,False,2015-01-06 09:30:22,2015-01-23 08:54:22,
11,21501401,3,1,2,60,9,227,3,58,32,1035,1035,1071,0,0,0,False,False,True,True,2014-12-10,False,2015-01-06 09:46:01,2015-03-05 20:43:27,
12,21501102,3,3,2,56,12,227,3,64,42,1035,1035,1086,0,0,0,False,False,True,True,2014-12-10,False,2015-01-06 10:10:17,2015-03-05 20:44:23,
13,21501201,3,4,2,57,12,227,3,70,52,1035,1035,1086,0,0,0,False,False,True,True,2014-12-10,False,2015-01-06 10:11:17,2015-03-05 20:40:59,
14,,4,1,2,334,10,344,3,76,56,1159,1159,1289,0,0,0,True,False,False,True,2014-12-09,False,2015-01-06 10:19:00,2015-01-23 08:53:48,
15,,4,2,2,331,3,344,3,139,104,1160,1160,1352,0,0,0,True,False,False,True,2014-12-09,False,2015-01-06 10:21:32,2015-01-23 08:53:48,
16,,4,3,2,331,3,344,3,139,100,1158,1158,1350,0,0,0,True,False,False,True,2014-12-09,False,2015-01-06 10:22:08,2015-01-23 08:53:48,
17,,4,4,2,331,3,344,1,139,95,1157,1157,1350,0,0,0,True,False,False,True,2014-12-09,False,2015-01-06 10:22:49,2015-01-23 08:53:48,
18,,8,2,2,231,3,155,3,118,89,1080,1080,1266,0,0,0,True,False,False,True,2014-12-17,False,2015-01-06 10:50:44,2015-01-23 08:54:19,
19,21360501,9,1,2,18,4,316,3,108,84,760,760,760,0,0,0,False,False,True,True,2014-12-17,False,2015-01-06 10:53:48,2015-03-05 20:47:58,
20,,10,7,2,468,11,357,1,88,70,990,980,990,0,0,0,False,False,False,False,,False,2015-01-06 11:01:58,2015-01-06 11:04:22,
21,,10,8,2,468,7,357,3,88,70,990,980,990,0,0,0,False,False,False,False,,False,2015-01-06 11:03:26,,
22,,10,9,2,467,3,74,3,95,78,990,980,990,0,0,0,False,False,False,False,,False,2015-01-06 11:05:17,,
23,,10,10,2,468,11,74,3,88,70,990,980,990,0,0,0,False,False,False,False,,False,2015-01-06 11:07:13,,
24,,10,11,2,468,10,74,3,88,70,965,955,990,0,0,0,False,False,False,False,,False,2015-01-06 11:08:06,,
25,,10,12,2,467,10,74,3,95,78,965,955,990,0,0,0,False,False,False,False,,False,2015-01-06 11:08:57,2015-01-06 11:23:30,
26,,10,13,2,470,10,74,3,105,90,965,955,990,0,0,0,False,False,False,False,,False,2015-01-06 11:19:26,2015-01-06 11:23:19,
27,,10,14,2,469,11,74,3,114,98,965,955,990,0,0,0,False,False,False,False,,False,2015-01-06 11:24:19,,
28,,10,15,2,469,11,74,3,114,98,965,955,990,0,0,0,False,False,False,False,,False,2015-01-06 11:25:05,,
29,,8,1,2,232,3,155,4,110,83,1042,1042,1207,0,0,0,True,False,False,True,2014-12-17,False,2015-01-07 08:40:47,2015-01-23 08:54:19,
30,,11,1,2,259,3,171,1,67,48,900,883,929,0,0,0,False,False,False,False,,False,2015-01-07 09:04:02,2015-01-19 11:10:10,
31,,11,2,2,259,10,171,3,65,47,910,896,927,0,0,0,False,False,False,False,,False,2015-01-07 09:05:23,2015-01-19 11:12:16,
32,,11,3,2,259,6,171,3,66,48,900,883,928,0,0,0,False,False,False,False,,False,2015-01-07 09:07:08,2015-01-19 11:13:19,
33,,11,4,2,259,10,171,3,67,48,908,882,928,0,0,0,False,False,False,False,,False,2015-01-07 09:09:11,2015-01-19 11:14:01,
34,,11,5,2,259,11,171,3,68,48,896,896,927,0,0,0,False,False,False,False,,False,2015-01-07 09:10:08,2015-01-19 11:14:58,
35,,11,6,2,259,11,171,3,68,48,898,898,927,0,0,0,False,False,False,False,,False,2015-01-07 09:11:00,2015-01-19 11:15:47,
36,,11,7,2,283,11,90,1,78,57,914,900,965,0,0,0,False,False,False,False,,False,2015-01-07 09:13:35,2015-01-19 11:16:57,
37,,11,8,2,283,11,90,1,77,61,915,900,965,0,0,0,False,False,False,False,,False,2015-01-07 09:16:25,2015-01-19 11:17:47,
38,,11,9,2,283,11,90,3,78,61,914,900,965,0,0,0,False,False,False,False,,False,2015-01-07 09:18:12,2015-01-19 11:18:31,
39,,11,10,2,282,10,90,1,96,70,915,897,965,0,0,0,False,False,False,False,,False,2015-01-07 09:19:47,2015-01-19 11:19:20,
40,,11,11,2,282,10,90,1,88,72,916,900,965,0,0,0,False,False,False,False,,False,2015-01-07 09:20:45,2015-01-19 11:20:08,
41,,11,12,2,282,3,90,1,88,70,940,940,965,0,0,0,False,False,False,False,,False,2015-01-07 09:21:51,2015-01-19 11:20:47,
42,21361401,12,1,2,22,9,316,3,58,41,733,733,733,0,0,0,True,False,False,True,2014-12-08,False,2015-01-07 09:30:53,2015-01-23 08:54:12,
43,21381101,14,1,2,615,4,5,3,76,61,795,795,827,0,0,0,True,False,False,True,2014-12-11,False,2015-01-07 10:10:17,2015-01-23 08:54:12,
44,21381101,14,2,2,615,4,5,3,75,61,795,795,827,0,0,0,True,False,False,True,2014-12-11,False,2015-01-07 10:11:51,2015-01-23 08:54:12,
45,21370604,15,1,2,32,3,14,3,75,53,750,750,750,0,0,0,True,False,False,True,2014-12-11,False,2015-01-07 10:15:22,2015-01-23 08:54:06,
46,21501101,3,2,2,56,12,227,3,58,42,1035,1035,1087,0,0,0,False,False,True,True,2014-12-10,False,2015-01-08 09:53:52,2015-03-05 20:45:04,
47,21501203,3,5,2,57,12,227,3,76,52,1035,1035,1087,0,0,0,False,False,True,True,2014-12-10,False,2015-01-08 09:56:10,2015-03-05 20:42:26,
48,21501203,3,6,2,57,12,227,3,78,52,1035,1035,1086,0,0,0,False,False,True,True,2014-12-10,False,2015-01-08 09:57:14,2015-03-05 20:41:48,
49,21501102,1,2,2,56,12,227,3,63,42,1035,1035,1087,0,0,0,False,False,True,True,2014-12-05,False,2015-01-14 15:25:58,2015-03-05 20:54:41,
50,21501203,1,3,2,57,12,227,3,79,51,1035,1035,1086,0,0,0,False,False,True,True,2014-12-05,False,2015-01-14 15:28:01,2015-03-05 20:54:01,
51,21500705,1,4,2,53,3,227,3,77,55,1040,1040,1040,0,0,0,False,False,True,True,2014-12-05,False,2015-01-14 15:29:38,2015-03-05 20:58:33,
52,21500705,1,5,2,53,3,227,3,78,53,1039,1039,1039,0,0,0,False,False,True,True,2014-12-05,False,2015-01-14 15:30:47,2015-03-05 20:58:01,
53,21500705,1,6,2,53,3,227,3,77,54,1038,1038,1038,0,0,0,False,False,True,True,2014-12-05,False,2015-01-14 15:31:53,2015-03-05 20:57:28,
54,21500705,1,7,2,53,3,227,3,77,55,1039,1039,1039,0,0,0,False,False,True,True,2014-12-05,False,2015-01-14 15:32:51,2015-03-05 20:56:52,
55,21500705,1,8,2,53,3,227,3,77,53,1038,1038,1038,0,0,0,False,False,True,True,2014-12-05,False,2015-01-14 15:33:43,2015-03-05 20:53:04,
56,21500705,1,9,2,53,3,227,3,77,55,1040,1040,1040,0,0,0,False,False,True,True,2014-12-05,False,2015-01-14 15:34:34,2015-03-05 20:52:32,
57,21500705,1,10,2,53,3,227,3,77,55,1038,1038,1038,0,0,0,False,False,True,True,2014-12-05,False,2015-01-14 15:35:11,2015-03-05 20:51:54,
58,21370201,16,1,2,25,10,14,3,63,45,753,753,814,0,0,0,True,False,False,True,2014-12-01,False,2015-01-14 16:13:48,2015-01-23 08:53:24,
59,21360404,16,2,2,17,3,316,3,74,54,740,740,740,0,0,0,True,False,False,True,2014-12-01,False,2015-01-14 16:15:27,2015-01-23 08:53:24,
60,23220701,13,1,2,766,5,30,2,99,78,1060,1060,1208,0,0,0,True,False,False,True,2014-12-09,False,2015-01-16 15:44:44,2015-01-23 08:54:12,
61,23220701,13,2,2,766,5,30,3,99,78,1060,1060,1208,0,0,0,True,False,False,True,2014-12-09,False,2015-01-16 15:45:56,2015-01-23 08:54:12,
62,24290403,7,1,2,767,10,330,3,74,53,763,760,831,0,0,0,True,False,False,True,2014-12-17,False,2015-01-17 08:03:40,2015-01-23 08:54:24,
63,24291101,7,2,2,768,8,330,3,82,59,763,763,870,0,0,0,True,False,False,True,2014-12-17,False,2015-01-17 08:06:17,2015-01-23 08:54:24,
64,,7,3,2,278,3,89,3,92,80,1020,1003,1020,0,0,0,True,False,False,True,2014-12-17,False,2015-01-17 08:09:28,2015-01-23 08:54:24,
65,,17,1,2,468,10,357,3,87,69,964,953,990,0,0,2,False,True,True,True,2014-12-03,False,2015-01-17 08:35:07,2015-03-23 20:36:34,
66,,17,2,2,469,8,357,3,113,97,963,954,990,0,0,0,False,True,True,True,2014-12-03,False,2015-01-17 08:37:49,2015-03-23 20:36:34,
67,,18,1,2,267,2,78,3,69,47,915,890,927,0,0,0,True,False,False,True,2014-12-01,False,2015-01-17 08:44:00,2015-01-23 08:52:54,
68,,20,1,2,97,12,31,1,90,59,1030,1020,1140,0,0,0,False,False,False,False,,False,2015-01-17 08:45:28,,
69,,19,1,2,308,9,35,3,115,100,1238,1238,1430,0,0,0,False,False,False,True,2014-12-27,False,2015-01-17 08:45:29,,
70,,18,2,2,267,3,78,3,69,47,915,890,934,0,0,0,True,False,False,True,2014-12-01,False,2015-01-17 08:47:08,2015-01-23 08:52:54,
71,,19,2,2,309,10,35,3,135,110,1240,1230,1605,1460,0,0,False,False,False,True,2014-12-27,False,2015-01-17 08:48:13,,
72,,18,3,2,456,11,353,3,70,49,915,890,926,0,0,0,True,False,False,True,2014-12-01,False,2015-01-17 08:48:54,2015-01-23 08:52:54,
73,,20,2,2,500,3,169,3,88,71,940,930,1041,0,0,0,False,False,False,False,,False,2015-01-17 08:54:40,,
74,25202601,21,1,2,206,9,164,3,70,55,1022,1018,1022,0,0,0,True,False,False,True,2014-12-01,False,2015-01-17 09:29:13,2015-01-23 08:53:24,
75,,22,1,2,284,3,7,1,59,35,518,518,604,0,0,0,False,False,False,True,2014-12-01,False,2015-01-17 09:30:28,,
76,,22,2,2,284,3,7,3,59,38,518,518,604,0,0,0,False,False,False,True,2014-12-01,False,2015-01-17 09:31:29,,
77,25202601,21,2,2,206,9,164,3,71,57,1023,1020,1023,0,0,0,True,False,False,True,2014-12-01,False,2015-01-17 09:31:37,2015-01-23 08:53:24,
78,,22,3,2,284,3,7,3,59,32,518,518,604,0,0,0,False,False,False,True,2014-12-01,False,2015-01-17 09:33:19,,
79,21260205,22,4,2,3,3,315,3,54,26,571,571,596,0,0,2,False,False,False,True,2014-12-01,False,2015-01-17 09:36:22,2015-01-19 09:53:23,
80,21260701,22,5,2,285,5,315,3,54,42,532,532,532,0,0,0,False,False,False,True,2014-12-01,False,2015-01-17 09:38:09,2015-01-19 10:02:07,
81,21260701,22,6,2,285,5,315,3,54,42,532,532,532,0,0,0,False,False,False,True,2014-12-01,False,2015-01-17 09:39:10,2015-01-19 10:06:28,
82,21260701,22,7,2,285,5,315,1,54,42,532,532,532,0,0,0,False,False,False,True,2014-12-01,False,2015-01-17 09:40:18,2015-01-19 10:08:02,
83,,24,1,2,420,10,144,3,89,76,1160,1160,1371,0,0,0,False,False,False,True,2014-12-02,False,2015-01-17 09:45:44,2015-01-19 10:48:01,
84,,24,3,2,254,10,128,3,86,59,1165,1165,2014,0,0,0,False,False,False,True,2014-12-02,False,2015-01-17 09:52:02,2015-01-19 10:50:10,
85,,26,8,2,350,3,117,3,129,101,1135,1135,1253,0,0,0,False,False,False,True,2014-12-04,False,2015-01-17 10:10:24,,
86,,26,6,2,353,4,117,3,97,68,1165,1165,1321,0,0,0,False,False,False,True,2014-12-04,False,2015-01-17 10:18:00,,
87,24405603,27,1,2,175,5,235,3,85,59,1107,1107,1204,0,0,0,False,False,False,False,,False,2015-01-17 10:21:08,2015-01-17 10:49:51,
88,,27,2,2,326,3,342,3,90,66,1040,1040,1207,0,0,0,False,False,False,False,,False,2015-01-17 10:23:31,,
89,,27,3,2,465,10,356,3,94,78,908,899,930,0,0,0,False,False,False,False,,False,2015-01-17 10:26:17,,
90,,27,4,2,272,3,85,3,93,79,887,879,933,0,0,0,False,False,False,False,,False,2015-01-17 10:32:10,,
91,,28,1,2,281,3,90,3,88,67,944,944,965,0,0,0,True,False,False,True,2014-12-31,False,2015-01-17 10:32:50,2015-01-23 08:54:42,
92,,29,1,2,239,10,155,1,80,58,1038,1038,1885,0,0,0,False,False,True,True,2014-12-01,False,2015-01-17 10:34:01,2015-03-04 18:09:37,
93,,29,2,2,239,10,155,3,80,50,1036,1036,1886,0,0,0,False,False,True,True,2014-12-01,False,2015-01-17 10:34:48,2015-03-04 18:08:48,
94,,29,3,2,239,10,155,3,85,56,1038,1038,1885,0,0,0,False,False,True,True,2014-12-01,False,2015-01-17 10:35:26,2015-03-04 18:07:57,
95,,27,5,2,466,10,356,1,88,71,907,897,930,0,0,0,False,False,False,False,,False,2015-01-17 10:39:41,,
96,,29,4,2,769,3,155,1,127,98,1035,1035,1205,0,0,0,False,False,True,True,2014-12-01,False,2015-01-17 10:39:50,2015-03-04 18:06:21,
97,,27,6,2,464,8,356,1,113,98,907,900,931,0,0,0,False,False,False,False,,False,2015-01-17 10:43:02,,
98,,27,7,2,466,10,356,3,87,70,910,900,930,0,0,0,False,False,False,False,,False,2015-01-17 10:44:56,,
99,,27,8,2,274,10,85,3,87,62,900,898,933,0,0,0,False,False,False,False,,False,2015-01-17 10:48:18,,
100,,23,1,2,379,10,121,2,90,69,1130,1130,1244,0,0,0,True,False,False,True,2014-12-04,False,2015-01-17 10:48:59,2015-01-23 08:53:36,
101,,27,9,2,274,10,85,3,78,63,934,906,934,0,0,0,False,False,False,False,,False,2015-01-17 10:49:32,,
102,,23,2,2,378,12,121,2,141,112,1117,1117,1297,1118,0,0,True,False,False,True,2014-12-04,False,2015-01-17 10:50:13,2015-01-23 08:53:36,
103,,23,3,2,378,12,121,2,141,112,1117,1117,1297,1118,0,0,True,False,False,True,2014-12-04,False,2015-01-17 10:51:06,2015-01-23 08:53:36,
104,,27,10,2,466,10,356,3,87,70,905,898,930,0,0,0,False,False,False,False,,False,2015-01-17 10:51:51,,
105,,27,11,2,274,11,85,1,88,62,933,905,933,0,0,0,False,False,False,False,,False,2015-01-17 10:53:21,,
106,,30,1,2,267,3,78,1,70,48,915,890,927,0,0,0,True,False,False,True,2014-12-11,False,2015-01-17 10:53:51,2015-01-23 08:54:06,
107,,30,2,2,267,3,78,3,69,47,910,900,927,0,0,0,True,False,False,True,2014-12-11,False,2015-01-17 10:54:28,2015-01-23 08:54:06,
108,,27,12,2,466,10,356,3,88,70,908,902,930,0,0,0,False,False,False,False,,False,2015-01-17 10:55:22,,
109,,30,3,2,278,3,89,3,95,80,1020,1000,1020,0,0,0,True,False,False,True,2014-12-11,False,2015-01-17 10:55:42,2015-01-23 08:54:06,
110,,30,4,2,278,3,89,3,95,80,1019,1000,1019,0,0,0,True,False,False,True,2014-12-11,False,2015-01-17 10:56:25,2015-01-23 08:54:06,
111,,27,13,2,466,10,356,3,84,69,910,900,930,0,0,0,False,False,False,False,,False,2015-01-17 10:56:33,,
112,,31,1,2,350,3,117,3,129,102,1134,1134,1253,0,0,0,True,False,False,True,2014-12-29,False,2015-01-17 10:58:55,2015-01-23 08:54:42,
113,,31,2,2,350,3,117,3,129,103,1134,1134,1253,0,0,0,True,False,False,True,2014-12-29,False,2015-01-17 11:00:05,2015-01-23 08:54:42,
114,,31,3,2,353,4,117,3,100,71,1165,1165,1321,0,0,0,True,False,False,True,2014-12-29,False,2015-01-17 11:01:51,2015-01-23 08:54:42,
115,21371301,32,1,2,36,10,12,3,64,45,755,755,823,0,0,0,True,False,False,True,2014-12-11,False,2015-01-17 11:02:25,2015-01-23 08:54:06,
116,21370202,32,2,2,25,10,14,3,68,45,755,755,814,0,0,0,True,False,False,True,2014-12-11,False,2015-01-17 11:04:02,2015-01-23 08:54:06,
117,,32,3,2,218,11,335,1,79,60,1026,1020,1140,0,0,0,True,False,False,True,2014-12-11,False,2015-01-17 11:05:36,2015-01-23 08:54:06,
118,,33,1,2,342,6,168,1,187,168,1614,1601,1791,0,0,0,True,False,False,True,2014-12-16,False,2015-01-17 11:08:40,2015-01-23 08:54:15,
119,,33,2,2,342,6,168,3,190,167,1616,1602,1793,0,0,0,True,False,False,True,2014-12-16,False,2015-01-17 11:09:23,2015-01-23 08:54:15,
120,21300403,34,1,2,15,3,13,1,68,48,532,532,559,0,0,0,False,False,False,True,2014-12-15,False,2015-01-17 11:12:47,,
121,,35,2,2,412,9,144,3,92,60,1157,1157,1377,0,0,0,False,False,False,True,2014-12-29,False,2015-01-17 11:15:13,,
122,,35,1,2,413,10,144,3,82,65,1160,1160,1371,0,0,0,False,False,False,True,2014-12-29,False,2015-01-17 11:18:05,,
123,,35,3,2,416,10,144,3,112,95,1160,1160,1371,0,0,0,False,False,False,True,2014-12-29,False,2015-01-17 11:18:56,,
124,21300403,34,2,2,15,3,13,1,68,48,532,532,558,0,0,0,False,False,False,True,2014-12-15,False,2015-01-17 11:22:34,,
125,,35,4,2,243,11,128,3,82,59,1163,1163,2013,0,0,0,False,False,False,True,2014-12-29,False,2015-01-17 11:22:45,,
126,21300403,34,3,2,15,3,13,3,67,48,532,532,559,0,0,0,False,False,False,True,2014-12-15,False,2015-01-17 11:23:19,,
127,21300403,34,4,2,15,3,13,3,67,48,532,532,559,0,0,0,False,False,False,True,2014-12-15,False,2015-01-17 11:24:14,,
128,21300403,34,5,2,15,3,13,3,68,48,532,532,559,0,0,0,False,False,False,True,2014-12-15,False,2015-01-17 11:25:03,,
129,21300501,34,6,2,16,4,13,3,74,52,547,547,586,0,0,0,False,False,True,True,2014-12-15,False,2015-01-17 11:25:58,2015-01-28 13:48:55,
130,21300501,34,7,2,16,4,13,3,74,52,548,548,586,0,0,0,False,False,True,True,2014-12-15,False,2015-01-17 11:26:48,2015-01-28 13:41:22,
131,,37,1,2,328,5,157,3,100,73,1084,1075,1247,0,0,0,True,False,False,True,2014-12-15,False,2015-01-17 11:32:31,2015-01-23 08:54:15,
132,,37,2,2,328,5,157,3,100,73,1085,1077,1247,0,0,0,True,False,False,True,2014-12-15,False,2015-01-17 11:33:39,2015-01-23 08:54:15,
133,,37,3,2,328,5,157,4,99,74,1085,1075,1247,0,0,0,True,False,False,True,2014-12-15,False,2015-01-17 11:36:56,2015-01-23 08:54:15,
134,,37,4,2,328,5,157,3,100,72,1085,1085,1247,0,0,0,True,False,False,True,2014-12-15,False,2015-01-17 11:38:44,2015-01-23 08:54:15,
135,,37,5,2,328,5,157,3,100,73,1085,1075,1247,0,0,0,True,False,False,True,2014-12-15,False,2015-01-17 11:40:36,2015-01-23 08:54:15,
136,,37,6,2,327,3,157,3,99,75,995,995,1167,1006,0,0,True,False,False,True,2014-12-15,False,2015-01-17 11:41:53,2015-01-23 08:54:15,
137,25202601,39,1,2,206,9,164,3,70,57,1022,1015,1022,0,0,0,False,False,False,True,2014-12-30,False,2015-01-17 11:45:57,,
138,25200102,39,2,2,197,10,164,3,67,50,1050,1040,1162,0,0,0,False,False,False,True,2014-12-30,False,2015-01-17 11:47:14,,
139,,38,1,2,390,12,346,3,48,32,197,195,265,0,0,0,True,False,False,True,2014-11-21,False,2015-01-17 11:48:03,2015-01-23 08:54:12,
140,25200201,39,3,2,198,10,164,3,76,57,1050,1040,1162,0,0,0,False,False,False,True,2014-12-30,False,2015-01-17 11:48:16,,
141,,38,2,2,409,12,346,3,100,84,202,202,245,0,0,0,True,False,False,True,2014-11-21,False,2015-01-17 11:49:55,2015-01-23 08:54:12,
142,,36,1,2,387,9,346,3,40,29,164,160,164,0,0,0,False,False,False,True,2014-12-10,False,2015-01-17 11:53:11,,
143,,36,2,2,387,9,346,3,41,30,164,160,164,0,0,0,False,False,False,True,2014-12-10,False,2015-01-17 11:54:15,,
144,,36,3,2,387,9,346,1,41,29,164,162,164,0,0,0,False,False,False,True,2014-12-10,False,2015-01-17 11:55:11,2015-01-17 11:55:38,
145,,36,4,2,387,9,346,1,41,29,164,160,164,0,0,0,False,False,False,True,2014-12-10,False,2015-01-17 11:56:24,,
146,,36,5,2,387,9,346,1,41,29,164,164,164,0,0,0,False,False,False,True,2014-12-10,False,2015-01-17 11:56:58,,
147,,36,6,2,390,11,346,3,46,32,196,191,264,0,0,0,False,False,False,True,2014-12-10,False,2015-01-17 11:58:23,,
148,,36,7,2,388,10,346,1,72,60,201,201,245,0,0,0,False,False,False,True,2014-12-10,False,2015-01-17 11:59:31,,
149,,36,8,2,389,10,346,3,84,67,202,202,245,0,0,0,False,False,False,True,2014-12-10,False,2015-01-17 12:00:15,,
150,,26,1,2,429,9,218,3,50,32,765,765,873,0,0,0,False,False,False,True,2014-12-04,False,2015-01-17 12:05:55,,
151,,26,2,2,432,3,349,4,60,40,764,764,898,0,0,0,False,False,False,True,2014-12-04,False,2015-01-17 12:07:02,,
152,,40,1,2,770,12,372,1,65,35,1117,1117,1304,0,0,0,False,False,False,False,,False,2015-01-17 12:07:57,2015-01-28 09:42:45,
153,,26,3,2,771,8,349,3,65,38,762,762,803,0,0,0,False,False,False,True,2014-12-04,False,2015-01-17 12:08:11,,
154,,40,2,2,770,12,372,1,62,42,1117,1117,1348,0,0,0,False,False,False,False,,False,2015-01-17 12:08:41,2015-01-17 12:09:20,
155,,40,3,2,770,12,372,1,63,41,1119,1119,1346,0,0,0,False,False,False,False,,False,2015-01-17 12:09:09,,
156,,26,4,2,772,10,117,3,87,67,1130,1130,1245,0,0,0,False,False,False,True,2014-12-04,False,2015-01-17 12:09:30,,
157,,40,4,2,770,12,372,1,64,39,1118,1118,1308,0,0,0,False,False,False,False,,False,2015-01-17 12:10:02,,
158,,40,5,2,770,12,372,1,63,41,1120,1120,1346,0,0,0,False,False,False,False,,False,2015-01-17 12:10:36,,
159,,40,6,2,770,12,372,1,65,40,1120,1120,1346,0,0,0,False,False,False,False,,False,2015-01-17 12:11:11,,
160,,40,7,2,770,12,372,1,63,37,1119,1119,1305,0,0,0,False,False,False,False,,False,2015-01-17 12:11:56,,
161,,26,5,2,358,10,117,4,91,69,1130,1130,1271,0,0,0,False,False,False,True,2014-12-04,False,2015-01-17 12:11:59,,
162,,40,8,2,770,12,372,1,63,37,1120,1120,1306,0,0,0,False,False,False,False,,False,2015-01-17 12:12:31,,
163,,40,9,2,770,12,372,1,65,37,1118,1118,1340,0,0,0,False,False,False,False,,False,2015-01-17 12:13:04,,
164,,40,10,2,770,12,372,3,109,82,1169,1169,1333,0,0,0,False,False,False,False,,True,2015-01-17 12:13:35,,2015-01-17 12:15:08
165,25201301,26,7,2,203,5,164,1,85,64,1065,1065,1186,0,0,0,False,False,False,True,2014-12-04,False,2015-01-17 12:13:40,,
166,25200803,26,9,2,202,3,164,3,120,102,1050,1045,1145,0,0,0,False,False,False,True,2014-12-04,False,2015-01-17 12:14:59,,
167,21380542,41,1,2,47,9,221,3,60,40,751,751,815,0,0,0,False,False,False,False,,False,2015-01-19 10:49:28,2015-01-19 11:06:04,
168,21380541,41,2,2,47,12,221,3,65,40,751,751,815,0,0,0,False,False,False,False,,False,2015-01-19 10:53:42,2015-01-19 11:06:20,
169,21380541,41,3,2,47,12,221,3,65,40,750,750,815,0,0,0,False,False,False,False,,False,2015-01-19 10:54:51,2015-01-19 11:06:30,
170,21380541,41,4,2,47,12,221,3,66,40,750,750,814,0,0,0,False,False,False,False,,False,2015-01-19 10:55:48,2015-01-19 11:06:46,
171,21380541,41,5,2,47,12,221,3,66,40,750,750,814,0,0,0,False,False,False,False,,False,2015-01-19 10:56:23,2015-01-19 11:06:54,
172,,24,4,2,237,11,155,3,81,58,1164,1164,2013,0,0,0,False,False,False,True,2014-12-02,False,2015-01-19 10:56:35,,
173,21380541,41,6,2,47,12,221,3,67,39,750,750,814,0,0,0,False,False,False,False,,False,2015-01-19 10:56:59,2015-01-19 11:07:04,
174,,24,5,2,237,11,155,3,83,59,1166,1166,2014,0,0,0,False,False,False,True,2014-12-02,False,2015-01-19 10:57:19,,
175,21380242,41,7,2,42,10,221,3,66,40,753,753,791,0,0,0,False,False,False,False,,False,2015-01-19 10:58:21,2015-01-19 11:08:04,
176,21380241,41,8,2,42,10,221,3,61,40,750,750,791,0,0,0,False,False,False,False,,False,2015-01-19 11:00:07,2015-01-19 11:08:24,
177,,24,2,2,773,10,155,3,88,60,1165,1165,2014,0,0,0,False,False,False,True,2014-12-02,False,2015-01-19 11:00:33,,
178,21380241,41,9,2,42,10,221,3,60,40,751,751,792,0,0,0,False,False,False,False,,False,2015-01-19 11:00:45,2015-01-19 11:08:43,
179,21380142,41,10,2,40,10,221,3,71,52,752,752,792,0,0,0,False,False,False,False,,False,2015-01-19 11:02:02,2015-01-19 11:09:19,
180,21380141,41,11,2,40,10,221,3,78,52,751,751,792,0,0,0,False,False,False,False,,False,2015-01-19 11:03:06,2015-01-19 11:09:39,
181,25442504,41,12,2,774,3,263,3,160,138,990,975,1023,0,0,0,False,False,False,False,,False,2015-01-19 11:14:07,2015-01-19 11:15:52,
182,25442504,41,13,2,774,3,263,3,160,141,987,973,1025,0,0,0,False,False,False,False,,False,2015-01-19 11:16:34,,
183,,42,1,2,217,3,335,1,86,60,1030,1017,1139,0,0,0,False,False,False,True,2014-12-17,False,2015-01-21 09:41:01,2015-01-23 08:58:24,
184,,42,2,2,217,3,335,1,89,60,1032,1017,1140,0,0,0,False,False,False,True,2014-12-17,False,2015-01-21 09:41:43,2015-01-23 08:59:11,
185,,42,3,2,218,11,335,1,79,60,1031,1020,1140,0,0,0,False,False,False,True,2014-12-17,False,2015-01-21 09:42:34,2015-01-23 08:59:46,
186,,43,1,2,267,10,78,3,69,49,905,900,927,0,0,0,False,False,False,False,,True,2015-01-21 09:51:19,,2015-01-21 09:55:47
187,,44,1,2,267,10,78,3,69,49,905,900,927,0,0,0,False,False,True,True,2014-12-31,False,2015-01-21 11:04:03,2015-03-05 20:31:07,
188,,44,2,2,267,7,78,3,68,48,900,897,926,0,0,0,False,False,True,True,2014-12-31,False,2015-01-22 03:41:23,2015-03-05 20:30:23,
189,,44,3,2,267,7,78,3,69,48,900,897,926,0,0,0,False,False,True,True,2014-12-31,False,2015-01-22 03:42:28,2015-03-05 20:29:43,
190,,44,4,2,267,7,78,1,69,48,892,889,927,0,0,0,False,False,True,True,2014-12-31,False,2015-01-22 03:43:22,2015-03-05 20:29:12,
191,,44,5,2,267,7,78,1,69,47,914,892,927,0,0,0,False,False,False,True,2014-12-31,False,2015-01-22 03:44:28,,
192,,44,6,2,267,7,78,3,68,48,899,888,927,0,0,0,False,False,False,True,2014-12-31,False,2015-01-22 03:45:19,,
193,,44,7,2,267,3,78,3,69,49,914,891,928,0,0,0,False,False,False,True,2014-12-31,False,2015-01-22 03:46:55,2015-03-05 20:22:49,
194,,44,8,2,267,3,78,3,70,47,914,890,926,0,0,0,False,False,True,True,2014-12-31,False,2015-01-22 03:47:55,2015-03-05 20:21:32,
195,,44,9,2,267,8,78,3,71,48,892,880,927,0,0,0,False,False,True,True,2014-12-31,False,2015-01-22 03:49:26,2015-03-05 20:24:15,
196,,44,10,2,267,3,78,3,68,48,914,894,928,0,0,0,False,False,True,True,2014-12-31,False,2015-01-22 03:50:14,2015-03-05 20:19:57,
197,,44,11,2,776,10,353,3,71,47,888,888,925,0,0,0,False,False,True,True,2014-12-31,False,2015-01-22 03:54:46,2015-03-05 20:32:57,
198,,44,12,2,267,10,78,3,72,47,914,890,927,0,0,0,False,False,True,True,2014-12-31,False,2015-01-22 03:55:51,2015-03-05 20:18:18,
199,,44,13,2,776,10,353,3,72,47,902,902,926,0,0,0,False,False,True,True,2014-12-31,False,2015-01-22 03:57:36,2015-03-05 20:32:24,
200,21501401,45,1,2,60,9,227,3,57,33,1034,1034,1071,0,0,0,False,False,False,True,2014-12-30,False,2015-01-23 05:01:40,,
201,21501101,45,2,2,56,12,227,3,59,42,1035,1035,1086,0,0,0,False,False,False,True,2014-12-30,False,2015-01-23 05:15:25,,
202,21501203,45,3,2,57,12,227,3,78,52,1034,1034,1086,0,0,0,False,False,False,True,2014-12-30,False,2015-01-23 05:17:53,,
203,21500705,45,4,2,53,3,227,3,77,55,1040,1040,1040,0,0,0,False,False,False,True,2014-12-30,False,2015-01-23 05:21:16,,
204,21500705,45,5,2,53,3,227,1,77,55,1040,1040,1040,0,0,0,False,False,False,True,2014-12-30,False,2015-01-23 05:26:45,,
205,21500705,45,6,2,53,3,227,1,77,55,1040,1040,1040,0,0,0,False,False,False,True,2014-12-30,False,2015-01-23 05:27:54,,
206,21500705,45,7,2,53,3,227,3,77,55,1039,1039,1039,0,0,0,False,False,False,True,2014-12-30,False,2015-01-23 05:29:06,,
207,21500705,45,8,2,53,3,227,3,77,54,1039,1039,1039,0,0,0,False,False,False,True,2014-12-30,False,2015-01-23 05:29:52,,
208,24300301,46,1,2,778,9,375,3,59,36,770,770,829,790,0,0,False,False,False,True,2014-12-23,False,2015-01-26 15:01:10,,
209,24300701,46,2,2,777,5,375,3,73,48,826,826,929,930,0,0,False,False,False,True,2014-12-23,False,2015-01-26 15:03:28,,
210,24300701,46,3,2,777,5,375,3,73,46,826,826,929,930,0,0,False,False,False,True,2014-12-23,False,2015-01-26 15:04:32,,
211,24300701,46,4,2,777,5,375,3,73,46,826,826,928,0,0,0,False,False,False,True,2014-12-23,False,2015-01-26 15:05:20,,
212,24300701,46,5,2,777,5,375,3,73,48,826,826,929,930,0,0,False,False,False,True,2014-12-23,False,2015-01-26 15:06:16,2015-02-04 16:33:04,
213,21500705,46,6,2,53,3,268,3,78,56,1040,1040,1040,0,0,0,False,False,False,True,2014-12-23,False,2015-01-26 15:08:23,,
214,21500705,46,7,2,53,3,268,3,77,55,1040,1040,1040,0,0,0,False,False,False,True,2014-12-23,False,2015-01-26 15:09:30,,
215,21500705,46,8,2,53,3,268,1,77,55,1039,1039,1039,0,0,0,False,False,False,True,2014-12-23,False,2015-01-26 15:10:19,,
216,25200803,47,1,2,202,3,164,3,120.5,102,1050,1045,1145.8,0,0,0,False,False,False,True,2015-02-04,False,2015-02-22 19:48:59,,
217,21361202,48,1,2,21,12,316,3,78,52,735,735,787,0,0,0,False,False,False,True,2015-01-30,False,2015-02-22 20:04:36,,
218,21300501,49,1,2,16,4,13,3,74,52,548,548,586,0,0,0,False,False,False,True,2015-01-09,False,2015-02-22 20:20:21,,
219,21260103,50,1,2,286,10,315,3,48,25,522,522,596,0,0,0,False,False,False,True,2015-01-12,False,2015-02-22 20:41:45,,
220,21360404,50,2,2,17,3,316,3,76,54,740,740,740,0,0,0,False,False,False,True,2015-01-12,False,2015-02-22 20:48:46,,
221,21260321,51,1,2,5,3,7,3,68,48,518,518,518,0,0,0,False,False,False,True,2015-02-05,False,2015-02-22 21:26:18,,
222,21300421,53,1,2,15,3,13,3,68,48,533,533,559,0,0,0,False,False,False,True,2015-01-12,False,2015-02-23 15:23:02,,
223,21300421,53,2,2,15,3,13,3,68,48,533,533,558,0,0,0,False,False,False,True,2015-01-12,False,2015-02-23 15:25:36,,
224,21300421,53,3,2,15,3,13,3,68,48,533,533,559,0,0,0,False,False,False,True,2015-01-12,False,2015-02-23 15:26:32,,
225,21300421,53,4,2,15,3,13,3,68,48,533,533,558,0,0,0,False,False,False,True,2015-01-12,False,2015-02-23 15:27:45,,
226,24261001,53,5,1,128,5,329,3,73,47,730,730,822,756,0,0,False,False,False,True,2015-01-12,False,2015-02-23 15:46:39,,
227,24261001,53,6,2,128,5,329,3,73,46,740,740,821,756,0,0,False,False,False,True,2015-01-12,False,2015-02-23 15:47:38,,
228,24261001,53,7,2,128,5,329,3,73,47,733,733,822,756,0,0,False,False,False,True,2015-01-12,False,2015-02-23 15:48:57,,
229,24261001,53,8,2,128,5,329,3,73,47,726,726,821,756,0,0,False,False,False,True,2015-01-12,False,2015-02-23 15:49:48,,
230,,55,1,2,269,3,81,3,121,100,1712,1694,1727,0,0,0,False,False,False,True,2014-12-29,False,2015-02-23 20:13:16,,
231,,55,2,2,268,2,81,1,125,101,1857,1713,1857,0,0,0,False,False,False,True,2014-12-29,False,2015-02-23 20:14:26,2015-02-23 20:21:10,
232,,55,3,2,268,2,81,1,124,101,1853,1708,1853,0,0,0,False,False,False,True,2014-12-29,False,2015-02-23 20:15:31,2015-02-23 20:21:21,
233,,55,4,2,268,2,81,3,124,101,1857,1714,1857,0,0,0,False,False,False,True,2014-12-29,False,2015-02-23 20:16:46,2015-02-23 20:21:31,
234,,55,5,2,268,2,81,3,126,101,1855,1711,1855,0,0,0,False,False,False,True,2014-12-29,False,2015-02-23 20:19:21,2015-02-23 20:21:40,
235,,55,6,2,268,2,81,3,124,101,1854,1712,1854,0,2,2,False,False,False,True,2014-12-29,False,2015-02-23 20:20:57,,
236,,55,7,2,269,8,81,3,125,101,1698,1681,1728,0,0,0,False,False,False,True,2014-12-29,False,2015-02-23 20:23:28,,
237,,55,8,2,269,3,81,1,120,101,1712,1694,1727,0,0,0,False,False,False,True,2014-12-29,False,2015-02-23 20:24:37,,
238,,55,9,2,269,10,81,3,127,100,1700,1680,1727,0,0,0,False,False,False,True,2014-12-29,False,2015-02-23 20:26:26,,
239,,55,10,2,269,10,81,1,122,101,1703,1681,1727,0,0,0,False,False,False,True,2014-12-29,False,2015-02-23 20:28:56,,
240,,55,11,2,269,10,81,1,123,101,1699,1681,1726,0,0,0,False,False,False,True,2014-12-29,False,2015-02-23 20:31:38,,
241,,55,12,2,269,10,81,3,126,101,1696,1679,1727,0,0,0,False,False,False,True,2014-12-29,False,2015-02-23 20:32:19,,
242,22301301,56,1,2,94,3,81,3,91,65,1035,1035,1166,1064,0,0,False,False,False,True,2015-01-16,False,2015-02-23 20:50:36,2015-03-05 16:58:21,
243,21300421,57,1,2,15,3,13,1,68,47,533,533,559,0,0,0,False,False,True,True,2015-01-22,False,2015-02-23 21:02:19,2015-03-05 16:53:10,
244,21300421,57,2,2,15,3,13,3,68,48,533,533,559,0,0,0,False,False,False,True,2015-01-22,False,2015-02-23 21:03:11,,
245,21300501,57,3,2,16,4,13,3,74.1,52,547,547,587,0,0,0,False,False,True,True,2015-01-22,False,2015-02-23 21:07:02,2015-03-05 16:51:17,
246,21300223,57,4,2,13,10,13,3,68,42,538,538,564,0,0,0,False,False,True,True,2015-01-22,False,2015-02-23 21:12:15,2015-03-05 16:50:30,
247,21300223,57,5,2,13,10,13,3,68,42,537,537,564,0,0,0,False,False,False,True,2015-01-22,False,2015-02-23 21:14:06,,
248,,59,1,2,267,3,78,3,68,47,914,890,927,0,0,0,False,False,True,True,2015-01-30,False,2015-02-23 22:19:37,2015-03-04 21:14:03,
249,,59,2,2,456,11,177,1,69,46,901,901,928,0,0,0,False,False,True,True,2015-01-30,False,2015-02-23 22:21:03,2015-03-04 21:13:17,
250,,59,3,2,456,3,353,3,69,47,900,900,928,0,0,0,False,False,True,True,2015-01-30,False,2015-02-23 22:21:54,2015-03-04 21:12:42,
251,,59,4,2,456,11,353,1,69,46,900,900,926,0,0,0,False,False,True,True,2015-01-30,False,2015-02-23 22:26:06,2015-03-04 21:11:51,
252,,59,5,2,267,2,78,3,70,47,902,902,930,0,0,0,False,False,True,True,2015-01-30,False,2015-02-23 22:30:10,2015-03-04 21:09:21,
253,23741102,60,1,2,126,5,328,3,130,110,1500,1500,1638,0,0,0,False,False,True,True,2015-01-30,False,2015-02-25 16:26:29,2015-03-04 21:06:01,
254,,60,2,2,331,3,344,3,140,105,1160,1160,1352,0,0,0,False,False,True,True,2015-01-30,False,2015-02-25 16:28:22,2015-03-04 21:05:27,
255,,61,1,2,229,3,128,2,107,82,1168,1168,1333,0,0,0,False,False,True,True,2015-01-06,False,2015-02-25 17:08:30,2015-03-04 21:03:34,
256,,61,2,2,231,3,128,2,116,91,1079,1079,1266,0,0,0,False,False,True,True,2015-01-06,False,2015-02-25 17:09:37,2015-03-04 21:02:58,
257,,62,1,2,222,3,128,1,128,100,1035,1035,1206,0,0,0,False,False,True,True,2015-01-09,False,2015-02-25 17:27:30,2015-03-04 20:56:57,
258,,62,2,2,769,3,128,3,128,100,1035,1035,1026,0,0,0,False,False,True,True,2015-01-09,False,2015-02-25 17:33:05,2015-03-04 20:54:40,
259,,62,3,2,769,3,128,1,127,98,1035,1035,1205,0,0,0,False,False,True,True,2015-01-09,False,2015-02-25 17:39:09,2015-03-04 20:53:29,
260,,62,4,2,239,10,128,3,86,59,1037,1037,1885,0,0,0,False,False,True,True,2015-01-09,False,2015-02-25 17:40:44,2015-03-04 20:52:21,
261,,62,5,2,239,10,128,1,85,59,1037,1037,1886,0,0,0,False,False,True,True,2015-01-09,False,2015-02-25 17:42:03,2015-03-04 20:51:38,
262,,62,6,2,247,12,128,3,88,60,1038,1038,1885,0,0,0,False,False,True,True,2015-01-09,False,2015-02-25 17:43:34,2015-03-04 20:58:32,
263,,62,7,2,239,10,128,3,85,59,1037,1037,1886,0,0,0,False,False,True,True,2015-01-09,False,2015-02-25 17:44:32,2015-03-04 20:57:47,
264,21361201,63,1,2,21,12,275,1,71,45,735,735,788,0,0,0,False,False,False,True,2015-02-11,False,2015-02-25 17:57:20,,
265,21501101,64,1,2,56,12,227,3,59,42,1035,1035,1087,0,0,0,False,False,False,True,2015-01-13,False,2015-02-25 19:21:27,2015-02-25 19:23:11,
266,21501101,64,2,2,56,12,227,3,60,42,1035,1035,1087,0,0,0,False,False,False,True,2015-01-13,False,2015-02-25 19:22:50,,
267,21501102,64,3,2,56,12,227,3,65,42,1035,1035,1087,0,0,0,False,False,False,True,2015-01-13,False,2015-02-25 19:26:16,,
268,21501102,64,4,2,56,12,227,3,65,42,1035,1035,1087,0,0,0,False,False,False,True,2015-01-13,False,2015-02-25 19:29:13,,
269,21501201,64,5,2,57,12,268,3,72,50,1035,1035,1087,0,0,0,False,False,False,True,2015-01-13,False,2015-02-25 19:30:54,,
270,21501203,64,6,2,57,12,227,3,81,51,1035,1035,1087,0,0,0,False,False,False,True,2015-01-13,False,2015-02-25 19:34:31,,
271,21501203,64,7,2,57,12,227,3,79,52,1035,1035,1087,0,0,0,False,False,False,True,2015-01-13,False,2015-02-25 19:37:02,,
272,21501203,64,8,2,57,12,227,3,79,52,1035,1035,1087,0,0,0,False,False,False,True,2015-01-13,False,2015-02-25 19:37:39,,
273,21300303,65,1,2,14,12,227,3,54,32,530,530,608,0,0,0,False,False,True,True,2015-01-20,False,2015-02-25 20:12:40,2015-03-04 20:29:33,
274,21510501,64,9,2,67,8,300,3,81,59,1061,1061,1061,0,0,0,True,False,True,True,2015-01-13,False,2015-02-26 14:18:42,2015-03-04 21:10:19,
275,21300202,65,2,2,13,10,13,3,64,42,536,536,564,0,0,0,False,False,True,True,2015-01-20,False,2015-02-26 14:58:12,2015-03-04 20:28:45,
276,21300203,65,3,2,13,10,13,3,67,42,536,536,564,0,0,0,False,False,True,True,2015-01-20,False,2015-02-26 15:06:44,2015-03-04 20:27:55,
277,21300501,65,4,2,16,4,13,3,73,49,543,543,584,0,0,0,False,False,True,True,2015-01-20,False,2015-02-26 15:08:34,2015-03-04 20:27:06,
278,21501101,65,5,2,54,12,227,3,59,41,1035,1035,1087,0,0,0,False,False,True,True,2015-01-20,False,2015-02-26 15:14:49,2015-03-04 20:26:22,
279,21510601,65,6,2,68,9,18,3,71,51,1030,1030,1116,1045,0,0,False,False,True,True,2015-01-20,False,2015-02-26 15:16:33,2015-03-04 20:24:39,
280,25202701,67,1,2,207,9,164,1,70,54,1022,1022,1022,0,0,0,False,False,False,True,2015-01-22,False,2015-02-26 17:47:53,,
281,25202701,67,2,2,207,9,164,1,70,54,1022,1022,1022,0,0,0,False,False,False,True,2015-01-22,False,2015-02-26 17:52:26,,
282,21371101,68,1,2,35,10,12,3,55,40,753,753,822,0,0,0,False,False,False,True,2015-02-10,False,2015-02-26 19:41:57,,
283,,69,1,2,334,10,344,3,77,57,1159,1159,1289,0,0,0,False,False,True,True,2015-02-16,False,2015-03-01 15:10:42,2015-03-04 20:14:19,
284,,69,2,1,334,10,344,3,77,57,1160,1160,1289,0,0,0,False,False,True,True,2015-02-16,False,2015-03-01 15:12:21,2015-03-04 20:13:12,
285,30950701,70,1,2,213,5,104,3,80,54,960,960,1041,0,0,0,False,False,True,True,2015-02-17,False,2015-03-01 15:24:39,2015-03-04 20:16:11,
286,,69,3,2,780,12,344,3,80,56,1159,1159,1290,0,0,0,False,False,True,True,2015-02-16,False,2015-03-01 15:32:23,2015-03-04 20:12:19,
287,,69,4,2,780,12,344,3,80,56,1159,1159,1290,0,0,0,False,False,True,True,2015-02-16,False,2015-03-01 15:33:18,2015-03-04 20:11:43,
288,,71,1,2,783,21,338,1,59,20,1400,1400,1509,0,0,0,False,False,True,True,2015-01-16,False,2015-03-01 16:56:16,2015-03-04 20:39:59,
289,,71,2,2,783,22,338,1,59,20,1400,1400,1509,0,0,0,False,False,True,True,2015-01-16,False,2015-03-01 16:57:02,2015-03-04 20:39:25,
290,,72,1,2,334,10,344,3,77,51,1160,1160,1290,0,0,0,False,False,True,True,2015-01-16,False,2015-03-01 17:27:43,2015-03-04 19:58:38,
291,,72,2,2,331,3,344,3,139,101,1159,1159,1350,0,0,0,False,False,False,True,2015-01-16,False,2015-03-01 17:29:09,2015-03-04 19:55:09,
292,,72,3,2,331,3,344,1,140,97,1159,1159,1348,0,0,0,False,False,True,True,2015-01-16,False,2015-03-01 17:29:48,2015-03-04 19:52:55,
293,,72,4,2,331,3,344,3,139,111,1164,1160,1353,0,0,0,False,False,True,True,2015-01-16,False,2015-03-01 17:30:52,2015-03-04 19:52:01,
294,,73,1,2,784,5,144,3,121,91,1190,1190,1306,0,0,0,False,False,True,True,2015-01-20,False,2015-03-02 14:53:37,2015-03-04 19:46:14,
295,,73,2,2,237,11,128,3,81,59,1164,1164,2014,0,0,0,False,False,True,True,2015-01-20,False,2015-03-02 15:39:36,2015-03-04 19:45:23,
296,,73,3,2,253,11,128,3,79,58,1159,1159,2012,0,0,0,False,False,True,True,2015-01-20,False,2015-03-02 15:41:31,2015-03-04 19:44:57,
297,,73,4,2,237,11,128,3,80,59,1164,1164,2013,0,0,0,False,False,True,True,2015-01-20,False,2015-03-02 15:42:46,2015-03-04 19:44:00,
298,25200101,74,1,2,197,10,164,3,68,50,1050,1043,1163,0,0,0,False,False,True,True,2015-02-09,False,2015-03-02 16:10:27,2015-03-04 19:35:17,
299,25200103,74,2,2,197,10,164,3,72,50,1050,1040,1163,0,0,0,False,False,True,True,2015-02-09,False,2015-03-02 17:46:57,2015-03-04 19:34:24,
300,25200501,74,3,2,200,8,164,3,70,55,1040,1040,1131,0,0,0,False,False,True,True,2015-02-09,False,2015-03-02 17:49:07,2015-03-04 19:33:29,
301,25200501,74,4,2,200,8,164,3,70,55,1040,1040,1131,0,0,0,False,False,True,True,2015-02-09,False,2015-03-02 17:50:45,2015-03-04 19:32:53,
302,25200102,74,5,2,197,10,164,3,70,50,1050,1042,1163,0,0,0,False,False,True,True,2015-02-09,False,2015-03-02 17:55:16,2015-03-04 19:32:03,
303,,74,6,2,349,4,117,3,95,69,1163,1163,1322,1170,0,0,False,False,True,True,2015-02-09,False,2015-03-02 20:56:27,2015-03-04 19:30:55,
304,,74,7,2,351,4,117,1,120,91,1150,1150,1264,0,0,0,False,False,True,True,2015-02-09,False,2015-03-02 21:03:29,2015-03-04 19:30:12,
305,24405603,75,1,2,175,5,235,3,86,60,1111,1111,1204,0,0,0,False,False,False,False,,False,2015-03-02 21:27:02,,
306,,75,2,2,277,10,85,3,78,61,933,905,933,0,0,0,False,False,False,False,,False,2015-03-02 21:28:49,,
307,21300403,76,1,2,15,3,13,1,68,48,532,532,559,0,0,0,False,False,True,True,2015-02-24,False,2015-03-02 22:15:48,2015-03-04 20:36:48,
308,,77,1,2,239,10,128,1,80,58,1038,1038,1885,0,0,0,False,False,True,True,2014-12-01,False,2015-03-03 17:02:13,2015-03-04 20:35:00,
309,,77,2,2,239,10,128,3,80,50,1036,1036,1886,0,0,0,False,False,True,True,2014-12-01,False,2015-03-03 17:02:57,2015-03-04 20:34:48,
310,,77,3,2,239,10,128,3,85,56,1038,1038,1885,0,0,0,False,False,True,True,2014-12-01,False,2015-03-03 17:03:35,2015-03-04 20:34:39,
311,,77,4,2,769,3,128,1,127,98,1035,1035,1205,0,0,0,False,False,True,True,2014-12-01,False,2015-03-03 17:05:06,2015-03-04 20:34:25,
312,,78,1,2,413,10,144,3,84,65,1159,1159,1371,0,0,0,False,False,False,False,,False,2015-03-03 17:22:28,,
313,,79,1,2,467,10,357,3,94,77,965,965,990,0,0,0,False,False,True,True,2015-01-15,False,2015-03-03 19:35:52,2015-03-04 19:22:21,
314,,79,2,2,468,8,357,3,88,70,964,955,990,0,0,0,False,False,True,True,2015-01-15,False,2015-03-03 19:36:46,2015-03-04 19:22:04,
315,,79,3,2,468,5,357,3,88,69,990,980,990,0,0,0,False,False,True,True,2015-01-15,False,2015-03-03 19:40:11,2015-03-04 19:20:39,
316,,79,4,2,468,10,357,3,87,69,965,955,990,0,0,0,False,False,True,True,2015-01-15,False,2015-03-03 19:41:32,2015-03-04 19:20:27,
317,,79,5,2,467,3,357,3,94,77,990,980,990,0,0,0,False,False,True,True,2015-01-15,False,2015-03-03 19:46:05,2015-03-04 19:20:13,
318,,79,6,2,470,10,357,3,104,89,964,955,990,0,0,0,False,False,True,True,2015-01-15,False,2015-03-03 19:47:06,2015-03-04 19:18:52,
319,,79,7,2,469,8,357,3,114,97,965,955,990,0,0,0,False,False,True,True,2015-01-15,False,2015-03-03 19:48:19,2015-03-04 19:18:39,
320,,79,8,2,469,8,357,3,114,98,980,970,990,0,0,0,False,False,True,True,2015-01-15,False,2015-03-03 19:49:14,2015-03-04 19:18:24,
321,21260801,80,1,2,8,7,315,3,40,32,520,520,520,0,0,0,False,False,True,True,2015-01-22,False,2015-03-04 15:25:02,2015-03-04 19:14:21,
322,21501142,81,1,2,54,12,268,3,65,40,1035,1035,1086,0,0,0,False,False,False,True,2015-01-16,False,2015-03-04 15:56:02,,
323,21501241,81,2,2,57,12,268,3,71,50,1035,1035,1087,0,0,0,False,False,False,True,2015-01-16,False,2015-03-04 16:01:21,,
324,21501221,81,3,2,57,12,268,3,70,51,1035,1035,1087,0,0,0,False,False,False,True,2015-01-16,False,2015-03-04 16:12:36,,
325,21501221,81,4,2,57,12,268,3,71,52,1034,1034,1087,0,0,0,False,False,False,True,2015-01-16,False,2015-03-04 16:24:27,,
326,21501243,81,5,2,57,12,268,3,80,52,1035,1035,1087,0,0,0,False,False,False,True,2015-01-16,False,2015-03-04 16:28:12,2015-03-04 16:41:30,
327,21501243,81,6,2,57,12,268,3,78,52,1034,1034,1086,0,0,0,False,False,False,True,2015-01-16,False,2015-03-04 16:39:21,,
328,21501243,81,7,2,57,12,268,3,80,51,1035,1035,1087,0,0,0,False,False,False,True,2015-01-16,False,2015-03-04 16:40:51,,
329,21500721,81,8,2,53,3,268,3,77,51,1038,1038,1038,0,0,0,False,False,False,True,2015-01-16,False,2015-03-04 16:45:12,,
330,21500721,81,9,2,53,3,268,3,78,53,1039,1039,1039,0,0,0,False,False,False,True,2015-01-16,False,2015-03-04 16:46:08,,
331,21500721,81,10,2,53,3,268,1,78,50,1037,1037,1037,0,0,0,False,False,False,True,2015-01-16,False,2015-03-04 16:47:15,,
332,21500721,81,11,2,53,3,268,3,77,54,1040,1040,1040,0,0,0,False,False,False,True,2015-01-16,False,2015-03-04 16:48:44,,
333,21500721,81,12,2,53,3,268,3,76,54,1040,1040,1040,0,0,0,False,False,False,True,2015-01-16,False,2015-03-04 16:49:23,,
334,21500721,81,13,2,53,3,268,1,77,59,1039,1039,1039,0,0,0,False,False,False,True,2015-01-16,False,2015-03-04 16:50:11,,
335,24405603,82,1,2,175,5,235,3,86,60,1110,1110,1204,0,0,0,False,False,False,True,2015-02-03,False,2015-03-04 17:24:02,,
336,24405603,82,2,2,175,5,235,3,86,60,1110,1110,1204,0,0,0,False,False,False,True,2015-02-03,False,2015-03-04 17:30:41,,
337,24405603,82,3,2,175,5,235,3,86,60,1109,1109,1204,0,0,0,False,False,False,True,2015-02-03,False,2015-03-04 17:32:03,,
338,24405401,82,4,2,172,8,179,3,87,61,1039,1039,1146,0,0,0,False,False,False,True,2015-02-03,False,2015-03-04 17:36:45,,
339,24405401,82,5,2,172,8,179,3,89,61,1039,1039,1146,0,0,0,False,False,False,True,2015-02-03,False,2015-03-04 17:37:47,,
340,24405001,82,6,2,167,10,179,3,87,61,1040,1040,1106,0,0,0,False,False,False,True,2015-02-03,False,2015-03-04 17:39:16,,
341,,83,1,2,787,3,128,3,110,83,1040,1040,1270,0,0,0,False,False,False,True,2015-02-03,False,2015-03-04 20:10:20,,
342,,83,2,2,789,12,128,1,88,59,1080,1030,1886,1039,0,0,False,False,False,True,2015-02-03,False,2015-03-04 21:06:25,,
343,,83,3,2,786,12,128,3,86,60,1013,1013,1886,1040,0,0,False,False,False,True,2015-02-03,False,2015-03-04 21:07:41,,
344,,83,4,2,788,12,128,3,84,58,1041,1041,1886,0,0,0,False,False,False,True,2015-02-03,False,2015-03-04 21:09:50,,
345,,83,5,2,250,12,128,3,87,57,1168,1168,2013,0,0,0,False,False,False,True,2015-02-03,False,2015-03-04 21:10:42,,
346,24405603,86,1,2,175,5,235,3,86,60,1111,1111,1204,0,0,0,False,False,False,True,2015-01-06,False,2015-03-05 16:50:19,,
347,,86,2,2,274,10,85,3,78,61,933,905,933,0,0,0,False,False,False,True,2015-01-06,False,2015-03-05 16:53:16,,
348,,84,1,2,283,11,90,3,76,57,775,763,965,0,0,0,False,False,False,True,2015-02-06,False,2015-03-05 19:58:55,,
349,,84,2,2,283,23,90,3,77,57,775,761,965,0,0,0,False,False,False,True,2015-02-06,False,2015-03-05 20:01:12,,
350,,84,3,2,283,23,90,1,77,57,771,761,965,0,0,0,False,False,False,True,2015-02-06,False,2015-03-05 20:01:51,,
351,,87,1,2,281,3,90,3,88,69,911,900,965,0,0,0,False,False,False,True,2015-02-23,False,2015-03-05 20:46:09,,
352,,85,1,2,790,11,144,3,85,61,1160,1160,1470,0,0,0,False,False,False,True,2014-02-24,False,2015-03-05 21:05:49,,
353,,85,2,2,412,9,144,3,92,60,1160,1150,1377,0,0,0,False,False,False,True,2014-02-24,False,2015-03-05 21:06:51,,
354,,85,3,2,415,10,144,3,90,70,1160,1160,1371,0,0,0,False,False,False,True,2014-02-24,False,2015-03-05 21:07:56,,
355,,86,3,2,502,3,169,3,89,70,940,930,1040,0,0,0,False,False,False,True,2015-01-06,False,2015-03-08 14:56:14,,
356,,86,4,2,272,3,85,1,93,78,933,914,933,0,0,0,False,False,False,True,2015-01-06,False,2015-03-08 15:17:57,2015-03-08 15:18:11,
357,,86,5,2,272,3,85,3,93,80,935,913,935,0,0,0,False,False,False,True,2015-01-06,False,2015-03-08 15:19:49,,
358,,88,1,2,374,8,121,3,74,54,1130,1130,1279,0,0,0,False,False,False,False,,False,2015-03-08 16:05:13,,
359,,88,2,2,377,10,121,3,85,65,1130,1130,1245,0,0,0,False,False,False,False,,False,2015-03-08 16:54:24,,
360,,89,1,2,218,10,335,1,89,60,1030,1015,1140,0,0,0,False,False,False,True,2015-02-16,False,2015-03-08 17:00:30,,
361,,90,1,2,467,10,357,3,99,77,965,956,990,0,0,0,False,False,False,True,2015-01-30,False,2015-03-08 17:10:50,,
362,,90,2,2,468,5,357,3,87,70,990,980,990,0,0,0,False,False,False,True,2015-01-30,False,2015-03-08 17:14:02,,
363,,90,3,2,468,5,357,3,87,70,990,980,990,0,0,0,False,False,False,True,2015-01-30,False,2015-03-08 17:16:19,,
364,,90,4,2,468,10,357,3,87,69,965,355,990,0,0,0,False,False,False,True,2015-01-30,False,2015-03-08 17:20:30,,
365,,90,5,2,470,10,357,3,104,89,963,955,990,0,0,0,False,False,False,True,2015-01-30,False,2015-03-08 17:21:51,,
366,,90,6,2,469,8,357,3,113,97,963,954,990,0,0,0,False,False,False,True,2015-01-30,False,2015-03-08 17:22:59,,
367,,90,7,2,467,3,357,3,94,77,990,980,990,0,0,0,False,False,False,True,2015-01-30,False,2015-03-08 17:24:26,,
368,,90,8,2,468,8,357,3,87,69,963,956,990,0,0,0,False,False,False,True,2015-01-30,False,2015-03-08 17:25:34,,
369,,90,9,2,469,8,357,3,114,97,978,970,990,0,0,0,False,False,False,True,2015-01-30,False,2015-03-08 17:26:46,,
370,21380542,66,1,2,698,9,5,3,59,40,750,750,815,0,0,0,False,False,False,True,2015-01-20,False,2015-03-08 17:40:15,,
371,21381101,66,2,2,699,4,5,3,75,61,795,795,828,0,0,0,False,False,False,True,2015-01-20,False,2015-03-08 17:41:45,,
372,21501101,66,3,2,56,12,227,1,59,42,1034,1034,1086,0,0,0,False,False,False,True,2015-01-20,False,2015-03-08 17:43:45,2015-03-08 17:44:02,
373,21501102,66,4,1,56,12,227,3,65,41,1034,1034,1086,0,0,0,False,False,False,True,2015-01-20,False,2015-03-08 17:45:35,,
374,21501203,66,5,2,57,12,227,3,79,52,1034,1034,1086,0,0,0,False,False,False,True,2015-01-20,False,2015-03-08 17:46:48,,
375,21500705,66,6,2,53,3,227,1,77,54,1035,1035,1035,0,0,0,False,False,False,True,2015-01-20,False,2015-03-08 17:47:45,,
376,21500705,66,7,2,53,3,227,3,77,55,1040,1040,1040,0,0,0,False,False,False,True,2015-01-20,False,2015-03-08 17:49:17,,
377,21500705,66,8,2,53,3,227,3,78,54,1040,1040,1040,0,0,0,False,False,False,True,2015-01-20,False,2015-03-08 17:49:55,,
378,21500705,66,9,2,53,3,227,3,77,60,1040,1040,1040,0,0,0,False,False,False,True,2015-01-20,False,2015-03-08 17:50:26,,
379,23660501,91,1,2,644,9,27,3,69,54,1030,1019,1030,0,0,0,False,False,False,True,2015-01-23,False,2015-03-08 20:05:05,,
380,23680101,91,2,2,110,10,27,3,67,54,1065,1057,1215,0,0,0,False,False,False,True,2015-01-23,False,2015-03-08 20:06:21,,
381,23680102,91,3,2,110,10,27,3,72,54,1063,1057,1215,0,0,0,False,False,False,True,2015-01-23,False,2015-03-08 20:07:42,,
382,,91,4,2,793,10,334,3,94,70,1107,1107,1238,0,0,0,False,False,False,True,2015-01-23,False,2015-03-08 20:12:10,,
383,23680502,91,5,2,792,5,27,3,89,74,1094,1094,1220,0,0,0,False,False,False,True,2015-01-23,False,2015-03-08 20:14:48,,
384,23663501,91,6,2,102,3,27,3,127.3,110,1065,1065,1215,0,0,0,False,False,False,True,2015-01-23,False,2015-03-08 20:16:26,,
385,,92,1,2,316,10,328,3,123,100,1220,1220,1666,1440,0,0,False,False,False,True,2015-02-13,False,2015-03-11 15:26:13,,
386,,92,2,2,316,10,328,3,117,100,1220,1220,1666,1440,0,0,False,False,False,True,2015-02-13,False,2015-03-11 15:29:26,,
387,,92,3,2,315,10,328,3,134,109,1219,1219,1666,1440,0,0,False,False,False,True,2015-02-13,False,2015-03-11 17:17:19,,
388,,92,4,2,315,10,328,3,128,109,1219,1219,1666,1440,0,0,False,False,False,True,2015-02-13,False,2015-03-11 17:19:09,,
389,,92,5,2,315,10,328,3,134,110,1219,1219,1666,1440,0,0,False,False,False,True,2015-02-13,False,2015-03-11 17:20:13,,
390,,92,6,2,125,3,328,3,134,110,1255,1240,1605,1460,0,0,False,False,False,True,2015-02-13,False,2015-03-11 17:21:54,,
391,24281301,93,1,2,796,5,249,3,73,47,795,795,882,809,0,0,False,False,False,True,2015-02-26,False,2015-03-11 17:37:29,,
392,24282902,93,2,2,795,3,249,3,79,53,737,737,871,0,0,0,False,False,False,True,2015-02-26,False,2015-03-11 17:39:04,,
393,21280301,93,3,2,11,4,10,3,84,68,675,675,675,0,0,0,False,False,False,True,2015-02-26,False,2015-03-11 17:40:54,,
394,21380542,94,1,2,47,9,221,3,60,40,751,751,815,0,0,0,False,False,False,True,2014-12-08,False,2015-03-11 19:15:20,,
395,21380541,94,2,2,47,12,221,3,65,40,751,751,815,0,0,0,False,False,False,True,2014-12-08,False,2015-03-11 19:20:45,,
396,21380541,94,3,2,47,12,221,3,64,40,750,750,815,0,0,0,False,False,False,True,2014-12-08,False,2015-03-11 19:22:52,,
397,21380541,94,4,2,47,12,221,3,66,40,750,750,814,0,0,0,False,False,False,True,2014-12-08,False,2015-03-11 19:23:50,,
398,21380541,94,5,2,47,12,221,3,66,40,750,750,814,0,0,0,False,False,False,True,2014-12-08,False,2015-03-11 19:25:10,,
399,21380541,94,6,2,47,12,221,3,67,39,750,750,814,0,0,0,False,False,False,True,2014-12-08,False,2015-03-11 19:27:12,,
400,21380242,94,7,2,42,10,221,3,66,40,753,753,791,0,0,0,False,False,False,True,2014-12-08,False,2015-03-11 19:31:53,,
401,21380241,94,8,2,42,10,221,3,61,40,750,750,791,0,0,0,False,False,False,True,2014-12-08,False,2015-03-11 19:33:33,,
402,21380241,94,9,2,42,10,221,3,60,40,751,751,792,0,0,0,False,False,False,True,2014-12-08,False,2015-03-11 19:34:52,,
403,21380142,94,10,2,44,10,221,3,71,52,752,752,792,0,0,0,False,False,False,True,2014-12-08,False,2015-03-11 19:36:41,,
404,21380141,94,11,2,40,10,221,3,78,52,751,751,792,0,0,0,False,False,False,True,2014-12-08,False,2015-03-11 19:38:54,,
405,25442504,94,12,2,774,3,263,3,160,138,990,975,1023,0,0,0,False,False,False,True,2014-12-08,False,2015-03-11 19:40:41,,
406,25442504,94,13,2,774,3,263,3,160,141,987,973,1025,0,0,0,False,False,False,True,2014-12-08,False,2015-03-11 19:41:44,,
407,,95,1,2,267,10,78,3,66,49,885,885,926,0,0,0,False,False,False,True,2015-02-10,False,2015-03-11 21:24:53,,
408,,95,2,2,267,10,78,3,60,47,884,884,927,0,0,0,False,False,False,True,2015-02-10,False,2015-03-11 21:25:48,,
409,,95,3,2,267,10,78,3,70,49,885,885,927,0,0,0,False,False,False,True,2015-02-10,False,2015-03-11 21:26:33,,
410,,95,4,2,267,8,78,1,70,48,886,886,927,0,0,0,False,False,False,True,2015-02-10,False,2015-03-11 21:28:03,,
411,,95,5,2,267,8,78,1,70,48,885,885,927,0,0,0,False,False,False,True,2015-02-10,False,2015-03-11 21:28:59,,
412,,95,6,2,267,8,78,1,70,48,884,884,927,0,0,0,False,False,False,True,2015-02-10,False,2015-03-11 21:29:38,,
413,,95,7,2,267,8,78,3,69,47,884,884,926,0,0,0,False,False,False,True,2015-02-10,False,2015-03-11 21:30:31,,
414,,95,8,2,267,8,78,3,70,47,885,885,927,0,0,0,False,False,False,True,2015-02-10,False,2015-03-11 21:31:17,,
415,,95,9,2,267,3,78,1,69,47,898,898,924,0,0,0,False,False,False,True,2015-02-10,False,2015-03-11 21:32:40,,
416,,96,1,2,267,3,78,3,69,47,915,890,927,0,0,0,False,False,False,True,2015-02-06,False,2015-03-12 22:29:34,,
417,,96,2,2,267,3,78,3,69,48,915,892,927,0,0,0,False,False,False,True,2015-02-06,False,2015-03-12 22:30:05,,
418,,96,3,2,456,11,78,1,70,46,902,902,927,0,0,0,False,False,False,True,2015-02-06,False,2015-03-12 22:31:09,,
419,,97,1,2,267,2,78,3,68,117,908,894,927,0,0,0,False,False,False,True,2015-01-15,False,2015-03-12 22:56:46,,
420,,97,2,2,267,2,78,3,70,48,895,882,925,0,0,0,False,False,False,True,2015-01-15,False,2015-03-12 22:57:55,,
421,,98,1,2,272,3,85,3,93,78,932,912,932,0,0,0,False,False,False,True,2015-02-16,False,2015-03-15 14:24:33,,
422,,98,2,2,464,8,356,3,113,98,909,900,930,0,0,0,False,False,False,True,2015-02-16,False,2015-03-15 14:26:33,,
423,,98,3,2,464,8,356,1,112,98,910,904,930,0,0,0,False,False,False,True,2015-02-16,False,2015-03-15 17:00:19,,
424,,99,1,2,274,10,85,3,87,63,934,905,934,0,0,0,False,False,False,True,2015-02-16,False,2015-03-16 17:17:58,,
425,,99,2,2,463,3,356,3,86,68,943,929,943,0,0,0,False,False,False,True,2015-02-16,False,2015-03-16 17:20:05,,
426,,99,3,2,463,3,356,3,87,69,943,930,943,0,0,0,False,False,False,True,2015-02-16,False,2015-03-16 17:21:13,,
427,,99,4,2,463,3,356,3,87,69,943,938,945,0,0,0,False,False,False,True,2015-02-16,False,2015-03-16 17:22:08,,
428,,99,5,2,274,10,85,1,88,62,900,900,933,0,0,0,False,False,False,True,2015-02-16,False,2015-03-16 17:24:59,,
429,,99,6,2,272,3,85,3,92,77,930,914,930,0,0,0,False,False,False,True,2015-02-16,False,2015-03-16 17:26:19,,
430,,99,7,2,274,10,85,3,88,59,933,905,933,0,0,0,False,False,False,True,2015-02-16,False,2015-03-16 17:30:15,,
431,,99,8,2,275,11,85,1,106,79,890,899,932,0,0,0,False,False,False,True,2015-02-16,False,2015-03-16 17:31:12,,
432,,99,9,2,275,11,85,1,110,79,934,914,934,0,0,0,False,False,False,True,2015-02-16,False,2015-03-16 17:32:12,,
433,21511099,100,1,2,70,4,85,3,80,58,1110,1110,1213,0,0,0,False,False,False,True,2015-02-03,False,2015-03-16 17:50:26,,
434,21511099,100,2,2,70,4,300,3,79,58,1110,1110,1213,0,0,0,False,False,False,True,2015-02-03,False,2015-03-16 17:52:46,,
435,21511099,100,3,2,70,4,300,3,80,58,1110,1110,1213,0,0,0,False,False,False,True,2015-02-03,False,2015-03-16 17:53:41,2015-03-16 17:54:26,
436,21511099,100,4,2,70,4,300,3,80,58,1110,1110,1213,0,0,0,False,False,False,True,2015-02-03,False,2015-03-16 17:56:42,2015-03-16 17:56:58,
437,21511099,100,5,2,70,4,300,3,80,58,1110,1110,1213,0,0,0,False,False,False,True,2015-02-03,False,2015-03-16 19:28:59,,
438,21510904,100,6,2,69,3,300,3,90,70,1070,1070,1070,0,0,0,False,False,False,True,2015-02-03,False,2015-03-16 19:32:14,,
439,21510904,100,7,2,69,3,300,3,90,70,1070,1070,1070,0,0,0,False,False,False,True,2015-02-03,False,2015-03-16 19:33:59,,
440,21510904,100,8,2,69,3,300,3,90,70,1070,1070,1070,0,0,0,False,False,False,True,2015-02-03,False,2015-03-16 19:36:12,,
441,21510904,100,9,2,69,3,300,3,91,70,1070,1070,1070,0,0,0,False,False,False,True,2015-02-03,False,2015-03-16 19:37:01,,
442,21510904,100,10,2,69,3,300,3,90,70,1070,1070,1070,0,0,0,False,False,False,True,2015-02-03,False,2015-03-17 15:47:59,,
443,21511203,100,11,2,73,10,300,3,79,55,1063,1063,1063,0,0,0,False,False,False,True,2015-02-03,False,2015-03-17 15:49:28,,
444,21511203,100,12,2,63,10,300,3,78,55,1063,1063,1063,0,0,0,False,False,False,True,2015-02-03,False,2015-03-17 15:50:33,,
445,21511203,100,13,2,63,10,300,3,79,55,1064,1064,1064,0,0,0,False,False,False,True,2015-02-03,False,2015-03-17 15:52:04,,
446,21511203,100,14,2,63,10,300,3,78,55,1064,1064,1064,0,0,0,False,False,False,True,2015-02-03,False,2015-03-17 15:53:06,,
447,21511402,100,15,2,64,10,300,3,84,65,1064,1064,1064,0,0,0,False,False,False,True,2015-02-03,False,2015-03-17 15:54:45,,
448,21511203,100,16,2,64,10,300,3,83,65,1064,1064,1064,0,0,0,False,False,False,True,2015-02-03,False,2015-03-17 15:55:55,,
449,21511302,100,17,2,65,10,300,3,100,80,1064,1064,1064,0,0,0,False,False,False,True,2015-02-03,False,2015-03-17 15:58:23,,
450,,101,1,2,267,3,78,1,69,47,915,891,927,0,0,0,False,False,False,True,2015-02-05,False,2015-03-17 19:48:26,,
451,,101,2,2,267,3,78,3,69,47,898,898,926,0,0,0,False,False,False,True,2015-02-05,False,2015-03-17 19:50:55,,
452,,101,3,2,267,10,78,1,69,49,896,896,926,0,0,0,False,False,False,True,2015-02-05,False,2015-03-17 19:57:21,,
453,,101,4,2,267,10,78,1,65,47,897,897,926,0,0,0,False,False,False,True,2015-02-05,False,2015-03-17 20:02:22,,
454,,101,5,2,267,10,78,3,70,48,892,880,926,0,0,0,False,False,False,True,2015-02-05,False,2015-03-17 20:05:02,,
455,,101,6,2,267,10,78,1,69,49,909,909,927,0,0,0,False,False,False,True,2015-02-05,False,2015-03-17 20:07:17,,
456,,102,1,2,468,5,78,3,88,63,990,980,990,0,0,0,False,False,False,True,2015-02-20,False,2015-03-17 20:30:27,,
457,,102,2,1,467,10,357,1,95,78,963,955,990,0,0,0,False,False,False,True,2015-02-20,False,2015-03-17 20:36:55,,
458,,102,3,2,468,8,357,3,88,70,965,955,990,0,0,0,False,False,False,True,2015-02-20,False,2015-03-17 20:38:51,,
459,,102,4,2,468,10,357,3,88,70,965,955,990,0,0,0,False,False,False,True,2015-02-20,False,2015-03-17 20:40:07,,
460,,102,5,2,467,3,357,3,95,76,990,983,990,0,0,0,False,False,False,True,2015-02-20,False,2015-03-17 20:44:02,,
461,,102,6,2,470,1,357,3,105,90,963,955,990,0,0,0,False,False,False,True,2015-02-20,False,2015-03-17 20:51:34,,
462,,102,7,2,469,8,357,3,114,97,965,955,990,0,0,0,False,False,False,True,2015-02-20,False,2015-03-17 20:59:25,,
463,,102,8,2,469,8,357,3,114,97,980,970,990,0,0,0,False,False,False,True,2015-02-20,False,2015-03-17 21:00:31,,
464,30950202,103,1,2,209,10,104,3,66,44,913,910,955,0,0,0,False,False,False,True,2015-02-24,False,2015-03-19 14:33:52,,
465,30950301,103,2,2,211,10,104,3,77,59,913,910,1016,0,0,0,False,False,False,True,2015-02-24,False,2015-03-19 14:35:01,,
466,,103,3,2,798,10,104,3,63,44,912,912,912,0,0,0,False,False,False,True,2015-02-24,False,2015-03-19 14:35:56,,
467,24404101,104,1,2,164,5,179,1,86,59,1110,1110,1204,0,0,0,False,False,False,True,2015-02-25,False,2015-03-19 14:45:29,,
468,24404101,104,2,2,164,5,179,3,86,58,1110,1110,1204,0,0,0,False,False,False,True,2015-02-25,False,2015-03-19 14:46:30,,
469,,105,1,2,799,12,128,1,85,56,1040,1040,1886,0,0,0,False,False,False,True,2015-02-16,False,2015-03-22 16:19:42,,
470,,106,1,2,310,10,35,3,129,110,1220,1220,1665,1440,0,0,False,False,False,True,2015-02-25,False,2015-03-22 16:40:21,,
471,25201301,107,1,2,203,5,164,3,85,63,1065,1065,1185,0,0,0,False,False,False,True,2015-03-04,False,2015-03-22 19:15:11,,
472,25201301,107,2,2,203,5,164,1,85,63,1065,1065,1187,0,0,0,False,False,False,True,2015-03-04,False,2015-03-22 19:17:03,,
473,,108,1,2,374,8,121,3,74,54,1130,1126,1280,0,0,0,False,False,False,True,2015-03-10,False,2015-03-22 19:47:58,,
474,,108,2,2,374,8,121,3,74,54,1130,1126,1279,0,0,0,False,False,False,True,2015-03-10,False,2015-03-22 19:52:38,,
475,,108,3,2,373,8,121,3,86,64,1130,1126,1248,0,0,0,False,False,False,True,2015-03-10,False,2015-03-22 19:57:28,,
476,,108,4,2,373,8,121,3,86,64,1130,1126,1247,0,0,0,False,False,False,True,2015-03-10,False,2015-03-22 20:19:25,,
477,,108,5,1,378,12,121,3,141,114,1119,1119,1294,0,0,0,False,False,False,True,2015-03-10,False,2015-03-22 20:23:05,,
478,21501101,109,1,2,56,12,268,3,59,42,1034,1034,1037,0,0,0,False,False,False,False,,False,2015-03-22 21:24:36,,
479,21501101,109,2,2,56,12,268,3,59,42,1034,1034,1087,0,0,0,False,False,False,False,,False,2015-03-22 21:25:56,,
480,21501101,109,3,2,56,12,268,3,58,42,1034,1034,1087,0,0,0,False,False,False,False,,False,2015-03-22 21:26:56,,
481,21501101,109,12,2,56,12,268,3,60,42,1035,1035,1086,0,0,0,False,False,False,False,,False,2015-03-22 21:28:55,,
482,21501101,109,22,2,56,12,268,3,58,42,1035,1035,1086,0,0,0,False,False,False,False,,False,2015-03-22 21:30:42,,
483,21501102,109,4,2,59,12,268,3,65,42,1034,1034,1087,0,0,0,False,False,False,False,,False,2015-03-22 21:33:05,,
484,21501102,109,5,2,56,12,268,3,65,41,1034,1034,1087,0,0,0,False,False,False,False,,False,2015-03-22 21:35:01,,
485,21501102,109,6,2,56,12,268,3,64,42,1035,1035,1087,0,0,0,False,False,False,False,,False,2015-03-22 21:37:10,,
486,21501102,109,13,2,56,12,268,3,64,42,1034,1034,1086,0,0,0,False,False,False,False,,False,2015-03-22 21:38:52,,
487,21501102,109,23,2,56,12,268,3,65,41,1035,1035,1087,0,0,0,False,False,False,False,,False,2015-03-22 21:43:41,,
488,21501102,109,24,2,56,12,268,3,65,42,1035,1035,1087,0,0,0,False,False,False,False,,False,2015-03-22 21:45:12,,
489,21501102,109,25,2,56,12,268,3,66,42,1035,1035,1086,0,0,0,False,False,False,False,,False,2015-03-22 21:46:30,,
490,21501201,109,7,2,57,12,268,3,71,52,1035,1035,1087,0,0,0,False,False,False,False,,False,2015-03-22 21:49:33,2015-03-22 22:14:54,
491,21501201,109,8,2,57,12,268,3,69,52,1035,1035,1087,0,0,0,False,False,False,False,,False,2015-03-22 22:13:00,,
492,21501201,109,26,2,57,12,268,3,71,52,1035,1035,1086,0,0,0,False,False,False,False,,False,2015-03-22 22:16:49,,
493,21501201,109,27,2,57,12,268,3,71,52,1035,1035,1087,0,0,0,False,False,False,False,,False,2015-03-22 22:36:32,,
494,21501201,109,28,2,57,12,268,3,72,53,1037,1037,1088,0,0,0,False,False,False,False,,False,2015-03-22 22:49:05,2015-03-22 22:49:56,
495,21500705,109,30,2,53,3,268,3,75,55,1040,1040,1040,0,0,0,False,False,False,False,,False,2015-03-22 22:54:05,,
496,21501401,109,11,2,60,9,268,3,58,34,1035,1035,1071,0,0,0,False,False,False,False,,False,2015-03-22 22:56:16,,
497,,109,21,2,60,9,268,3,58,34,1035,1035,1071,0,0,0,False,False,False,False,,False,2015-03-23 15:02:56,,
498,21501203,109,9,2,57,12,268,3,78,52,1035,1035,1086,0,0,0,False,False,False,False,,False,2015-03-23 15:10:35,,
499,21371601,110,1,2,39,4,5,3,67,50,766,762,799,0,0,0,False,False,False,True,2015-02-26,False,2015-03-30 16:44:24,,
500,22301301,111,1,2,92,3,120,3,90,61,1032,1032,1165,1063,0,0,False,False,False,True,2015-03-19,False,2015-03-30 17:32:11,,
501,21510602,112,1,2,68,9,300,3,71,52,1032,1032,1116,1045,0,0,False,False,False,True,2015-03-17,False,2015-03-30 19:44:32,,
502,21510904,112,2,2,69,3,300,3,91,70,1070,1070,1070,0,0,0,False,False,False,True,2015-03-17,False,2015-03-30 19:46:04,,
503,25200803,113,1,2,202,3,164,3,119.5,102,1050,1045,1145,0,0,0,False,False,False,True,2015-03-16,False,2015-03-30 20:04:48,,
504,,114,1,2,262,10,131,3,66,51,926,915,1041,0,0,0,False,False,False,True,2015-02-06,False,2015-03-30 20:28:14,,
505,,114,2,2,260,3,131,3,69,59,916,916,1040,0,0,0,False,False,False,True,2015-02-06,False,2015-03-30 20:29:20,,
506,,115,1,2,281,10,90,1,86,70,930,930,965,0,0,0,False,False,False,True,2015-03-10,False,2015-03-31 22:46:07,,
507,25447301,116,1,2,800,3,263,3,150,128,940,930,1058,0,0,0,False,False,False,True,2015-03-11,False,2015-03-31 22:52:45,,
508,21260205,117,1,2,3,3,315,3,55,24,572,572,595,0,2,2,False,False,False,True,2015-03-03,False,2015-04-01 16:13:56,,
509,21300403,117,2,2,15,3,298,3,67,48,532,532,558,0,0,0,False,False,False,True,2015-03-03,False,2015-04-01 16:15:40,,
510,,117,3,2,284,3,156,3,59,36,519,519,604,0,0,0,False,False,False,True,2015-03-03,False,2015-04-01 16:17:20,2015-04-01 16:21:34,
511,,117,4,2,284,3,156,1,59,37,519,519,604,0,0,0,False,False,False,True,2015-03-03,False,2015-04-01 16:21:19,,
512,,117,5,2,284,3,156,1,59,37,520,520,605,0,0,0,False,False,False,True,2015-03-03,False,2015-04-01 16:22:17,,
513,,117,6,2,284,3,156,3,59,36,519,519,604,0,0,0,False,False,False,True,2015-03-03,False,2015-04-01 16:23:06,,
514,,117,7,2,284,3,156,3,59,32,519,519,605,0,0,0,False,False,False,True,2015-03-03,False,2015-04-01 16:23:42,,
515,,118,1,2,310,10,35,3,129,110,1220,1220,1665,1440,0,0,False,False,False,True,2015-03-10,False,2015-04-05 14:56:40,,
516,,118,2,2,243,11,128,3,82,59,1167,1167,2013,0,0,0,False,False,False,True,2015-03-10,False,2015-04-05 15:00:14,,
517,,118,3,2,243,10,128,3,89,59,1164,1164,2013,0,0,0,False,False,False,True,2015-03-10,False,2015-04-05 15:03:57,,
518,,119,1,2,239,10,128,3,85,58,1037,1037,1884,0,0,0,False,False,False,True,2015-02-25,False,2015-04-05 15:35:01,,
519,,119,2,2,779,12,128,3,88,51,1037,1037,1879,0,0,0,False,False,False,True,2015-02-25,False,2015-04-05 15:36:42,,
520,,119,3,2,224,3,128,3,128,98,1037,1037,1205,0,0,0,False,False,False,True,2015-02-25,False,2015-04-05 15:37:44,,
521,,119,4,2,224,3,128,3,128,98,1037,1037,1205,0,0,0,False,False,False,True,2015-02-25,False,2015-04-05 15:38:31,,
522,,120,1,2,281,10,90,1,87,67,775,760,965,0,0,0,False,False,False,True,2015-03-13,False,2015-04-06 19:58:58,,
523,,120,2,2,281,10,90,1,88,68,925,915,965,0,0,0,False,False,False,True,2015-03-13,False,2015-04-06 20:01:16,,
524,21300403,121,1,2,15,3,298,3,67,48,531,531,558,0,0,0,False,False,False,True,2015-03-16,False,2015-04-06 20:29:07,,
525,21300403,121,2,2,15,3,298,3,67.5,48,530,530,557,0,0,0,False,False,False,True,2015-03-16,False,2015-04-06 20:30:19,,
526,25200302,121,3,2,199,9,164,1,70,49,1023,1017,1080,0,0,0,False,False,False,True,2015-03-16,False,2015-04-06 20:40:46,,
527,25202601,121,4,2,206,9,164,3,69,56.5,1021,1021,1021,0,0,0,False,False,False,True,2015-03-16,False,2015-04-06 20:42:27,,
528,21371601,122,1,2,39,4,276,3,68,51,766.8,766.8,799.7,0,0,0,False,False,False,True,2015-02-26,False,2015-04-06 21:03:16,,
529,,123,1,2,310,10,35,3,128,110,1218,1218,1665,1440,0,0,False,False,False,True,2015-03-27,False,2015-04-07 16:52:34,,
530,25200201,124,1,2,198,10,164,3,77,57,1050,1040,1162,0,0,0,False,False,False,True,2015-03-24,False,2015-04-07 22:13:45,,
531,,125,1,2,283,11,90,3,77,56,930,920,965,0,0,0,False,False,False,True,2015-03-16,False,2015-04-13 15:10:24,,
532,,126,1,2,410,10,347,3,68,48,902,902,925,0,0,0,False,False,False,True,2015-03-25,False,2015-04-13 15:56:24,,
533,,126,2,2,410,10,347,3,67,48,901,901,925,0,0,0,False,False,False,True,2015-03-25,False,2015-04-13 15:57:10,,
534,,126,3,2,410,10,347,3,69,48,903,903,925,0,0,0,False,False,False,True,2015-03-25,False,2015-04-13 16:09:15,,
535,,126,4,2,410,10,347,1,68,49,900,900,925,0,0,0,False,False,False,True,2015-03-25,False,2015-04-13 16:10:42,,
536,,126,5,2,410,10,347,3,69,47,895,885,925,0,0,0,False,False,False,True,2015-03-25,False,2015-04-13 16:11:18,,
537,21360404,127,1,2,17,3,275,3,77,61,740,740,740,0,0,0,False,False,False,True,2015-03-24,False,2015-04-14 17:26:07,,
538,25200803,130,1,2,202,3,164,3,120,102,1050,1045,1145,0,0,0,False,False,False,True,2015-03-06,False,2015-04-15 16:31:45,,
539,25200803,130,2,2,202,3,164,3,120,101,1050,1045,1145,0,0,0,False,False,False,True,2015-03-06,False,2015-04-15 16:33:01,,
540,25202701,131,1,2,207,9,164,3,70,55,1022,1018,1022,0,0,0,False,False,False,True,2015-04-07,False,2015-04-16 14:23:55,,
541,25202701,131,2,2,207,9,164,3,70,55,1022,1018,1022,0,0,0,False,False,False,True,2015-04-07,False,2015-04-16 14:28:01,,
542,,132,1,2,277,10,85,3,59,62,933,905,933,0,0,0,False,False,False,True,2015-04-08,False,2015-04-16 15:25:09,,
543,,132,2,2,272,3,85,3,94,77,933,904,933,0,0,0,False,False,False,True,2015-04-08,False,2015-04-16 15:27:08,,
544,,132,3,2,464,8,356,3,114,98,910,900,930,0,0,0,False,False,False,True,2015-04-08,False,2015-04-16 15:30:24,,
545,,132,4,2,464,8,356,3,115,98,910,900,930,0,0,0,False,False,False,True,2015-04-08,False,2015-04-16 15:31:53,,
546,21511203,133,1,2,73,10,300,3,80,55,1064,1064,1064,0,0,0,False,False,False,True,2015-03-25,False,2015-04-16 21:31:48,,
547,,134,1,2,807,3,35,3,130,109,1500,1500,1638,0,0,0,False,False,False,True,2015-03-27,False,2015-04-16 21:52:20,,
548,,134,2,2,311,10,35,3,122,100,1218,1218,1666,1440,0,0,False,False,False,True,2015-03-27,False,2015-04-16 21:54:20,,
549,,134,3,2,310,10,35,3,134,110,1219,1219,1666,1440,0,0,False,False,False,True,2015-03-27,False,2015-04-16 21:56:22,,
550,,134,4,2,310,10,35,3,127,110,1219,1219,1666,1440,0,0,False,False,False,True,2015-03-27,False,2015-04-16 21:58:29,,
551,21370102,135,1,2,24,10,276,1,59,35,750,750,813,0,0,0,False,False,False,True,2015-03-20,False,2015-04-16 22:19:13,2015-04-16 22:31:10,
552,21370604,135,2,2,32,3,276,1,74,55,750,750,750,0,0,0,False,False,False,True,2015-03-20,False,2015-04-16 22:21:41,2015-04-16 22:30:52,
553,21360501,135,3,2,18,4,275,3,105,85,760,760,760,0,0,0,False,False,False,True,2015-03-20,False,2015-04-16 22:30:42,,
554,,136,1,2,808,11,144,3,84,60,1160,1160,1471,0,0,0,False,False,False,True,2015-04-08,False,2015-04-20 14:13:45,,
555,,136,2,2,808,11,144,3,85,60,1160,1160,1471,0,0,0,False,False,False,True,2015-04-08,False,2015-04-20 14:14:46,,
556,21300403,137,1,2,15,3,298,3,68,47,532,532,559,0,0,0,False,False,False,True,2015-04-08,False,2015-04-20 14:54:34,,
557,21300403,137,2,2,13,10,298,3,62,42,536,536,564,0,0,0,False,False,False,True,2015-04-08,False,2015-04-20 14:55:37,,
558,24404101,138,1,2,164,5,179,3,87,59,1111,1111,1204,0,0,0,False,False,False,True,2015-04-08,False,2015-05-04 16:31:43,2015-05-04 16:32:40,
559,24404101,138,2,2,164,5,179,3,86,59,1111,1111,1204,0,0,0,False,False,False,True,2015-04-08,False,2015-05-04 16:32:32,,
560,24404101,138,3,2,167,5,179,1,87,59,1111,1111,1204,0,0,0,False,False,False,True,2015-04-08,False,2015-05-04 16:33:41,,
561,21511204,139,1,2,73,10,300,3,72,55,1064,1064,1064,0,0,0,False,False,False,True,2015-01-30,False,2015-05-04 17:00:24,,
562,,140,1,2,350,3,117,3,129,101,1135,1135,1253,0,0,0,False,False,False,True,2015-04-01,False,2015-05-04 17:09:27,,
563,30950701,141,1,2,213,5,104,3,79,54,960,960,1040,0,0,0,False,False,False,True,2015-04-17,False,2015-05-04 17:18:09,,
564,,143,1,2,217,3,335,1,87,70,930,930,965,0,0,0,False,False,False,True,2015-04-07,False,2015-05-17 17:00:11,2015-05-17 17:00:38,
565,,143,2,2,281,10,90,1,89,60,1034,1030,1140,0,0,0,False,False,False,True,2015-04-07,False,2015-05-17 17:02:40,2015-05-17 17:03:18,
566,,144,1,2,334,10,344,3,76,56,1160,1160,1290,0,0,0,False,False,False,True,2015-04-07,False,2015-05-17 22:28:59,,
567,,144,2,2,331,3,344,3,1110,110,1160,1160,1354,1164,0,0,False,False,False,True,2015-04-07,False,2015-05-17 22:29:51,,
568,,144,3,2,331,3,344,3,140,110,1160,1160,1354,1164,0,0,False,False,False,True,2015-04-07,False,2015-05-17 22:30:41,,
569,21260302,142,1,2,691,3,156,1,69,50,519,519,519,0,0,0,False,False,False,True,2015-02-13,False,2015-05-21 16:38:33,,
570,21260302,142,2,2,691,3,156,1,68,49,520,520,520,0,0,0,False,False,False,True,2015-02-13,False,2015-05-21 16:42:33,,
571,,145,1,2,267,8,78,1,69,49,910,910,927,0,0,0,False,False,False,True,2015-04-07,False,2015-05-21 19:34:46,,
572,,145,2,2,267,10,78,3,69,47,915,892,926,0,0,0,False,False,False,True,2015-04-07,False,2015-05-21 19:36:18,,
573,,146,1,2,267,3,78,3,69,48,916,890,926,0,0,0,False,False,False,True,2015-03-24,False,2015-05-21 20:07:40,,
574,,146,2,2,267,8,78,1,70,48,888,878,927,0,0,0,False,False,False,True,2015-03-24,False,2015-05-21 20:12:30,,
575,,146,3,2,456,11,353,1,69,47,901,901,925,0,0,0,False,False,False,True,2015-03-24,False,2015-05-21 20:15:37,,
576,25442504,147,1,2,774,3,199,3,160,139,987,973,1025,0,0,0,False,False,False,True,2015-03-31,False,2015-05-21 20:59:52,,
577,25442504,147,2,2,774,3,263,1,160,138,987,973,1025,0,0,0,False,False,False,True,2015-03-31,False,2015-05-21 21:03:32,,
578,21500705,147,3,2,53,3,268,3,77,53,1039,1039,1039,0,0,0,False,False,False,True,2015-03-31,False,2015-05-21 21:06:47,,
579,,148,1,2,272,3,85,3,94,79,932,914,932,0,0,0,False,False,False,True,2015-04-20,False,2015-05-21 21:20:08,,
580,,148,2,2,464,8,356,3,113,98,910,900,930,0,0,0,False,False,False,True,2015-04-20,False,2015-05-21 21:21:19,,
581,,148,4,2,464,8,356,3,113,98,907,898,930,0,0,0,False,False,False,True,2015-04-20,False,2015-05-21 21:22:03,,
582,,148,3,2,275,11,85,1,108,80,914,914,934,0,0,0,False,False,False,True,2015-04-20,False,2015-05-21 21:23:40,,
583,,149,1,2,456,3,353,1,69,48,900,900,927,0,0,0,False,False,False,True,2015-04-07,False,2015-05-21 21:45:18,,
584,,149,2,2,267,3,78,1,66,48,890,890,880,927,0,0,False,False,False,True,2015-04-07,False,2015-05-21 21:48:01,,
585,,149,3,2,267,8,78,1,69,48,915,892,928,0,0,0,False,False,False,True,2015-04-07,False,2015-05-21 21:49:27,,
586,,150,1,2,272,3,85,3,93,77,931,915,931,0,0,0,False,False,False,True,2015-03-05,False,2015-05-21 22:51:43,,
587,,150,2,2,272,3,85,3,92,77,932,915,932,0,0,0,False,False,False,True,2015-03-05,False,2015-05-21 22:52:28,,
588,,150,3,2,275,11,85,1,109,79,933,916,933,0,0,0,False,False,False,True,2015-03-05,False,2015-05-21 22:54:01,,
589,,150,4,2,275,11,85,1,107,78,913,913,934,0,0,0,False,False,False,True,2015-03-05,False,2015-05-21 22:54:35,,
590,21360404,151,1,2,17,3,14,3,76,55,740,740,740,0,0,0,False,False,False,True,2015-04-07,False,2015-05-27 22:18:17,,
591,21300421,152,1,2,15,3,298,3,68,48,533,533,559,0,0,0,False,False,False,True,2015-01-23,False,2015-05-27 22:43:01,,
592,30900601,153,1,2,809,3,218,3,60,40,760,760,897,765,0,0,False,False,False,True,2015-04-06,False,2015-05-28 17:43:52,,
593,30900701,153,2,2,810,5,218,3,80,54,810,810,890,0,0,0,False,False,False,True,2015-04-06,False,2015-05-28 17:45:33,,
594,25447101,155,1,2,811,12,263,3,104,85,928,920,1057,0,0,0,False,False,False,True,2015-03-09,False,2015-05-28 21:48:46,,
595,25447101,155,2,2,811,12,263,3,102,85,930,920,1058,0,0,0,False,False,False,True,2015-03-09,False,2015-05-28 21:50:04,,
596,25447101,155,3,2,811,12,263,3,103,84,930,920,1058,0,0,0,False,False,False,True,2015-03-09,False,2015-05-28 21:51:55,,
597,25447301,155,4,2,800,3,263,3,149,130,940,927,1058,0,0,0,False,False,False,True,2015-03-09,False,2015-05-28 21:53:03,2015-05-28 21:53:21,
