Id,ReceiptVoucherId,ReceivableId,Code,Rate,Amount,AmountPaid,PPH23,Description,IsConfirmed,ConfirmationDate,IsDeleted,CreatedAt,UpdatedAt,DeletedAt
1,1,1053,2015.1.1.1,1,85053.31,85053.31,0,,False,,True,2015-01-27 16:38:06,2015-01-27 16:42:22,2015-01-27 16:44:19
2,1,1053,2015.1.1.1,1,85053.31,85053.31,0,,False,,True,2015-01-27 16:45:38,2015-01-28 10:04:26,2015-01-30 16:06:36
3,2,978,2015.1.2.2,1,7260000,7260000,0,,False,,True,2015-01-27 16:51:57,2015-01-30 16:04:38,2015-01-30 16:06:45
4,3,140,2015.1.3.3,1,3532.1,3532.1,0,,False,,True,2015-01-28 10:07:49,,2015-01-28 10:12:23
5,4,262,2015.1.4.3,1,5500000,5500000,0,,False,,True,2015-01-28 10:14:16,2015-01-30 16:06:05,2015-01-30 16:07:01
6,5,263,2015.1.4.4,1,8492000,8492000,0,,False,,True,2015-01-28 10:17:03,2015-01-30 16:06:10,2015-01-30 16:07:16
7,6,264,2015.1.5.5,1,2376000,2376000,0,,False,,True,2015-01-28 10:19:27,2015-01-30 16:06:00,2015-01-30 16:07:25
8,7,265,2015.1.6.6,1,4400000,4400000,0,,False,,True,2015-01-28 10:21:13,2015-01-30 16:04:43,2015-01-30 16:07:39
9,8,266,2015.1.7.7,1,1386000,1386000,0,,False,,True,2015-01-28 10:22:21,2015-01-30 16:04:54,2015-01-30 16:07:48
10,9,267,2015.1.8.8,1,19254400,19254400,0,,False,,True,2015-01-28 10:23:35,2015-01-30 16:04:58,2015-01-30 16:07:58
11,10,268,2015.1.9.9,1,3245000,3245000,0,,False,,True,2015-01-28 10:25:13,2015-01-30 16:05:03,2015-01-30 16:08:05
12,11,272,2015.1.10.10,1,1927200,1927200,0,,False,,True,2015-01-28 10:26:18,2015-01-30 16:05:09,2015-01-30 16:08:11
13,12,274,2015.1.11.11,1,1672000,1672000,0,,False,,True,2015-01-28 10:27:16,2015-01-30 16:05:13,2015-01-30 16:08:18
14,13,275,2015.1.12.12,1,858000,858000,0,,False,,True,2015-01-28 10:28:10,2015-01-30 16:05:17,2015-01-30 16:08:24
15,14,276,2015.1.13.13,1,27390000,27390000,0,,False,,True,2015-01-28 10:29:16,2015-01-30 16:05:21,2015-01-30 16:08:32
16,15,278,2015.1.14.14,1,3696000,3696000,0,,False,,True,2015-01-28 10:32:29,2015-01-30 16:05:27,2015-01-30 16:08:38
17,16,279,2015.1.15.15,1,1672000,1672000,0,,False,,True,2015-01-28 10:33:21,2015-01-30 16:05:32,2015-01-30 16:08:45
18,17,280,2015.1.16.16,1,15290000,15290000,0,,False,,True,2015-01-28 10:34:23,2015-01-30 16:05:36,2015-01-30 16:08:54
19,18,281,2015.1.17.17,1,739200,739200,0,,False,,True,2015-01-28 10:35:12,2015-01-30 16:05:40,2015-01-30 16:09:01
20,19,282,2015.1.18.18,1,3036000,3036000,0,,False,,True,2015-01-28 10:36:10,2015-01-30 16:05:44,2015-01-30 16:09:08
21,20,270,2015.1.19.19,1,20754800,20754800,0,,False,,True,2015-01-28 10:37:16,2015-01-30 16:05:49,2015-01-30 16:09:15
22,10,269,2015.1.9.20,1,49,49,0,,False,,True,2015-01-28 10:38:15,,2015-01-28 10:38:20
23,21,2562,2015.2.1.1,1,100000,100000,0,PELUNASAN,False,,True,2015-02-02 16:26:30,2015-02-02 16:31:31,2015-02-02 16:32:14
24,24,1086,2015.2.1.1,1,10031078.75,10031078.75,0,Pel.DPP+PPN 002.14.87583022,False,,True,2015-02-04 14:17:04,2015-02-04 14:20:33,2015-02-04 14:20:48
25,24,1087,2015.2.1.2,1,4299033.75,4299033.75,0,Pel.DPP+PPN.002.14.87583028,False,,True,2015-02-04 14:17:45,2015-02-04 14:20:33,2015-02-04 14:20:51
26,29,1053,2015.2.1.1,1,85053.31,85053.31,0,,True,2014-12-01,False,2015-02-10 16:28:14,2015-02-10 16:34:35,
27,30,978,2015.2.2.2,1,7260000,7260000,0,,False,,True,2015-02-10 16:40:29,2015-02-10 16:41:58,2015-02-10 16:43:13
28,31,972,2015.2.3.2,1,19052000,19052000,0,,True,2014-12-01,False,2015-02-10 16:46:35,,
29,32,1131,2015.2.4.3,1,4870800,4870800,0,,True,2014-12-01,False,2015-02-10 16:50:57,2015-02-10 16:51:10,
30,36,798,2015.2.6.4,1,88566288.8,88566288.8,0,,True,2014-12-29,False,2015-02-10 17:05:04,,
31,36,799,2015.2.6.5,1,14300000,14300000,0,,True,2014-12-29,False,2015-02-10 17:05:39,,
32,36,800,2015.2.6.6,1,14242800,14242800,0,,True,2014-12-29,False,2015-02-10 17:06:00,,
33,38,23,2015.2.6.7,1,3770069.05,3770069.05,0,,False,,True,2015-02-10 17:11:10,2015-02-10 17:15:53,2015-02-10 17:16:12
34,36,801,2015.2.6.7,1,63965405.9,63965405.9,0,,True,2014-12-29,False,2015-02-10 17:25:30,,
35,36,802,2015.2.6.8,1,65690028.8,65690028.8,0,,True,2014-12-29,False,2015-02-10 17:26:08,,
36,36,803,2015.2.6.9,1,64956478.4,64956478.4,0,,True,2014-12-29,False,2015-02-10 17:26:50,,
37,36,804,2015.2.6.10,1,53962697.8,53962697.8,0,,True,2014-12-29,False,2015-02-10 17:27:35,,
38,36,805,2015.2.6.11,1,37243800,37243800,0,,True,2014-12-29,False,2015-02-10 17:28:02,,
39,30,978,2015.2.2.12,1,7260000,7260000,0,,True,2014-12-01,False,2015-02-10 17:34:48,,
40,39,757,2015.2.6.13,1,1056000,1056000,0,,True,2014-12-01,False,2015-02-10 17:36:47,,
41,42,687,2015.2.7.14,1,3520000,3520000,0,,True,2014-12-02,False,2015-02-10 17:50:18,,
42,43,890,2015.2.8.15,1,7216000,7216000,0,,True,2014-12-02,False,2015-02-10 17:52:48,,
43,43,891,2015.2.8.16,1,5060000,5060000,0,,True,2014-12-02,False,2015-02-10 17:53:12,,
44,43,892,2015.2.8.17,1,55000,55000,0,BAYAR SEBAGIAN,True,2014-12-02,False,2015-02-10 17:53:54,,
45,44,1118,2015.2.9.18,1,4653000,4653000,0,,True,2014-12-02,False,2015-02-10 17:56:38,,
46,46,649,2015.2.10.19,1,138,138,0,PPN,False,,True,2015-02-10 18:00:50,2015-02-10 18:01:43,2015-02-10 18:02:53
47,46,649,2015.2.10.19,1,138,138,0,,False,,True,2015-02-10 18:03:20,,2015-02-10 18:03:37
48,47,1086,2015.2.10.19,1,10031078.75,10031078.75,0,,True,2014-12-02,False,2015-02-10 19:11:35,,
49,47,1087,2015.2.10.20,1,4299033.75,4299033.75,0,,True,2014-12-02,False,2015-02-10 19:11:56,,
50,48,41,2015.2.11.21,1,10230000,10230000,0,,True,2014-12-02,False,2015-02-10 19:16:39,,
51,49,23,2015.2.12.22,1,3770069.05,3770069.05,0,,True,2014-12-02,False,2015-02-10 19:18:39,,
52,50,516,2015.2.13.23,1,3036000,3036000,0,,True,2014-12-02,False,2015-02-10 19:26:17,2015-02-10 19:26:36,
53,54,671,2015.2.14.24,1,1650000,1650000,0,,True,2014-12-04,False,2015-02-10 19:40:41,2015-02-10 19:41:19,
54,54,672,2015.2.14.25,1,6600000,6600000,0,,True,2014-12-04,False,2015-02-10 19:41:05,2015-02-10 19:41:26,
55,56,270,2015.2.16.26,1,20754800,20754800,377360,,True,2014-12-05,False,2015-02-10 19:48:10,2015-02-10 20:04:02,
56,56,273,2015.2.16.27,1,3187800,3187800,57960,,True,2014-12-05,False,2015-02-10 19:48:36,2015-02-10 20:04:02,
57,56,259,2015.2.16.28,1,5381200,5381200,0,,True,2014-12-05,False,2015-02-10 19:48:56,2015-02-10 20:04:02,
58,56,260,2015.2.16.29,1,8091600,8091600,0,,True,2014-12-05,False,2015-02-10 19:49:15,2015-02-10 20:04:02,
59,56,261,2015.2.16.30,1,2068000,2068000,0,,True,2014-12-05,False,2015-02-10 19:49:33,2015-02-10 20:04:02,
60,56,262,2015.2.16.31,1,5500000,5500000,0,,True,2014-12-05,False,2015-02-10 19:49:53,2015-02-10 20:04:02,
61,56,263,2015.2.16.32,1,8492000,8492000,0,,True,2014-12-05,False,2015-02-10 19:50:10,2015-02-10 20:04:02,
62,56,264,2015.2.16.33,1,2376000,2376000,0,,True,2014-12-05,False,2015-02-10 19:50:35,2015-02-10 20:04:02,
63,56,265,2015.2.16.34,1,4400000,4400000,0,,True,2014-12-05,False,2015-02-10 19:50:53,2015-02-10 20:04:02,
64,56,266,2015.2.16.35,1,1386000,1386000,0,,True,2014-12-05,False,2015-02-10 19:51:10,2015-02-10 20:04:02,
65,56,267,2015.2.16.36,1,19254400,19254400,0,,True,2014-12-05,False,2015-02-10 19:51:27,2015-02-10 20:04:02,
66,56,268,2015.2.16.37,1,3245000,3245000,0,,True,2014-12-05,False,2015-02-10 19:51:46,2015-02-10 20:04:02,
67,56,272,2015.2.16.38,1,1927200,1927200,0,,True,2014-12-05,False,2015-02-10 19:52:10,2015-02-10 20:04:02,
68,56,274,2015.2.16.39,1,1672000,1672000,0,,True,2014-12-05,False,2015-02-10 19:52:32,2015-02-10 20:04:02,
69,56,275,2015.2.16.40,1,858000,858000,0,,True,2014-12-05,False,2015-02-10 19:53:06,2015-02-10 20:04:03,
70,56,276,2015.2.16.41,1,27390000,27390000,0,,True,2014-12-05,False,2015-02-10 19:53:51,2015-02-10 20:04:03,
71,56,278,2015.2.16.42,1,3696000,3696000,0,,True,2014-12-05,False,2015-02-10 19:54:14,2015-02-10 20:04:03,
72,56,279,2015.2.16.43,1,1672000,1672000,0,,True,2014-12-05,False,2015-02-10 19:54:32,2015-02-10 20:04:03,
73,56,280,2015.2.16.44,1,15290000,15290000,0,,True,2014-12-05,False,2015-02-10 19:54:51,2015-02-10 20:04:03,
74,56,281,2015.2.16.45,1,739200,739200,0,,True,2014-12-05,False,2015-02-10 19:55:10,2015-02-10 20:04:03,
75,56,282,2015.2.16.46,1,3036000,3036000,0,,True,2014-12-05,False,2015-02-10 19:55:30,2015-02-10 20:04:03,
76,58,758,2015.2.17.47,1,3361600,3361600,0,,True,2014-12-05,False,2015-02-10 20:07:28,2015-02-10 20:08:30,
77,59,269,2015.2.18.48,1,49442800,49442800,898960,,True,2014-12-05,False,2015-02-10 20:11:07,,
78,59,277,2015.2.18.49,1,45465200,45465200,826640,,True,2014-12-05,False,2015-02-10 20:11:30,,
79,59,284,2015.2.18.50,1,3538700,3538700,64340,,True,2014-12-05,False,2015-02-10 20:11:51,,
80,59,271,2015.2.18.51,1,83730900,83730900,0,,True,2014-12-05,False,2015-02-10 20:12:11,,
81,60,128,2015.2.19.52,1,1980000,1980000,0,,True,2014-12-05,False,2015-02-10 20:14:09,,
82,62,967,2015.2.20.53,1,1034000,1034000,0,,True,2014-12-08,False,2015-02-10 20:17:35,,
83,63,966,2015.2.21.54,1,990000,990000,0,,True,2014-12-08,False,2015-02-10 20:18:53,,
84,64,72,2015.2.22.55,1,6897000,6897000,125400,,True,2014-12-08,False,2015-02-10 20:21:33,,
85,64,73,2015.2.22.56,1,77684200,77684200,1412440,,True,2014-12-08,False,2015-02-10 20:21:57,,
86,65,94,2015.2.23.57,1,1830400,1830400,0,,True,2014-12-10,False,2015-02-10 20:24:47,,
87,66,1132,2015.2.24.58,1,4070000,4070000,0,,True,2014-12-08,False,2015-02-10 20:26:06,,
88,67,892,2015.2.25.59,1,5005000,5005000,0,,True,2014-12-10,False,2015-02-10 20:27:34,,
89,67,893,2015.2.25.60,1,3795000,3795000,0,,True,2014-12-10,False,2015-02-10 20:27:53,,
90,67,894,2015.2.25.61,1,7317200,7317200,0,,True,2014-12-10,False,2015-02-10 20:28:12,,
91,67,895,2015.2.25.62,1,3795000,3795000,0,,True,2014-12-10,False,2015-02-10 20:28:27,,
92,67,896,2015.2.25.63,1,2530000,2530000,0,,True,2014-12-10,False,2015-02-10 20:28:42,,
93,68,688,2015.2.25.64,1,4620000,4620000,0,,True,2014-12-10,False,2015-02-10 20:31:00,,
94,70,77,2015.2.26.65,1,18095000,18095000,0,,True,2014-12-11,False,2015-02-10 20:35:03,,
95,71,795,2015.2.27.66,1,18400000,18400000,0,,True,2014-12-11,False,2015-02-10 20:37:20,,
96,72,666,2015.2.28.67,1,23320000,23320000,0,,True,2014-12-11,False,2015-02-10 20:39:43,,
97,73,24,2015.2.29.68,1,30529611.2,30529611.2,0,,True,2014-12-11,False,2015-02-10 20:41:23,2015-02-10 20:41:39,
98,75,1089,2015.2.30.69,1,13012745.62,13012745.62,0,,True,2014-12-11,False,2015-02-10 20:44:51,2015-02-10 20:46:46,
99,75,1090,2015.2.30.70,1,4337581.87,4337581.87,0,,True,2014-12-11,False,2015-02-10 20:45:13,2015-02-10 20:46:46,
100,76,306,2015.2.31.71,1,23733600,23733600,431520,,True,2014-12-12,False,2015-02-10 20:51:56,2015-02-10 20:53:12,
101,76,317,2015.2.31.72,1,3999600,3999600,72720,,True,2014-12-12,False,2015-02-10 20:52:21,2015-02-10 20:53:38,
102,76,318,2015.2.31.73,1,16804700,16804700,305540,,True,2014-12-12,False,2015-02-10 20:52:44,2015-02-10 20:54:01,
103,76,302,2015.2.31.74,1,14866500,14866500,0,,True,2014-12-12,False,2015-02-10 20:54:28,,
104,76,303,2015.2.31.75,1,18700000,18700000,0,,True,2014-12-12,False,2015-02-10 20:54:47,,
105,76,307,2015.2.31.76,1,20680000,20680000,0,,True,2014-12-12,False,2015-02-10 20:55:08,,
106,76,308,2015.2.31.77,1,8852800,8852800,0,,True,2014-12-12,False,2015-02-10 20:55:39,,
107,76,309,2015.2.31.78,1,3421000,3421000,0,,True,2014-12-12,False,2015-02-10 20:55:58,,
108,76,310,2015.2.31.79,1,7617500,7617500,0,,True,2014-12-12,False,2015-02-10 20:56:24,,
109,76,312,2015.2.31.80,1,3636600,3636600,0,,True,2014-12-12,False,2015-02-10 20:56:53,,
110,76,313,2015.2.31.81,1,11440000,11440000,0,,True,2014-12-12,False,2015-02-10 20:57:14,,
111,76,314,2015.2.31.82,1,10348800,10348800,0,,True,2014-12-12,False,2015-02-10 20:57:36,,
112,76,315,2015.2.31.83,1,1856800,1856800,0,,True,2014-12-12,False,2015-02-10 20:57:57,,
113,76,316,2015.2.31.84,1,4620000,4620000,0,,True,2014-12-12,False,2015-02-10 20:58:17,,
114,76,319,2015.2.31.85,1,21771200,21771200,0,,True,2014-12-12,False,2015-02-10 20:58:39,,
115,76,320,2015.2.31.86,1,5200800,5200800,0,,True,2014-12-12,False,2015-02-10 20:59:34,,
116,76,321,2015.2.31.87,1,2552000,2552000,0,,True,2014-12-12,False,2015-02-10 21:00:24,,
117,76,323,2015.2.31.88,1,8580000,8580000,0,,True,2014-12-12,False,2015-02-10 21:00:53,,
118,76,325,2015.2.31.89,1,4477000,4477000,0,,True,2014-12-12,False,2015-02-10 21:01:27,,
119,76,327,2015.2.31.90,1,3718000,3718000,0,,True,2014-12-12,False,2015-02-10 21:02:05,,
120,77,322,2015.2.32.91,1,11949300,11949300,217260,,True,2014-12-12,False,2015-02-10 21:06:47,,
121,77,331,2015.2.32.92,1,22862400,22862400,415680,,True,2014-12-12,False,2015-02-10 21:07:24,,
122,77,343,2015.2.32.93,1,21743700,21743700,395340,,True,2014-12-12,False,2015-02-10 21:07:59,,
123,77,324,2015.2.32.94,1,14300000,14300000,0,,True,2014-12-12,False,2015-02-10 21:08:19,,
124,77,326,2015.2.32.95,1,770000,770000,0,,True,2014-12-12,False,2015-02-10 21:08:55,,
125,77,328,2015.2.32.96,1,7900200,7900200,0,,True,2014-12-12,False,2015-02-10 21:09:14,,
126,77,329,2015.2.32.97,1,3762000,3762000,0,,True,2014-12-12,False,2015-02-10 21:09:33,,
127,77,330,2015.2.32.98,1,259600,259600,0,,True,2014-12-12,False,2015-02-10 21:09:53,,
128,77,334,2015.2.32.99,1,3071200,3071200,0,,True,2014-12-12,False,2015-02-10 21:10:11,,
129,77,336,2015.2.32.100,1,2384800,2384800,0,,True,2014-12-12,False,2015-02-10 21:10:31,,
130,77,337,2015.2.32.101,1,198000,198000,0,,True,2014-12-12,False,2015-02-10 21:10:53,,
131,77,338,2015.2.32.102,1,1804000,1804000,0,,True,2014-12-12,False,2015-02-10 21:11:12,,
132,77,333,2015.2.32.103,1,11440000,11440000,0,,True,2014-12-12,False,2015-02-10 21:11:36,,
133,77,335,2015.2.32.104,1,11440000,11440000,0,,True,2014-12-12,False,2015-02-10 21:11:56,,
134,77,339,2015.2.32.105,1,1804000,1804000,0,,True,2014-12-12,False,2015-02-10 21:12:16,,
135,77,344,2015.2.32.106,1,2310000,2310000,0,,True,2014-12-12,False,2015-02-10 21:12:49,,
136,77,332,2015.2.32.107,1,31570000,31570000,0,,True,2014-12-12,False,2015-02-10 21:13:09,,
137,77,340,2015.2.32.108,1,9108000,9108000,0,,True,2014-12-12,False,2015-02-10 21:13:30,,
138,77,341,2015.2.32.109,1,4620000,4620000,0,,True,2014-12-12,False,2015-02-10 21:13:51,,
139,77,342,2015.2.32.110,1,4895000,4895000,0,,True,2014-12-12,False,2015-02-10 21:14:19,,
140,77,345,2015.2.32.111,1,11145200,11145200,0,,True,2014-12-12,False,2015-02-10 21:14:40,,
141,78,285,2015.2.33.112,1,20606300,20606300,374660,,True,2014-12-12,False,2015-02-10 21:16:55,,
142,78,294,2015.2.33.113,1,3903900,3903900,70980,,True,2014-12-12,False,2015-02-10 21:17:31,,
143,78,295,2015.2.33.114,1,3792800,3792800,68960,,True,2014-12-12,False,2015-02-10 21:17:59,,
144,78,296,2015.2.33.115,1,65595200,65595200,1192640,,True,2014-12-12,False,2015-02-10 21:18:35,,
145,78,283,2015.2.33.116,1,9570000,9570000,0,,True,2014-12-12,False,2015-02-10 21:18:50,,
146,78,286,2015.2.33.117,1,6756200,6756200,0,,True,2014-12-12,False,2015-02-10 21:19:03,,
147,78,287,2015.2.33.118,1,8360000,8360000,0,,True,2014-12-12,False,2015-02-10 21:19:17,,
148,78,288,2015.2.33.119,1,34930500,34930500,0,,True,2014-12-12,False,2015-02-10 21:19:32,,
149,78,289,2015.2.33.120,1,739200,739200,0,,True,2014-12-12,False,2015-02-10 21:19:46,,
150,78,290,2015.2.33.121,1,3603600,3603600,0,,True,2014-12-12,False,2015-02-10 21:20:38,,
151,78,291,2015.2.33.122,1,880000,880000,0,,True,2014-12-12,False,2015-02-10 21:20:50,,
152,78,292,2015.2.33.123,1,2468400,2468400,0,,True,2014-12-12,False,2015-02-10 21:21:04,,
153,78,293,2015.2.33.124,1,2340800,2340800,0,,True,2014-12-12,False,2015-02-10 21:21:18,,
154,78,297,2015.2.33.125,1,1716000,1716000,0,,True,2014-12-12,False,2015-02-10 21:21:30,,
155,78,298,2015.2.33.126,1,1478400,1478400,0,,True,2014-12-12,False,2015-02-10 21:22:14,,
156,78,299,2015.2.33.127,1,31482000,31482000,0,,True,2014-12-12,False,2015-02-10 21:22:33,,
157,78,300,2015.2.33.128,1,526900,526900,0,,True,2014-12-12,False,2015-02-10 21:22:50,,
158,78,301,2015.2.33.129,1,3062400,3062400,0,,True,2014-12-12,False,2015-02-10 21:23:07,,
159,78,304,2015.2.33.130,1,1804000,1804000,0,,True,2014-12-12,False,2015-02-10 21:23:23,,
160,78,305,2015.2.33.131,1,5761800,5761800,0,,True,2014-12-12,False,2015-02-10 21:23:41,,
161,78,311,2015.2.33.132,1,5500000,5500000,0,,True,2014-12-12,False,2015-02-10 21:23:57,,
162,79,673,2015.2.34.133,1,1226940,1226940,0,,True,2014-12-12,False,2015-02-10 21:25:31,,
163,80,8,2015.2.35.134,1,23100000,23100000,0,,True,2014-12-15,False,2015-02-10 21:28:51,,
164,81,761,2015.2.36.135,1,1870000,1870000,0,,True,2014-12-15,False,2015-02-10 21:30:04,,
165,81,762,2015.2.36.136,1,5087500,5087500,0,,True,2014-12-15,False,2015-02-10 21:30:23,,
166,81,763,2015.2.36.137,1,5087500,5087500,0,,True,2014-12-15,False,2015-02-10 21:30:37,,
167,82,1088,2015.2.37.138,1,1433011.25,1433011.25,0,,True,2014-12-15,False,2015-02-10 21:32:48,,
168,83,960,2015.2.38.139,1,6336000,6336000,0,DPP,True,2014-12-16,False,2015-02-10 21:35:54,,
169,84,960,2015.2.39.140,1,633600,633600,0,PPN,True,2014-12-16,False,2015-02-10 21:36:56,,
170,85,124,2015.2.40.141,1,1836384,1836384,0,,True,2014-12-16,False,2015-02-10 21:38:09,,
171,86,1125,2015.2.41.142,1,2000000,2000000,0,BAYAR SEBAGIAN,True,2014-12-16,False,2015-02-10 21:40:22,,
172,87,1114,2015.2.42.143,1,2021250,2021250,0,,True,2014-12-16,False,2015-02-10 21:41:46,,
173,88,90,2015.2.43.144,1,2200000,2200000,0,,True,2014-12-17,False,2015-02-10 21:43:59,,
174,89,100,2015.2.44.145,1,21472000,21472000,0,,True,2014-12-17,False,2015-02-10 22:37:12,,
175,89,101,2015.2.44.146,1,30597600,30597600,0,,True,2014-12-17,False,2015-02-10 22:37:26,,
176,89,102,2015.2.44.147,1,10736000,10736000,0,,True,2014-12-17,False,2015-02-10 22:37:43,,
177,91,660,2015.2.45.148,1,38687000,38687000,0,,True,2014-12-18,False,2015-02-10 22:41:06,,
178,92,794,2015.2.46.149,1,32032000,32032000,0,,True,2014-12-18,False,2015-02-10 22:42:24,,
179,93,1091,2015.2.47.150,1,11777370,11777370,0,,True,2014-12-18,False,2015-02-10 22:43:34,,
180,93,1096,2015.2.47.151,1,8983548.75,8983548.75,0,,True,2014-12-18,False,2015-02-10 22:43:55,,
181,94,130,2015.2.48.152,1,14751000,14751000,0,,True,2014-12-19,False,2015-02-10 22:46:29,,
182,95,887,2015.2.49.153,1,2244000,2244000,0,,True,2014-12-19,False,2015-02-10 22:47:36,,
183,96,347,2015.2.50.154,1,34267200,34267200,623040,,True,2014-12-19,False,2015-02-10 22:49:08,,
184,96,348,2015.2.50.155,1,19505200,19505200,354640,,True,2014-12-19,False,2015-02-10 22:49:35,,
185,96,351,2015.2.50.156,1,4444000,4444000,80800,,True,2014-12-19,False,2015-02-10 22:49:59,,
186,96,353,2015.2.50.157,1,4444000,4444000,80800,,True,2014-12-19,False,2015-02-10 22:50:19,,
187,96,354,2015.2.50.158,1,11636900,11636900,211580,,True,2014-12-19,False,2015-02-10 22:50:47,,
188,96,361,2015.2.50.159,1,17100600,17100600,310920,,True,2014-12-19,False,2015-02-10 22:51:21,,
189,96,375,2015.2.50.160,1,3801600,3801600,69120,,True,2014-12-19,False,2015-02-10 22:51:59,,
190,96,346,2015.2.50.161,1,6098400,6098400,0,,True,2014-12-19,False,2015-02-10 22:52:14,,
191,96,349,2015.2.50.162,1,3762000,3762000,0,,True,2014-12-19,False,2015-02-10 22:52:27,,
192,96,350,2015.2.50.163,1,6869500,6869500,0,,True,2014-12-19,False,2015-02-10 22:52:42,,
193,96,352,2015.2.50.164,1,10554500,10554500,0,,True,2014-12-19,False,2015-02-10 22:53:08,,
194,96,355,2015.2.50.165,1,7480000,7480000,0,,True,2014-12-19,False,2015-02-10 22:53:22,,
195,96,356,2015.2.50.166,1,4184400,4184400,0,,True,2014-12-19,False,2015-02-10 22:53:37,,
196,96,357,2015.2.50.167,1,11932800,11932800,0,,True,2014-12-19,False,2015-02-10 22:53:55,,
197,96,358,2015.2.50.168,1,858000,858000,0,,True,2014-12-19,False,2015-02-10 22:54:08,,
198,96,359,2015.2.50.169,1,13860000,13860000,0,,True,2014-12-19,False,2015-02-10 22:54:23,,
199,96,360,2015.2.50.170,1,2024000,2024000,0,,True,2014-12-19,False,2015-02-10 22:54:41,,
200,96,362,2015.2.50.171,1,36652000,36652000,0,,True,2014-12-19,False,2015-02-10 22:54:58,,
201,96,363,2015.2.50.172,1,1072500,1072500,0,,True,2014-12-19,False,2015-02-10 22:55:12,,
202,96,364,2015.2.50.173,1,1012000,1012000,0,,True,2014-12-19,False,2015-02-10 22:55:29,,
203,96,365,2015.2.50.174,1,9785600,9785600,0,,True,2014-12-19,False,2015-02-10 22:55:46,,
204,96,366,2015.2.50.175,1,9680000,9680000,0,,True,2014-12-19,False,2015-02-10 22:56:01,,
205,96,367,2015.2.50.176,1,2739000,2739000,0,,True,2014-12-19,False,2015-02-10 22:56:18,,
206,96,368,2015.2.50.177,1,968000,968000,0,,True,2014-12-19,False,2015-02-10 22:56:33,,
207,96,369,2015.2.50.178,1,4422000,4422000,0,,True,2014-12-19,False,2015-02-10 22:56:49,,
208,96,370,2015.2.50.179,1,35165900,35165900,0,,True,2014-12-19,False,2015-02-10 22:57:05,,
209,96,371,2015.2.50.180,1,17820000,17820000,0,,True,2014-12-19,False,2015-02-10 22:57:21,,
210,96,372,2015.2.50.181,1,5060000,5060000,0,,True,2014-12-19,False,2015-02-10 22:57:37,,
211,96,373,2015.2.50.182,1,3850000,3850000,0,,True,2014-12-19,False,2015-02-10 22:57:53,,
212,96,374,2015.2.50.183,1,2171400,2171400,0,,True,2014-12-19,False,2015-02-10 22:58:10,,
213,97,426,2015.2.51.184,1,53292800,53292800,968960,,True,2014-12-19,False,2015-02-11 13:59:55,,
214,97,428,2015.2.51.185,1,30947400,30947400,562680,,True,2014-12-19,False,2015-02-11 14:00:38,,
215,97,410,2015.2.51.186,1,83468000,83468000,0,,True,2014-12-19,False,2015-02-11 14:01:00,,
216,97,422,2015.2.51.187,1,11220000,11220000,0,,True,2014-12-19,False,2015-02-11 14:01:24,,
217,97,423,2015.2.51.188,1,12760000,12760000,0,,True,2014-12-19,False,2015-02-11 14:01:45,,
218,97,425,2015.2.51.189,1,8140000,8140000,0,,True,2014-12-19,False,2015-02-11 14:02:06,,
219,97,427,2015.2.51.190,1,2200000,2200000,0,,True,2014-12-19,False,2015-02-11 14:02:25,,
220,98,381,2015.2.52.191,1,64829600,64829600,1178720,,True,2014-12-19,False,2015-02-11 14:05:52,,
221,98,385,2015.2.52.192,1,9808700,9808700,178340,,True,2014-12-19,False,2015-02-11 14:06:20,,
222,98,376,2015.2.52.193,1,44504900,44504900,0,,True,2014-12-19,False,2015-02-11 14:06:36,,
223,98,377,2015.2.52.194,1,3641000,3641000,0,,True,2014-12-19,False,2015-02-11 14:06:51,,
224,98,378,2015.2.52.195,1,6781500,6781500,0,,True,2014-12-19,False,2015-02-11 14:07:06,,
225,98,379,2015.2.52.196,1,8525000,8525000,0,,True,2014-12-19,False,2015-02-11 14:07:24,,
226,98,380,2015.2.52.197,1,8580000,8580000,0,,True,2014-12-19,False,2015-02-11 14:07:39,,
227,98,382,2015.2.52.198,1,3225200,3225200,0,,True,2014-12-19,False,2015-02-11 14:07:53,,
228,98,383,2015.2.52.199,1,1452000,1452000,0,,True,2014-12-19,False,2015-02-11 14:08:07,,
229,98,384,2015.2.52.200,1,9407200,9407200,0,,True,2014-12-19,False,2015-02-11 14:08:20,,
230,98,386,2015.2.52.201,1,2024000,2024000,0,,True,2014-12-19,False,2015-02-11 14:08:34,,
231,98,387,2015.2.52.202,1,726000,726000,0,,True,2014-12-19,False,2015-02-11 14:08:47,,
232,99,81,2015.2.53.203,1,1072775,1072775,0,,True,2014-12-19,False,2015-02-11 14:14:47,,
233,99,82,2015.2.53.204,1,1095600,1095600,0,,True,2014-12-19,False,2015-02-11 14:15:01,,
234,99,83,2015.2.53.205,1,1095600,1095600,0,,True,2014-12-19,False,2015-02-11 14:16:56,,
235,99,84,2015.2.53.206,1,1111121,1111121,0,,True,2014-12-19,False,2015-02-11 14:17:11,,
236,99,87,2015.2.53.207,1,2209460,2209460,0,,True,2014-12-19,False,2015-02-11 14:18:40,,
237,101,1023,2015.2.54.208,1,7924400,7924400,0,,True,2014-12-19,False,2015-02-11 14:28:15,,
238,101,1024,2015.2.54.209,1,5350400,5350400,0,,True,2014-12-19,False,2015-02-11 14:28:29,,
239,102,2,2015.2.55.210,1,1100000,1100000,0,,True,2014-12-19,False,2015-02-11 14:29:43,,
240,103,797,2015.2.56.211,1,65921856,65921856,0,,True,2014-12-22,False,2015-02-11 15:13:32,,
241,104,689,2015.2.57.212,1,3520000,3520000,0,,True,2014-12-23,False,2015-02-11 15:14:37,,
242,105,9,2015.2.58.213,1,16005000,16005000,0,,True,2014-12-24,False,2015-02-11 15:24:10,,
243,105,10,2015.2.58.214,1,16500000,16500000,0,,True,2014-12-24,False,2015-02-11 15:24:22,,
244,105,11,2015.2.58.215,1,19800000,19800000,0,,True,2014-12-24,False,2015-02-11 15:24:35,,
245,106,96,2015.2.59.216,1,1421200,1421200,0,,True,2014-12-24,False,2015-02-11 15:25:45,,
246,107,97,2015.2.60.217,1,12201200,12201200,0,,True,2014-12-24,False,2015-02-11 15:26:50,,
247,108,95,2015.2.61.218,1,5793260,5793260,0,,True,2014-12-24,False,2015-02-11 15:27:50,,
248,109,129,2015.2.62.219,1,1980000,1980000,0,,True,2014-12-24,False,2015-02-11 15:28:55,,
249,110,796,2015.2.63.220,1,24000000,24000000,0,BYR DPP SAJA,True,2014-12-30,False,2015-02-11 15:31:18,,
250,112,756,2015.2.64.221,1,1059476,1059476,0,,True,2014-12-02,False,2015-02-11 16:01:08,,
251,113,1107,2015.2.65.222,1,34129700,34129700,0,,True,2014-12-03,False,2015-02-11 16:03:26,,
252,114,2536,2015.2.66.223,1,2200000,2200000,0,,True,2014-12-04,False,2015-02-11 16:05:20,,
253,115,1133,2015.2.67.224,1,780000,780000,0,,True,2014-12-04,False,2015-02-11 16:06:48,,
254,116,2552,2015.2.68.225,1,2240000,2240000,0,,True,2014-12-05,False,2015-02-11 16:08:37,,
255,117,2553,2015.2.69.226,1,2240000,2240000,0,,True,2014-12-05,False,2015-02-11 16:09:42,,
256,118,2459,2015.2.70.227,1,800000,800000,0,,True,2014-12-05,False,2015-02-11 16:12:03,,
257,119,2500,2015.2.71.228,1,2011500,2011500,0,,True,2014-12-10,False,2015-02-11 16:15:25,,
258,120,2449,2015.2.72.229,1,5816000,5816000,0,,True,2014-12-10,False,2015-02-11 16:16:44,,
259,121,647,2015.2.73.230,1,2596000,2596000,0,,True,2014-12-10,False,2015-02-11 16:17:47,,
260,122,2455,2015.2.74.231,1,3694000,3694000,0,,True,2014-12-16,False,2015-02-11 16:18:58,,
261,122,2454,2015.2.74.232,1,7088000,7088000,0,,True,2014-12-16,False,2015-02-11 16:19:11,,
262,123,2541,2015.2.75.233,1,1120000,1120000,0,,True,2014-12-16,False,2015-02-11 16:20:32,,
263,124,2537,2015.2.76.234,1,2200000,2200000,0,,True,2014-12-16,False,2015-02-11 16:21:57,,
264,125,78,2015.2.77.235,1,15714600,15714600,0,,True,2014-12-18,False,2015-02-11 16:23:23,,
265,126,2686,2015.2.78.236,1,10824000,10824000,0,,True,2014-12-18,False,2015-02-11 16:24:38,,
266,127,784,2015.2.79.237,1,10015500,10015500,0,,True,2014-12-18,False,2015-02-11 16:25:56,,
267,128,2557,2015.2.80.238,1,1079062,1079062,0,,True,2014-12-18,False,2015-02-11 16:27:17,,
268,129,2555,2015.2.81.239,1,4095000,4095000,0,,True,2014-12-18,False,2015-02-11 16:28:32,,
269,130,727,2015.2.82.240,1,5153500,5153500,0,,True,2014-12-18,False,2015-02-11 16:29:50,,
270,130,730,2015.2.82.241,1,4092000,4092000,0,,True,2014-12-18,False,2015-02-11 16:30:09,,
271,130,731,2015.2.82.242,1,5153500,5153500,0,,True,2014-12-18,False,2015-02-11 16:30:25,,
272,130,733,2015.2.82.243,1,6011500,6011500,0,,True,2014-12-18,False,2015-02-11 16:30:39,,
273,130,734,2015.2.82.244,1,3092100,3092100,0,,True,2014-12-18,False,2015-02-11 16:30:54,,
274,131,131,2015.2.83.245,1,5061980,5061980,0,,True,2014-12-22,False,2015-02-11 16:32:29,,
275,135,661,2015.2.84.246,1,15472600,15472600,0,,True,2014-12-23,False,2015-02-11 16:39:48,,
276,136,2460,2015.2.85.247,1,1860000,1860000,0,,True,2014-12-29,False,2015-02-11 16:41:17,,
277,137,2549,2015.2.86.248,1,2910000,2910000,0,,True,2014-12-29,False,2015-02-11 16:42:48,,
278,137,2550,2015.2.86.249,1,4650000,4650000,0,,True,2014-12-29,False,2015-02-11 16:43:00,,
279,138,785,2015.2.87.250,1,7260000,7260000,0,,True,2014-12-30,False,2015-02-11 16:46:32,,
280,139,3,2015.2.88.251,1,34.62,34.62,0,DPP,False,,True,2015-02-11 22:14:10,2015-02-11 22:17:04,2015-02-11 22:17:34
281,139,3,2015.2.88.251,1,34.62,34.62,0,DPP,True,2014-12-01,False,2015-02-11 22:28:20,2015-02-11 22:29:22,
282,139,4,2015.2.88.252,1,69.24,69.24,0,DPP,True,2014-12-01,False,2015-02-11 22:29:01,,
283,140,649,2015.2.89.253,1,1380,1380,0,DPP,True,2014-12-03,False,2015-02-11 22:31:59,,
284,141,169,2015.2.90.254,1,351,351,0,DPP,True,2014-12-04,False,2015-02-11 22:36:31,2015-02-11 22:39:22,
285,141,170,2015.2.90.255,1,1000,1000,0,DPP,True,2014-12-04,False,2015-02-11 22:36:46,2015-02-11 22:39:22,
286,141,171,2015.2.90.256,1,350,350,0,DPP,True,2014-12-04,False,2015-02-11 22:37:05,2015-02-11 22:39:22,
287,141,172,2015.2.90.257,1,71.6,71.6,0,DPP,True,2014-12-04,False,2015-02-11 22:37:20,2015-02-11 22:39:22,
288,141,173,2015.2.90.258,1,225,225,0,DPP,True,2014-12-04,False,2015-02-11 22:37:51,2015-02-11 22:39:22,
289,141,174,2015.2.90.259,1,235,235,0,DPP,True,2014-12-04,False,2015-02-11 22:38:31,2015-02-11 22:39:22,
290,141,175,2015.2.90.260,1,79,79,0,DPP,True,2014-12-04,False,2015-02-11 22:40:13,,
291,141,176,2015.2.90.261,1,450,450,0,DPP,True,2014-12-04,False,2015-02-11 22:40:27,,
292,141,177,2015.2.90.262,1,940,940,0,DPP,True,2014-12-04,False,2015-02-11 22:40:43,,
293,142,140,2015.2.91.263,1,3211,3211,0,DPP,True,2014-12-04,False,2015-02-11 22:42:09,,
294,142,141,2015.2.91.264,1,4270,4270,0,DPP,True,2014-12-04,False,2015-02-11 22:42:38,,
295,142,142,2015.2.91.265,1,169,169,0,DPP,True,2014-12-04,False,2015-02-11 22:43:02,,
296,143,58,2015.2.92.266,1,1082.96,1082.96,0,DPP,True,2014-12-04,False,2015-02-11 22:56:58,,
297,143,59,2015.2.92.267,1,440,440,0,DPP,True,2014-12-04,False,2015-02-11 22:57:29,,
298,144,57,2015.2.93.268,1,2146.2,2146.2,0,DPP,True,2014-12-04,False,2015-02-11 22:58:43,,
299,145,54,2015.2.94.269,1,2650,2650,0,DPP,True,2014-12-04,False,2015-02-11 22:59:48,,
300,145,56,2015.2.94.270,1,530,530,0,DPP,True,2014-12-04,False,2015-02-11 23:00:01,,
301,146,35,2015.2.95.271,1,2100,2100,0,DPP,True,2014-12-05,False,2015-02-11 23:01:25,,
302,147,769,2015.2.96.272,1,3268.16,3268.16,0,DPP,True,2014-12-11,False,2015-02-11 23:02:48,,
303,147,770,2015.2.96.273,1,1438.9,1438.9,0,DPP,True,2014-12-11,False,2015-02-11 23:03:08,,
304,148,1000,2015.2.97.274,1,1769.28,1769.28,0,DPP,True,2014-12-12,False,2015-02-11 23:05:11,,
305,149,992,2015.2.98.275,1,709.4,709.4,0,,True,2014-12-15,False,2015-02-12 15:55:57,,
306,150,1005,2015.2.99.276,1,1220,1220,0,DPP,True,2014-12-15,False,2015-02-12 15:57:24,,
307,151,1035,2015.2.100.277,1,1830,1830,0,DPP,True,2014-12-15,False,2015-02-12 15:59:57,,
308,151,1037,2015.2.100.278,1,3585.5,3585.5,0,DPP,True,2014-12-15,False,2015-02-12 16:00:12,,
309,152,1025,2015.2.101.279,1,610,610,0,DPP,True,2014-12-15,False,2015-02-12 16:01:29,,
310,152,1026,2015.2.101.280,1,4225.92,4225.92,0,DPP,True,2014-12-15,False,2015-02-12 16:01:42,,
311,152,1027,2015.2.101.281,1,1197.2,1197.2,0,DPP,True,2014-12-15,False,2015-02-12 16:02:00,,
312,152,1028,2015.2.101.282,1,682.72,682.72,0,DPP,True,2014-12-15,False,2015-02-12 16:02:18,,
313,153,1046,2015.2.102.283,1,305.4,305.4,0,DPP,True,2014-12-15,False,2015-02-12 16:03:42,,
314,154,60,2015.2.103.284,1,508.8,508.8,0,DPP,True,2014-12-16,False,2015-02-12 16:05:57,,
315,155,55,2015.2.104.285,1,440,440,0,DPP,True,2014-12-16,False,2015-02-12 16:08:53,,
316,156,517,2015.2.105.286,1,2800,2800,0,DPP,True,2014-12-17,False,2015-02-12 16:10:28,,
317,157,650,2015.2.106.287,1,689.8,689.8,0,DPP,False,,True,2015-02-12 16:11:51,,2015-02-12 16:15:58
318,157,651,2015.2.106.288,1,2120.88,2120.88,0,DPP,False,,True,2015-02-12 16:12:10,,2015-02-12 16:16:02
319,158,61,2015.2.106.287,1,1197,1197,0,DPP,True,2014-12-17,False,2015-02-12 16:17:20,,
320,158,62,2015.2.106.288,1,848,848,0,DPP,True,2014-12-17,False,2015-02-12 16:17:35,,
321,158,63,2015.2.106.289,1,2120,2120,0,DPP,True,2014-12-17,False,2015-02-12 16:17:51,,
322,158,64,2015.2.106.290,1,92.4,92.4,0,DPP,True,2014-12-17,False,2015-02-12 16:18:08,,
323,159,1127,2015.2.107.291,1,2318.5,2318.5,0,DPP,True,2014-12-18,False,2015-02-12 16:19:26,,
324,159,1128,2015.2.107.292,1,2253.25,2253.25,0,DPP,True,2014-12-18,False,2015-02-12 16:19:44,,
325,160,103,2015.2.108.293,1,543.84,543.84,0,DPP+PPN,True,2014-12-19,False,2015-02-12 16:21:07,,
326,160,104,2015.2.108.294,1,1135.75,1135.75,0,DPP+PPN,True,2014-12-19,False,2015-02-12 16:21:21,,
327,160,105,2015.2.108.295,1,851.4,851.4,0,DPP+PPN,True,2014-12-19,False,2015-02-12 16:21:37,,
328,160,106,2015.2.108.296,1,1087.68,1087.68,0,DPP+PPN,True,2014-12-19,False,2015-02-12 16:21:58,,
329,160,107,2015.2.108.297,1,1135.75,1135.75,0,DPP+PPN,True,2014-12-19,False,2015-02-12 16:22:23,,
330,160,108,2015.2.108.298,1,679.8,679.8,0,DPP+PPN,True,2014-12-19,False,2015-02-12 16:22:45,,
331,160,109,2015.2.108.299,1,913,913,0,DPP+PPN,True,2014-12-19,False,2015-02-12 16:23:39,,
332,161,33,2015.2.109.300,1,1050,1050,0,DPP,True,2014-12-19,False,2015-02-12 16:25:23,,
333,162,179,2015.2.110.301,1,221.12,221.12,0,DPP,True,2014-12-19,False,2015-02-12 16:32:45,,
334,162,181,2015.2.110.302,1,625,625,0,DPP,True,2014-12-19,False,2015-02-12 16:33:06,,
335,162,182,2015.2.110.303,1,1170,1170,0,DPP,True,2014-12-19,False,2015-02-12 16:33:23,,
336,162,183,2015.2.110.304,1,1232,1232,0,DPP,True,2014-12-19,False,2015-02-12 16:33:40,,
337,162,185,2015.2.110.305,1,210,210,0,DPP,True,2014-12-19,False,2015-02-12 16:33:57,,
338,162,186,2015.2.110.306,1,1220,1220,0,DPP,True,2014-12-19,False,2015-02-12 16:34:15,,
339,162,189,2015.2.110.307,1,525,525,0,DPP,True,2014-12-19,False,2015-02-12 16:34:35,,
340,162,190,2015.2.110.308,1,587.5,587.5,0,DPP,True,2014-12-19,False,2015-02-12 16:35:00,,
341,162,192,2015.2.110.309,1,158,158,0,DPP,True,2014-12-19,False,2015-02-12 16:35:23,,
342,162,193,2015.2.110.310,1,470,470,0,DPP,True,2014-12-19,False,2015-02-12 16:35:39,,
343,162,194,2015.2.110.311,1,71.6,71.6,0,DPP,True,2014-12-19,False,2015-02-12 16:35:57,,
344,162,195,2015.2.110.312,1,450,450,0,DPP,True,2014-12-19,False,2015-02-12 16:36:15,,
345,162,204,2015.2.110.313,1,158,158,0,DPP,True,2014-12-19,False,2015-02-12 16:36:39,,
346,162,205,2015.2.110.314,1,450,450,0,DPP,True,2014-12-19,False,2015-02-12 16:36:58,,
347,162,206,2015.2.110.315,1,587.5,587.5,0,DPP,True,2014-12-19,False,2015-02-12 16:37:25,,
348,162,209,2015.2.110.316,1,158,158,0,DPP,True,2014-12-19,False,2015-02-12 16:37:44,,
349,162,210,2015.2.110.317,1,705,705,0,DPP,True,2014-12-19,False,2015-02-12 16:38:04,,
350,162,211,2015.2.110.318,1,71.6,71.6,0,DPP,True,2014-12-19,False,2015-02-12 16:38:24,,
351,162,212,2015.2.110.319,1,300,300,0,DPP,True,2014-12-19,False,2015-02-12 16:38:41,,
352,162,218,2015.2.110.320,1,158,158,0,DPP,True,2014-12-19,False,2015-02-12 16:38:57,,
353,162,219,2015.2.110.321,1,71.6,71.6,0,DPP,True,2014-12-19,False,2015-02-12 16:39:17,,
354,162,220,2015.2.110.322,1,225,225,0,DPP,True,2014-12-19,False,2015-02-12 16:39:34,,
355,162,221,2015.2.110.323,1,587.5,587.5,0,DPP,True,2014-12-19,False,2015-02-12 16:39:58,,
356,162,225,2015.2.110.324,1,158,158,0,DPP,True,2014-12-19,False,2015-02-12 16:40:22,,
357,162,226,2015.2.110.325,1,225,225,0,DPP,True,2014-12-19,False,2015-02-12 16:40:48,,
358,162,227,2015.2.110.326,1,235,235,0,DPP,True,2014-12-19,False,2015-02-12 16:43:08,,
359,162,230,2015.2.110.327,1,79,79,0,DPP,True,2014-12-19,False,2015-02-12 16:43:42,,
360,162,231,2015.2.110.328,1,450,450,0,DPP,True,2014-12-19,False,2015-02-12 16:43:59,,
361,162,232,2015.2.110.329,1,596,596,0,DPP,True,2014-12-19,False,2015-02-12 16:52:29,,
362,163,157,2015.2.111.330,1,1638,1638,0,DPP,True,2014-12-19,False,2015-02-12 16:56:24,,
363,163,158,2015.2.111.331,1,648,648,0,DPP,True,2014-12-19,False,2015-02-12 16:56:39,,
364,164,143,2015.2.112.332,1,2535,2535,0,DPP,True,2014-12-19,False,2015-02-12 16:58:23,2015-02-12 17:03:03,
365,164,144,2015.2.112.333,1,3887,3887,0,DPP,True,2014-12-19,False,2015-02-12 16:58:39,2015-02-12 17:03:03,
366,164,145,2015.2.112.334,1,4270,4270,0,DPP,True,2014-12-19,False,2015-02-12 16:58:52,2015-02-12 17:03:03,
367,165,255,2015.2.113.335,1,2730,2730,0,DPP,True,2014-12-19,False,2015-02-12 17:00:36,,
368,165,256,2015.2.113.336,1,582,582,0,DPP,True,2014-12-19,False,2015-02-12 17:00:58,,
369,165,257,2015.2.113.337,1,2184,2184,0,DPP,True,2014-12-19,False,2015-02-12 17:01:13,,
370,164,146,2015.2.112.338,1,3050,3050,0,DPP,True,2014-12-19,False,2015-02-12 17:03:29,,
371,164,147,2015.2.112.339,1,1092,1092,0,DPP,True,2014-12-19,False,2015-02-12 17:03:45,,
372,164,148,2015.2.112.340,1,1690,1690,0,DPP,True,2014-12-19,False,2015-02-12 17:03:59,,
373,164,149,2015.2.112.341,1,1690,1690,0,DPP,True,2014-12-19,False,2015-02-12 17:04:13,,
374,166,34,2015.2.114.342,1,1050,1050,0,DPP,True,2014-12-19,False,2015-02-12 17:05:44,,
375,167,1006,2015.2.115.343,1,2290.08,2290.08,0,DPP,True,2014-12-22,False,2015-02-12 17:07:39,,
376,167,1007,2015.2.115.344,1,1830,1830,0,DPP,True,2014-12-22,False,2015-02-12 17:07:51,,
377,167,1011,2015.2.115.345,1,2304.32,2304.32,0,DPP,True,2014-12-22,False,2015-02-12 17:08:10,,
378,167,1012,2015.2.115.346,1,727.68,727.68,0,DPP,True,2014-12-22,False,2015-02-12 17:08:29,,
379,167,1013,2015.2.115.347,1,2425.6,2425.6,0,DPP,True,2014-12-22,False,2015-02-12 17:08:46,,
380,168,1039,2015.2.116.348,1,2476.9,2476.9,0,DPP,True,2014-12-22,False,2015-02-12 17:10:07,,
381,169,1129,2015.2.117.349,1,1622.65,1622.65,0,DPP,True,2014-12-19,False,2015-02-12 17:12:20,,
382,170,45,2015.2.118.350,1,558.8,558.8,0,DPP+PPN,True,2014-12-23,False,2015-02-12 17:13:34,,
383,170,46,2015.2.118.351,1,838.2,838.2,0,DPP+PPN,True,2014-12-23,False,2015-02-12 17:13:50,,
384,171,726,2015.2.119.352,1,342,342,0,DPP,True,2014-12-29,False,2015-02-12 17:15:12,,
385,171,728,2015.2.119.353,1,342,342,0,DPP,True,2014-12-29,False,2015-02-12 17:15:24,,
386,171,729,2015.2.119.354,1,342,342,0,DPP,True,2014-12-29,False,2015-02-12 17:15:37,,
387,171,732,2015.2.119.355,1,342,342,0,DPP,True,2014-12-29,False,2015-02-12 17:15:50,,
388,172,167,2015.2.120.356,1,305.5,305.5,0,DPP,True,2014-12-01,False,2015-02-12 17:27:12,,
389,172,168,2015.2.120.357,1,139,139,0,DPP,True,2014-12-01,False,2015-02-12 17:27:25,,
390,172,178,2015.2.120.358,1,3275.2,3275.2,0,DPP,True,2014-12-01,False,2015-02-12 17:27:45,,
391,172,180,2015.2.120.359,1,139,139,0,DPP,True,2014-12-01,False,2015-02-12 17:28:00,,
392,172,188,2015.2.120.360,1,139,139,0,DPP,True,2014-12-01,False,2015-02-12 17:28:23,,
393,173,156,2015.2.121.361,1,66.6,66.6,0,DPP,True,2014-12-01,False,2015-02-12 17:30:11,,
394,174,184,2015.2.122.362,1,3275.2,3275.2,0,DPP,True,2014-12-08,False,2015-02-12 17:32:14,,
395,174,191,2015.2.122.363,1,139,139,0,DPP,True,2014-12-08,False,2015-02-12 17:32:32,,
396,174,196,2015.2.122.364,1,139,139,0,DPP,True,2014-12-08,False,2015-02-12 17:32:49,,
397,174,197,2015.2.122.365,1,166.5,166.5,0,DPP,True,2014-12-08,False,2015-02-12 17:33:05,,
398,174,201,2015.2.122.366,1,1637.6,1637.6,0,DPP,True,2014-12-08,False,2015-02-12 17:33:25,,
399,175,681,2015.2.123.367,1,1228.66,1228.66,0,DPP,True,2014-12-11,False,2015-02-12 17:35:27,,
400,175,682,2015.2.123.368,1,791.17,791.17,0,DPP,True,2014-12-11,False,2015-02-12 17:35:42,,
401,175,683,2015.2.123.369,1,650.24,650.24,0,DPP,True,2014-12-11,False,2015-02-12 17:35:57,,
402,176,1085,2015.2.124.370,1,1122,1122,0,DPP+PPN,True,2014-12-11,False,2015-02-12 17:37:23,,
403,177,509,2015.2.125.371,1,187.72,187.72,0,DPP+PPN,True,2014-12-16,False,2015-02-12 17:38:48,,
404,177,510,2015.2.125.372,1,0,0,0,,False,,True,2015-02-12 17:38:55,,2015-02-12 17:39:27
405,177,510,2015.2.125.372,1,2363.74,2363.74,0,DPP+PPN,True,2014-12-16,False,2015-02-12 17:39:48,,
406,178,207,2015.2.126.373,1,139,139,0,DPP,True,2014-12-22,False,2015-02-12 17:42:00,,
407,178,208,2015.2.126.374,1,818.8,818.8,0,DPP,True,2014-12-22,False,2015-02-12 17:42:25,,
408,178,216,2015.2.126.375,1,818.8,818.8,0,DPP,True,2014-12-22,False,2015-02-12 17:42:55,,
409,178,222,2015.2.126.376,1,124.5,124.5,0,DPP,True,2014-12-22,False,2015-02-12 17:44:01,,
410,178,223,2015.2.126.377,1,139,139,0,DPP,True,2014-12-22,False,2015-02-12 17:44:24,,
411,178,228,2015.2.126.378,1,139,139,0,DPP,True,2014-12-22,False,2015-02-12 17:44:42,,
412,178,229,2015.2.126.379,1,166.5,166.5,0,DPP,True,2014-12-22,False,2015-02-12 17:45:01,,
413,178,233,2015.2.126.380,1,1637.6,1637.6,0,DPP,True,2014-12-22,False,2015-02-12 17:45:41,,
414,178,238,2015.2.126.381,1,139,139,0,DPP,True,2014-12-22,False,2015-02-12 17:46:38,,
415,178,242,2015.2.126.382,1,3275.2,3275.2,0,DPP,True,2014-12-22,False,2015-02-12 17:46:59,,
416,179,160,2015.2.127.383,1,196.9,196.9,0,DPP,True,2014-12-22,False,2015-02-12 17:49:42,2015-02-12 17:53:05,
417,181,140,2015.3.1.1,10000,0.03,321.1,0,Pel ppn,False,,True,2015-03-12 15:24:46,2015-03-12 15:27:28,2015-03-12 15:27:48
418,181,140,2015.3.1.1,1,321.1,321.1,0,,False,,True,2015-03-12 15:28:26,,2015-03-12 15:28:47
419,181,140,2015.3.1.1,1,321.1,321.1,0,,False,,True,2015-03-12 15:29:14,,2015-03-12 15:30:11
420,181,140,2015.3.1.1,1,321.1,321.1,0,,False,,True,2015-03-12 15:30:43,,2015-03-12 15:31:34
421,182,140,2015.3.1.1,10000,0.03,321.1,25,,False,,True,2015-03-12 16:22:50,2015-03-12 16:23:40,2015-03-12 16:23:46
422,182,140,2015.3.1.1,10000,0.03,321.1,250,,False,,True,2015-03-12 16:23:59,2015-03-12 16:24:43,2015-04-13 19:22:59
423,182,141,2015.3.1.2,10000,0.04,427,250,,False,,True,2015-03-12 16:24:15,,2015-03-12 16:24:34
424,182,140,2015.3.1.1,1,321.1,321.1,0,,False,,True,2015-04-13 19:23:32,,2015-04-13 19:24:08
425,182,140,2015.3.1.1,10000,321.1,3211000,0,,False,,True,2015-04-26 15:14:24,,2015-04-26 15:18:01
426,183,140,2015.4.1.1,10000,321.1,3211000,0,,False,,True,2015-04-26 15:19:23,2015-04-26 15:20:18,2015-04-26 15:20:42
427,184,764,2015.4.1.1,11696,0.16,1880.95,0,DPP+PPN,False,,True,2015-04-29 21:04:45,2015-04-29 21:35:05,2015-04-29 21:35:53
428,184,764,2015.4.1.1,11696,0.16,1880.95,0,DPP+PPN,False,,True,2015-04-29 21:36:24,2015-04-29 21:42:19,2015-04-29 21:42:43
429,184,764,2015.4.1.1,11696,0.16,1880.95,0,PPN + DPP,True,2014-12-01,False,2015-04-29 21:44:30,2015-04-29 21:49:30,
430,184,766,2015.4.1.1,1,2310,2310,0,,False,,True,2015-05-06 22:44:40,,2015-05-06 22:44:46
431,185,91,2015.5.1.1,1,1958000,1958000,0,pembayaran dpp + ppn,True,2015-01-05,False,2015-05-19 14:45:51,,
432,186,532,2015.5.2.2,1,13002000,13002000,0,pembayaran dpp + ppn ,False,,True,2015-05-19 14:48:19,,2015-05-19 14:52:33
433,186,533,2015.5.2.3,1,15088040,15088040,0,pembayaran dpp + ppn ,False,,True,2015-05-19 14:48:42,,2015-05-19 14:52:37
434,186,537,2015.5.2.4,1,3194400,3194400,0,pembayaran dpp + ppn ,False,,True,2015-05-19 14:49:08,,2015-05-19 14:52:41
435,186,532,2015.5.2.2,1,13002000,13002000,0,pembayaran dpp + ppn ,True,2015-01-07,False,2015-05-19 14:53:36,,
436,186,533,2015.5.2.3,1,15088040,15088040,0,pembayaran dpp + ppn ,True,2015-01-07,False,2015-05-19 14:53:55,,
437,186,537,2015.5.2.4,1,3194400,3194400,0,pembayaran dpp + ppn ,True,2015-01-07,False,2015-05-19 14:54:12,,
438,187,897,2015.5.3.5,1,3795000,3795000,0,pembayaran dpp + ppn ,False,,False,2015-05-19 15:07:37,2015-05-19 16:59:08,
439,187,898,2015.5.3.6,1,2640000,2640000,0,pembayaran dpp + ppn ,False,,False,2015-05-19 15:13:12,2015-05-19 16:59:08,
440,187,899,2015.5.3.7,1,9436900,9436900,0,pembayaran dpp + ppn ,False,,False,2015-05-19 15:14:06,2015-05-19 16:59:08,
441,188,137,2015.5.4.8,1,29920000,29920000,0,DPP+PPN,True,2015-01-30,False,2015-05-19 15:14:28,,
442,187,900,2015.5.3.9,1,3960000,3960000,0,pembayaran dpp + ppn ,False,,False,2015-05-19 15:14:37,2015-05-19 16:59:08,
443,187,901,2015.5.3.10,1,2640000,2640000,0,pembayaran dpp + ppn ,False,,False,2015-05-19 15:15:26,2015-05-19 16:59:08,
444,189,2499,2015.5.5.11,1,1034000,1034000,0,DPP+PPN,True,2015-01-30,False,2015-05-19 15:15:38,,
445,187,902,2015.5.3.12,1,1320000,1320000,0,pembayaran dpp + ppn ,False,,False,2015-05-19 15:15:39,2015-05-19 16:59:08,
446,187,903,2015.5.3.13,1,3960000,3960000,0,pembayaran dpp + ppn ,False,,False,2015-05-19 15:15:57,2015-05-19 16:59:08,
447,187,904,2015.5.3.14,1,4686000,4686000,0,pembayaran dpp + ppn ,False,,False,2015-05-19 15:16:19,2015-05-19 16:59:08,
448,187,905,2015.5.3.15,1,7646100,7646100,0,pembayaran dpp + ppn ,False,,False,2015-05-19 15:17:09,2015-05-19 16:59:08,
449,187,906,2015.5.3.16,1,3960000,3960000,0,pembayaran dpp + ppn ,False,,False,2015-05-19 15:17:23,2015-05-19 16:59:08,
450,187,907,2015.5.3.17,1,3960000,3960000,0,pembayaran dpp + ppn ,False,,False,2015-05-19 15:17:37,2015-05-19 16:59:08,
451,187,908,2015.5.3.18,1,3666300,3666300,0,pembayaran dpp + ppn ,False,,False,2015-05-19 15:17:57,2015-05-19 16:59:08,
452,187,909,2015.5.3.19,1,2063600,2063600,0,pembayaran dpp + ppn ,False,,False,2015-05-19 15:18:14,2015-05-19 16:59:08,
453,187,910,2015.5.3.20,1,3960000,3960000,0,pembayaran dpp + ppn ,False,,False,2015-05-19 15:18:44,2015-05-19 16:59:08,
454,187,911,2015.5.3.21,1,1320000,1320000,0,pembayaran dpp + ppn ,False,,False,2015-05-19 15:19:25,2015-05-19 16:59:08,
455,187,912,2015.5.3.22,1,4679400,4679400,0,pembayaran dpp + ppn ,False,,False,2015-05-19 15:19:44,2015-05-19 16:59:08,
456,187,913,2015.5.3.23,1,5294300,5294300,0,pembayaran dpp + ppn ,False,,False,2015-05-19 15:20:06,2015-05-19 16:59:08,
457,187,914,2015.5.3.24,1,1320000,1320000,0,pembayaran dpp + ppn ,False,,False,2015-05-19 15:20:21,2015-05-19 16:59:08,
458,187,915,2015.5.3.25,1,1320000,1320000,0,pembayaran dpp + ppn ,False,,False,2015-05-19 15:20:37,2015-05-19 16:59:08,
459,187,916,2015.5.3.26,1,3974300,3974300,0,pembayaran dpp + ppn ,False,,False,2015-05-19 15:21:09,2015-05-19 16:59:08,
460,187,917,2015.5.3.27,1,3960000,3960000,0,pembayaran dpp + ppn ,False,,False,2015-05-19 15:21:52,2015-05-19 16:59:08,
461,187,918,2015.5.3.28,1,1320000,1320000,0,pembayaran dpp + ppn ,False,,False,2015-05-19 15:22:14,2015-05-19 16:59:08,
462,187,919,2015.5.3.29,1,2640000,2640000,0,pembayaran dpp + ppn ,False,,False,2015-05-19 15:22:33,2015-05-19 16:59:08,
463,187,920,2015.5.3.30,1,1320000,1320000,0,pembayaran dpp + ppn ,False,,False,2015-05-19 15:22:50,2015-05-19 16:59:08,
464,190,2507,2015.5.6.31,1,24580000,24580000,0,PELUNASAN DPP+PPN,True,2015-01-30,False,2015-05-19 15:24:56,2015-05-19 15:25:23,
465,190,2506,2015.5.6.32,1,23160000,23160000,0,PELUNASAN DPP+PPN,True,2015-01-30,False,2015-05-19 15:26:24,,
466,192,2509,2015.5.8.33,1,7200000,7200000,0,PELUNASAN DPP+PPN,True,2015-01-30,False,2015-05-19 15:28:30,,
467,193,1134,2015.5.9.34,1,1000000,1000000,0,PELUNASAN DPP+PPN,True,2015-01-30,False,2015-05-19 15:32:22,,
468,193,1135,2015.5.9.35,1,780000,780000,0,PELUNASAN DPP+PPN,True,2015-01-30,False,2015-05-19 15:32:38,,
469,191,1092,2015.5.7.36,1,14632378.75,14632378.75,0,pembayaran dpp + ppn ,True,2015-01-07,False,2015-05-19 15:34:22,,
470,191,1093,2015.5.7.37,1,4455000,4455000,0,pembayaran dpp + ppn ,True,2015-01-07,False,2015-05-19 15:36:12,,
471,194,2539,2015.5.10.38,1,2628000,2628000,0,PELUNASAN DPP+PPN,True,2015-01-30,False,2015-05-19 15:36:15,,
472,195,25,2015.5.11.39,1,28461653,28461653,0,pembayaran dpp + ppn ,True,2015-01-07,False,2015-05-19 15:37:55,,
473,196,2436,2015.5.12.40,1,2250000,2250000,0,PELUNASAN DPP+PPN,True,2015-01-30,False,2015-05-19 15:39:16,,
474,197,26,2015.5.13.41,1,465163.6,465163.6,0,pembayaran dpp + ppn ,True,2015-01-07,False,2015-05-19 15:39:18,,
475,197,28,2015.5.13.42,1,7813641,7813641,0,pembayaran dpp + ppn ,True,2015-01-07,False,2015-05-19 15:39:59,,
476,197,29,2015.5.13.43,1,11240460,11240460,0,pembayaran dpp + ppn ,True,2015-01-07,False,2015-05-19 15:40:14,,
477,198,2554,2015.5.14.44,1,2240000,2240000,0,PELUNASAN DPP+PPN,True,2015-01-30,False,2015-05-19 15:41:02,,
478,199,690,2015.5.15.45,1,3520000,3520000,0,pembayaran dpp + ppn ,True,2015-01-08,False,2015-05-19 15:42:04,,
479,200,2700,2015.5.16.46,1,5153940,5153940,0,PELUNASAN DPP+PPN,True,2015-01-30,False,2015-05-19 15:42:14,,
480,201,136,2015.5.17.47,1,8580000,8580000,0,PELUNASAN DPP+PPN,True,2015-01-28,False,2015-05-19 15:43:35,,
481,202,1117,2015.5.18.48,1,22283800,22283800,0,pembayaran dpp + ppn ,True,2015-01-08,False,2015-05-19 15:43:57,,
482,203,134,2015.5.19.49,1,15745400,15745400,286280,PELUNASAN DPP+PPN,True,2015-01-28,False,2015-05-19 15:44:45,,
483,204,13,2015.5.20.50,1,6362400,6362400,0,pembayaran dpp + ppn ,True,2015-01-08,False,2015-05-19 15:45:34,,
484,205,133,2015.5.21.51,1,4295500,4295500,78100,PELUNASAN DPP+PPN,True,2015-01-28,False,2015-05-19 15:46:02,,
485,206,135,2015.5.22.52,1,29920000,29920000,0,PELUNASAN DPP+PPN,False,,False,2015-05-19 15:47:17,,
486,207,964,2015.5.23.53,1,5112800,5112800,0,pembayaran dpp + ppn ,True,2015-01-09,False,2015-05-19 15:48:34,,
487,208,961,2015.5.24.54,1,5032900,5032900,0,pembayaran dpp,True,2015-01-12,False,2015-05-19 15:50:18,,
488,209,961,2015.5.25.55,1,503290,503290,0,pembayaran  ppn ,True,2015-01-12,False,2015-05-19 15:51:33,,
489,210,111,2015.5.26.56,1,6600000,6600000,0,pembayaran dpp + ppn ,True,2015-01-12,False,2015-05-19 15:53:02,,
490,211,544,2015.5.27.57,1,14010700,14010700,0,pembayaran dpp + ppn ,True,2015-01-13,False,2015-05-19 15:57:48,,
491,211,545,2015.5.27.58,1,31081600,31081600,0,pembayaran dpp + ppn ,True,2015-01-13,False,2015-05-19 15:58:25,,
492,211,547,2015.5.27.59,1,5225000,5225000,0,pembayaran dpp + ppn ,True,2015-01-13,False,2015-05-19 15:58:48,,
493,211,549,2015.5.27.60,1,3414400,3414400,0,pembayaran dpp + ppn ,True,2015-01-13,False,2015-05-19 15:59:08,,
494,211,552,2015.5.27.61,1,10450000,10450000,0,pembayaran dpp + ppn ,True,2015-01-13,False,2015-05-19 15:59:23,,
495,213,786,2015.5.29.62,1,3685000,3685000,0,PELUNASAN DPP+PPN,True,2015-01-27,False,2015-05-19 16:06:50,,
496,214,2622,2015.5.30.63,1,9213600,9213600,0,PELUNASAN DPP+PPN,True,2015-01-27,False,2015-05-19 16:07:59,,
497,219,938,2015.5.32.64,1,4679400,4679400,0,pembayaran dpp + ppn ,True,2015-01-14,False,2015-05-19 16:12:57,,
498,219,941,2015.5.32.65,1,1334300,1334300,0,pembayaran dpp + ppn sebagian,True,2015-01-14,False,2015-05-19 16:14:37,,
499,219,942,2015.5.32.66,1,3671800,3671800,0,pembayaran dpp + ppn ,True,2015-01-14,False,2015-05-19 16:15:16,,
500,219,944,2015.5.32.67,1,4986300,4986300,0,pembayaran dpp + ppn ,True,2015-01-14,False,2015-05-19 16:15:31,,
501,220,488,2015.5.31.68,1,11139370,11139370,202534,PELUNASAN DPP+PPN,True,2015-01-26,False,2015-05-19 16:18:06,,
502,220,489,2015.5.31.69,1,41115690,41115690,747558,PELUNASAN DPP+PPN,True,2015-01-26,False,2015-05-19 16:19:32,,
503,221,641,2015.5.32.70,1,5434000,5434000,0,pembayaran dpp + ppn ,True,2015-01-15,False,2015-05-19 16:21:43,,
504,220,490,2015.5.31.71,1,3903900,3903900,70980,PELUNASAN DPP+PPN,True,2015-01-26,False,2015-05-19 16:23:10,,
505,220,493,2015.5.31.72,1,1800700,1800700,32740,PELUNASAN DPP+PPN,True,2015-01-26,False,2015-05-19 16:25:33,,
506,220,475,2015.5.31.73,1,2912800,2912800,0,PELUNASAN DPP+PPN,True,2015-01-26,False,2015-05-19 16:25:55,,
507,220,476,2015.5.31.74,1,968000,968000,0,PELUNASAN DPP+PPN,True,2015-01-26,False,2015-05-19 16:26:14,,
508,222,979,2015.5.33.75,1,16830000,16830000,0,pembayaran dpp + ppn ,True,2015-01-15,False,2015-05-19 16:26:20,,
509,220,477,2015.5.31.76,1,1430000,1430000,0,PELUNASAN DPP+PPN,True,2015-01-26,False,2015-05-19 16:26:33,,
510,220,478,2015.5.31.77,1,4224000,4224000,0,PELUNASAN DPP+PPN,True,2015-01-26,False,2015-05-19 16:27:20,,
511,220,479,2015.5.31.78,1,15950000,15950000,0,PELUNASAN DPP+PPN,True,2015-01-26,False,2015-05-19 16:27:54,,
512,223,1094,2015.5.34.79,1,14907722.5,14907722.5,0,pembayaran dpp + ppn ,True,2015-01-15,False,2015-05-19 16:28:16,,
513,220,480,2015.5.31.80,1,6380000,6380000,0,PELUNASAN DPP+PPN,True,2015-01-26,False,2015-05-19 16:28:23,,
514,220,481,2015.5.31.81,1,12760000,12760000,0,PELUNASAN DPP+PPN,True,2015-01-26,False,2015-05-19 16:28:44,,
515,220,482,2015.5.31.82,1,3987720,3987720,0,PELUNASAN DPP+PPN,True,2015-01-26,False,2015-05-19 16:29:08,,
516,220,483,2015.5.31.83,1,308000,308000,0,PELUNASAN DPP+PPN,True,2015-01-26,False,2015-05-19 16:29:29,,
517,224,713,2015.5.35.84,1,6740563.5,6740563.5,0,pembayaran dpp + ppn ,True,2015-01-15,False,2015-05-19 16:29:36,,
518,224,714,2015.5.35.85,1,3711543,3711543,0,pembayaran dpp + ppn ,True,2015-01-15,False,2015-05-19 16:29:50,,
519,220,484,2015.5.31.86,1,4369860,4369860,0,PELUNASAN DPP+PPN,True,2015-01-26,False,2015-05-19 16:29:51,,
520,224,715,2015.5.35.87,1,8776075,8776075,0,pembayaran dpp + ppn ,True,2015-01-15,False,2015-05-19 16:30:04,,
521,220,485,2015.5.31.88,1,2024000,2024000,0,PELUNASAN DPP+PPN,True,2015-01-26,False,2015-05-19 16:30:14,,
522,224,716,2015.5.35.89,1,2688400,2688400,0,pembayaran dpp + ppn ,True,2015-01-15,False,2015-05-19 16:30:19,,
523,224,717,2015.5.35.90,1,5456000,5456000,0,pembayaran dpp + ppn ,True,2015-01-15,False,2015-05-19 16:30:32,,
524,220,486,2015.5.31.91,1,9724000,9724000,0,PELUNASAN DPP+PPN,True,2015-01-26,False,2015-05-19 16:30:32,,
525,220,487,2015.5.31.92,1,12760000,12760000,0,PELUNASAN DPP+PPN,True,2015-01-26,False,2015-05-19 16:30:52,,
526,220,494,2015.5.31.93,1,9620380,9620380,0,PELUNASAN DPP+PPN,True,2015-01-26,False,2015-05-19 16:31:13,,
527,220,495,2015.5.31.94,1,1453760,1453760,0,PELUNASAN DPP+PPN,True,2015-01-26,False,2015-05-19 16:31:33,,
528,220,496,2015.5.31.95,1,1723920,1723920,0,PELUNASAN DPP+PPN,True,2015-01-26,False,2015-05-19 16:31:51,,
529,228,958,2015.5.38.96,1,3323100,3323100,0,pembayaran dpp + ppn ,True,2015-01-16,False,2015-05-19 16:37:03,2015-05-19 17:22:23,
530,228,959,2015.5.38.97,1,7860600,7860600,0,pembayaran dpp + ppn ,True,2015-01-16,False,2015-05-19 16:37:22,2015-05-19 17:22:23,
531,230,541,2015.5.38.98,1,22211200,22211200,0,pembayaran dpp + ppn ,True,2015-01-16,False,2015-05-19 16:42:08,,
532,230,542,2015.5.38.99,1,6063200,6063200,0,pembayaran dpp + ppn ,True,2015-01-16,False,2015-05-19 16:42:23,,
533,231,32,2015.5.39.100,1,26414058,26414058,0,pembayaran dpp + ppn ,True,2015-01-16,False,2015-05-19 16:43:45,,
534,232,2670,2015.5.40.101,1,21120000,21120000,0,pembayaran dpp + ppn ,True,2015-01-16,False,2015-05-19 16:44:57,,
535,232,2672,2015.5.40.102,1,23100000,23100000,0,pembayaran dpp + ppn ,True,2015-01-16,False,2015-05-19 16:45:07,,
536,233,963,2015.5.41.103,1,4378400,4378400,0,pembayaran dpp ,True,2015-01-16,False,2015-05-19 16:46:18,,
537,234,963,2015.5.42.104,1,437840,437840,0,pembayaran ppn ,True,2015-01-16,False,2015-05-19 16:48:34,,
538,235,962,2015.5.43.105,1,6336000,6336000,0,pembayaran dpp ,True,2015-01-16,False,2015-05-19 16:49:34,,
539,236,962,2015.5.44.106,1,633600,633600,0,pembayaran ppn ,True,2015-01-16,False,2015-05-19 16:50:38,,
540,239,443,2015.5.46.107,1,41156500,41156500,748300,PEMB. DPP+PPN,True,2015-01-26,False,2015-05-19 16:55:54,,
541,240,92,2015.5.46.108,1,1496000,1496000,0,pembayaran dpp + ppn ,True,2015-01-20,False,2015-05-19 16:56:17,,
542,239,454,2015.5.46.109,1,13163480,13163480,239336,PEMB. DPP+PPN,True,2015-01-26,False,2015-05-19 16:56:28,,
543,239,455,2015.5.46.110,1,3394380,3394380,61716,PEMB. DPP+PPN,True,2015-01-26,False,2015-05-19 16:57:28,,
544,239,461,2015.5.46.111,1,8254730,8254730,150086,PEMB. DPP+PPN,True,2015-01-26,False,2015-05-19 16:58:50,,
545,239,456,2015.5.46.112,1,5148000,5148000,0,PEMB. DPP+PPN,True,2015-01-26,False,2015-05-19 16:59:10,,
546,239,450,2015.5.46.113,1,12232000,12232000,0,PEMB. DPP+PPN,True,2015-01-26,False,2015-05-19 16:59:46,,
547,239,453,2015.5.46.114,1,11924000,11924000,0,PEMB. DPP+PPN,True,2015-01-26,False,2015-05-19 17:00:06,,
548,241,897,2015.5.47.115,1,3795000,3795000,0,pembayaran dpp + ppn ,True,2015-01-02,False,2015-05-19 17:00:08,,
549,241,898,2015.5.47.116,1,2640000,2640000,0,pembayaran dpp + ppn ,True,2015-01-02,False,2015-05-19 17:00:25,,
550,239,457,2015.5.46.117,1,4229500,4229500,0,PEMB. DPP+PPN,True,2015-01-26,False,2015-05-19 17:00:31,,
551,239,458,2015.5.46.118,1,9406320,9406320,0,PEMB. DPP+PPN,True,2015-01-26,False,2015-05-19 17:00:47,,
552,239,459,2015.5.46.119,1,5962000,5962000,0,PEMB. DPP+PPN,True,2015-01-26,False,2015-05-19 17:01:05,,
553,241,899,2015.5.47.120,1,9436900,9436900,0,pembayaran dpp + ppn ,True,2015-01-02,False,2015-05-19 17:01:15,,
554,239,460,2015.5.46.121,1,2585000,2585000,0,PEMB. DPP+PPN,True,2015-01-26,False,2015-05-19 17:01:23,,
555,241,900,2015.5.47.122,1,3960000,3960000,0,pembayaran dpp + ppn ,True,2015-01-02,False,2015-05-19 17:01:28,,
556,239,463,2015.5.46.123,1,5995000,5995000,0,PEMB. DPP+PPN,True,2015-01-26,False,2015-05-19 17:01:38,,
557,241,901,2015.5.47.124,1,2640000,2640000,0,pembayaran dpp + ppn ,True,2015-01-02,False,2015-05-19 17:01:40,,
558,239,464,2015.5.46.125,1,23100000,23100000,0,PEMB. DPP+PPN,True,2015-01-26,False,2015-05-19 17:01:53,,
559,241,902,2015.5.47.126,1,1320000,1320000,0,pembayaran dpp + ppn ,True,2015-01-02,False,2015-05-19 17:01:54,,
560,239,468,2015.5.46.127,1,1452000,1452000,0,PEMB. DPP+PPN,True,2015-01-26,False,2015-05-19 17:02:08,,
561,241,903,2015.5.47.128,1,3960000,3960000,0,pembayaran dpp + ppn ,True,2015-01-02,False,2015-05-19 17:02:09,,
562,241,904,2015.5.47.129,1,4686000,4686000,0,pembayaran dpp + ppn ,True,2015-01-02,False,2015-05-19 17:02:22,,
563,241,905,2015.5.47.130,1,7646100,7646100,0,pembayaran dpp + ppn ,True,2015-01-02,False,2015-05-19 17:02:35,,
564,241,906,2015.5.47.131,1,3960000,3960000,0,pembayaran dpp + ppn ,True,2015-01-02,False,2015-05-19 17:02:48,,
565,241,907,2015.5.47.132,1,3960000,3960000,0,pembayaran dpp + ppn ,True,2015-01-02,False,2015-05-19 17:03:11,,
566,242,444,2015.5.48.133,1,10820700,10820700,196740,PEMB. DPP+PPN,True,2015-01-26,False,2015-05-19 17:04:12,,
567,242,449,2015.5.48.134,1,22247060,22247060,404492,PEMB. DPP+PPN,True,2015-01-26,False,2015-05-19 17:04:47,,
568,242,447,2015.5.48.135,1,5148000,5148000,0,PEMB. DPP+PPN,True,2015-01-26,False,2015-05-19 17:05:12,,
569,242,448,2015.5.48.136,1,4369200,4369200,0,PEMB. DPP+PPN,True,2015-01-26,False,2015-05-19 17:05:42,,
570,242,451,2015.5.48.137,1,5060000,5060000,0,PEMB. DPP+PPN,True,2015-01-26,False,2015-05-19 17:06:00,,
571,242,452,2015.5.48.138,1,2024000,2024000,0,PEMB. DPP+PPN,True,2015-01-26,False,2015-05-19 17:06:24,,
572,241,908,2015.5.47.139,1,3666300,3666300,0,pembayaran dpp + ppn ,True,2015-01-02,False,2015-05-19 17:07:37,,
573,241,909,2015.5.47.140,1,2063600,2063600,0,pembayaran dpp + ppn ,True,2015-01-02,False,2015-05-19 17:07:55,,
574,241,910,2015.5.47.141,1,3960000,3960000,0,pembayaran dpp + ppn ,True,2015-01-02,False,2015-05-19 17:08:14,,
575,241,911,2015.5.47.142,1,1320000,1320000,0,pembayaran dpp + ppn ,True,2015-01-02,False,2015-05-19 17:08:41,,
576,241,912,2015.5.47.143,1,4679400,4679400,0,pembayaran dpp + ppn ,True,2015-01-02,False,2015-05-19 17:08:58,,
577,241,913,2015.5.47.144,1,5294300,5294300,0,pembayaran dpp + ppn ,True,2015-01-02,False,2015-05-19 17:09:14,,
578,241,914,2015.5.47.145,1,1320000,1320000,0,pembayaran dpp + ppn ,True,2015-01-02,False,2015-05-19 17:09:30,,
579,242,462,2015.5.48.146,1,56040864,56040864,0,,True,2015-01-26,False,2015-05-19 17:09:37,,
580,241,915,2015.5.47.147,1,1320000,1320000,0,pembayaran dpp + ppn ,True,2015-01-02,False,2015-05-19 17:09:46,,
581,242,505,2015.5.48.148,1,83468000,83468000,0,PEMB. DPP+PPN,True,2015-01-26,False,2015-05-19 17:10:02,,
582,241,916,2015.5.47.149,1,3974300,3974300,0,pembayaran dpp + ppn ,True,2015-01-02,False,2015-05-19 17:10:11,,
583,241,917,2015.5.47.150,1,3960000,3960000,0,pembayaran dpp + ppn ,True,2015-01-02,False,2015-05-19 17:10:31,,
584,241,918,2015.5.47.151,1,1320000,1320000,0,,True,2015-01-02,False,2015-05-19 17:10:45,,
585,241,919,2015.5.47.152,1,2640000,2640000,0,pembayaran dpp + ppn ,True,2015-01-02,False,2015-05-19 17:10:57,,
586,241,920,2015.5.47.153,1,1320000,1320000,0,pembayaran dpp + ppn ,True,2015-01-02,False,2015-05-19 17:11:11,,
587,241,921,2015.5.47.154,1,1320000,1320000,0,pembayaran dpp + ppn ,True,2015-01-02,False,2015-05-19 17:11:32,,
588,241,922,2015.5.47.155,1,2640000,2640000,0,pembayaran dpp + ppn ,True,2015-01-02,False,2015-05-19 17:12:03,,
589,241,923,2015.5.47.156,1,1320000,1320000,0,pembayaran dpp + ppn ,True,2015-01-02,False,2015-05-19 17:12:34,,
590,241,924,2015.5.47.157,1,1848000,1848000,0,pembayaran dpp + ppn ,True,2015-01-02,False,2015-05-19 17:12:55,,
591,243,788,2015.5.49.158,1,2814900,2814900,0,PEMB. DPP+PPN,True,2015-01-21,False,2015-05-19 17:13:01,,
592,241,925,2015.5.47.159,1,2640000,2640000,0,pembayaran dpp + ppn ,True,2015-01-02,False,2015-05-19 17:13:14,,
593,243,789,2015.5.49.160,1,11530200,11530200,0,PEMB. DPP+PPN,True,2015-01-21,False,2015-05-19 17:13:15,,
594,243,790,2015.5.49.161,1,10232222,10232222,0,PEMB. DPP+PPN,True,2015-01-21,False,2015-05-19 17:13:31,,
595,241,926,2015.5.47.162,1,8652600,8652600,0,pembayaran dpp + ppn ,True,2015-01-02,False,2015-05-19 17:13:33,,
596,241,927,2015.5.47.163,1,7810000,7810000,0,pembayaran dpp + ppn ,True,2015-01-02,False,2015-05-19 17:13:54,,
597,241,928,2015.5.47.164,1,3960000,3960000,0,pembayaran dpp + ppn ,True,2015-01-02,False,2015-05-19 17:14:20,,
598,241,929,2015.5.47.165,1,5280000,5280000,0,pembayaran dpp + ppn ,True,2015-01-02,False,2015-05-19 17:14:43,,
599,241,930,2015.5.47.166,1,7319400,7319400,0,pembayaran dpp + ppn ,True,2015-01-02,False,2015-05-19 17:15:09,,
600,241,931,2015.5.47.167,1,5280000,5280000,0,pembayaran dpp + ppn ,True,2015-01-02,False,2015-05-19 17:15:28,,
601,241,932,2015.5.47.168,1,4986300,4986300,0,pembayaran dpp + ppn ,True,2015-01-02,False,2015-05-19 17:15:47,,
602,241,933,2015.5.47.169,1,6306300,6306300,0,pembayaran dpp + ppn ,True,2015-01-02,False,2015-05-19 17:16:27,,
603,241,934,2015.5.47.170,1,2063600,2063600,0,pembayaran dpp + ppn ,True,2015-01-02,False,2015-05-19 17:16:44,,
604,241,935,2015.5.47.171,1,1320000,1320000,0,pembayaran dpp + ppn ,True,2015-01-02,False,2015-05-19 17:17:00,,
605,241,936,2015.5.47.172,1,13096600,13096600,0,pembayaran dpp + ppn ,True,2015-01-02,False,2015-05-19 17:17:18,,
606,241,937,2015.5.47.173,1,4415400,4415400,0,pembayaran dpp + ppn ,True,2015-01-02,False,2015-05-19 17:17:45,,
607,245,662,2015.5.50.174,1,17136900,17136900,0,PEMB. DPP+PPN,True,2015-01-19,False,2015-05-19 17:17:54,,
608,241,939,2015.5.47.175,1,1320000,1320000,0,pembayaran dpp + ppn ,True,2015-01-02,False,2015-05-19 17:18:13,,
609,241,940,2015.5.47.176,1,2640000,2640000,0,pembayaran dpp + ppn ,True,2015-01-02,False,2015-05-19 17:18:30,,
610,241,943,2015.5.47.177,1,2640000,2640000,0,pembayaran dpp + ppn ,True,2015-01-02,False,2015-05-19 17:18:44,,
611,241,941,2015.5.47.178,1,9137700,9137700,0,pembayaran dpp + ppn ,True,2015-01-02,False,2015-05-19 17:19:04,,
612,246,735,2015.5.51.179,1,5153500,5153500,0,PEMB. DPP+PPN,True,2015-01-19,False,2015-05-19 17:24:39,,
613,246,737,2015.5.51.180,1,5153500,5153500,0,PEMB. DPP+PPN,True,2015-01-19,False,2015-05-19 17:24:54,,
614,246,738,2015.5.51.181,1,2728000,2728000,0,PEMB. DPP+PPN,True,2015-01-19,False,2015-05-19 17:25:10,,
615,246,741,2015.5.51.182,1,5153500,5153500,0,PEMB. DPP+PPN,True,2015-01-19,False,2015-05-19 17:25:39,,
616,246,742,2015.5.51.183,1,3092100,3092100,0,PEMB. DPP+PPN,True,2015-01-19,False,2015-05-19 17:25:53,,
617,246,745,2015.5.51.184,1,4092000,4092000,0,PEMB. DPP+PPN,True,2015-01-19,False,2015-05-19 17:26:09,,
618,248,2538,2015.5.52.185,1,2200000,2200000,0,PEMB. DPP+PPN,True,2015-01-19,False,2015-05-19 17:29:36,,
619,249,2556,2015.5.53.186,1,1120000,1120000,0,PEMB. DPP+PPN,True,2015-01-19,False,2015-05-19 17:30:42,,
620,250,2558,2015.5.54.187,1,1080818,1080818,0,PEMB. DPP+PPN,True,2015-01-19,False,2015-05-19 17:32:00,,
621,251,430,2015.5.55.188,1,4494050,4494050,81710,PEMB. DPP+PPN,True,2015-01-16,False,2015-05-19 17:33:33,,
622,251,432,2015.5.55.189,1,5051750,5051750,91850,PEMB. DPP+PPN,True,2015-01-16,False,2015-05-19 17:34:07,,
623,251,434,2015.5.55.190,1,7691530,7691530,139846,PEMB. DPP+PPN,True,2015-01-16,False,2015-05-19 17:34:50,,
624,251,435,2015.5.55.191,1,10629520,10629520,193264,PEMB. DPP+PPN,True,2015-01-16,False,2015-05-19 17:35:35,,
625,251,436,2015.5.55.192,1,10613680,10613680,192976,PEMB. DPP+PPN,True,2015-01-16,False,2015-05-19 17:36:23,,
626,251,429,2015.5.55.193,1,16019960,16019960,0,PEMB. DPP+PPN,True,2015-01-16,False,2015-05-19 17:46:46,,
627,251,431,2015.5.55.194,1,7099620,7099620,0,PEMB. DPP+PPN,True,2015-01-16,False,2015-05-19 17:47:05,,
628,251,433,2015.5.55.195,1,3597000,3597000,0,PEMB. DPP+PPN,True,2015-01-16,False,2015-05-19 17:47:28,,
629,251,437,2015.5.55.196,1,2552000,2552000,0,PEMB. DPP+PPN,True,2015-01-16,False,2015-05-19 17:47:50,,
630,251,438,2015.5.55.197,1,861960,861960,0,PEMB. DPP+PPN,True,2015-01-16,False,2015-05-19 17:48:33,,
631,251,439,2015.5.55.198,1,1429560,1429560,0,PEMB. DPP+PPN,True,2015-01-16,False,2015-05-19 17:49:01,,
632,251,440,2015.5.55.199,1,11832700,11832700,0,PEMB. DPP+PPN,True,2015-01-16,False,2015-05-19 17:49:17,,
633,251,441,2015.5.55.200,1,8616080,8616080,0,PEMB. DPP+PPN,True,2015-01-16,False,2015-05-19 17:49:31,,
634,251,442,2015.5.55.201,1,1007600,1007600,0,PEMB. DPP+PPN,True,2015-01-16,False,2015-05-19 17:49:46,,
635,251,445,2015.5.55.202,1,3168000,3168000,0,PEMB. DPP+PPN,True,2015-01-16,False,2015-05-19 17:50:02,,
636,251,446,2015.5.55.203,1,4318820,4318820,0,PEMB. DPP+PPN,True,2015-01-16,False,2015-05-19 17:50:18,,
637,255,1097,2015.5.56.204,1,13266061.87,13266061.87,0,pembayaran dpp + ppn ,True,2015-01-23,False,2015-05-19 19:11:05,,
638,256,2699,2015.5.57.205,1,1144000,1144000,0,pembayaran dpp + ppn ,True,2015-01-23,False,2015-05-19 19:13:04,,
639,258,636,2015.5.58.206,1,24940300,24940300,0,pembayaran dpp dan ppn,True,2015-01-26,False,2015-05-19 19:35:48,,
640,258,635,2015.5.58.207,1,31658000,31658000,0,pembayaran dpp dan ppn,True,2015-01-26,False,2015-05-19 19:36:27,,
641,259,2685,2015.5.59.208,1,3520000,3520000,0,pembayaran dpp dan ppn,True,2015-01-26,False,2015-05-19 19:40:19,,
642,260,2723,2015.5.60.209,1,12760000,12760000,0,pembayaran dpp dan ppn,True,2015-01-27,False,2015-05-19 20:17:38,,
643,261,945,2015.5.61.210,1,9988000,9988000,0,pembayaran dpp dan ppn,True,2015-01-27,False,2015-05-19 20:18:46,,
644,261,951,2015.5.61.211,1,1320000,1320000,0,pembayaran dpp dan ppn,True,2015-01-27,False,2015-05-19 20:19:03,,
645,262,2655,2015.5.62.212,1,3036000,3036000,0,pembayaran dpp dan ppn,True,2015-01-27,False,2015-05-19 20:20:51,,
646,263,74,2015.5.63.213,1,9075000,9075000,0,pembayaran dpp dan ppn,True,2015-01-28,False,2015-05-19 20:22:09,,
647,265,409,2015.5.64.214,1,6725400,6725400,122280,PEMB. DPP+PPN,True,2015-01-16,False,2015-05-19 21:13:07,,
648,265,419,2015.5.64.215,1,1974500,1974500,35900,PEMB. DPP+PPN,True,2015-01-16,False,2015-05-19 21:13:41,,
649,265,401,2015.5.64.216,1,2024000,2024000,0,PEMB. DPP+PPN,True,2015-01-16,False,2015-05-19 21:14:03,,
650,265,402,2015.5.64.217,1,10554500,10554500,0,PEMB. DPP+PPN,True,2015-01-16,False,2015-05-19 21:14:19,,
651,265,403,2015.5.64.218,1,5060000,5060000,0,PEMB. DPP+PPN,True,2015-01-16,False,2015-05-19 21:14:35,,
652,265,404,2015.5.64.219,1,15422000,15422000,0,PEMB. DPP+PPN,True,2015-01-16,False,2015-05-19 21:14:57,,
653,265,405,2015.5.64.220,1,4290000,4290000,0,PEMB. DPP+PPN,True,2015-01-16,False,2015-05-19 21:15:12,,
654,265,406,2015.5.64.221,1,5060000,5060000,0,PEMB. DPP+PPN,True,2015-01-16,False,2015-05-19 21:15:27,,
655,265,407,2015.5.64.222,1,7700000,7700000,0,PEMB. DPP+PPN,True,2015-01-16,False,2015-05-19 21:15:40,,
656,265,408,2015.5.64.223,1,8140000,8140000,0,PEMB. DPP+PPN,True,2015-01-16,False,2015-05-19 21:16:00,,
657,265,411,2015.5.64.224,1,9407200,9407200,0,PEMB. DPP+PPN,True,2015-01-16,False,2015-05-19 21:16:58,,
658,265,412,2015.5.64.225,1,1936000,1936000,0,PEMB. DPP+PPN,True,2015-01-16,False,2015-05-19 21:17:38,,
659,265,413,2015.5.64.226,1,1023000,1023000,0,PEMB. DPP+PPN,True,2015-01-16,False,2015-05-19 21:17:54,,
660,265,414,2015.5.64.227,1,1012000,1012000,0,PEMB. DPP+PPN,True,2015-01-16,False,2015-05-19 21:18:09,,
661,265,415,2015.5.64.228,1,1144000,1144000,0,PEMB. DPP+PPN,True,2015-01-16,False,2015-05-19 21:18:22,,
662,265,416,2015.5.64.229,1,1012000,1012000,0,PEMB. DPP+PPN,True,2015-01-16,False,2015-05-19 21:18:37,,
663,265,417,2015.5.64.230,1,1914000,1914000,0,PEMB. DPP+PPN,True,2015-01-16,False,2015-05-19 21:18:52,,
664,265,418,2015.5.64.231,1,26510000,26510000,0,PEMB. DPP+PPN,True,2015-01-16,False,2015-05-19 21:19:06,,
665,265,420,2015.5.64.232,1,1399200,1399200,0,PEMB. DPP+PPN,True,2015-01-16,False,2015-05-19 21:19:20,,
666,265,421,2015.5.64.233,1,5979600,5979600,0,PEMB. DPP+PPN,True,2015-01-16,False,2015-05-19 21:19:35,,
667,265,424,2015.5.64.234,1,14786200,14786200,0,PEMB. DPP+PPN,True,2015-01-16,False,2015-05-19 21:19:52,,
668,266,390,2015.5.65.235,1,1974500,1974500,35900,PEMB. DPP+PPN,True,2015-01-16,False,2015-05-19 21:21:33,,
669,266,391,2015.5.65.236,1,25921500,25921500,471300,PEMB. DPP+PPN,True,2015-01-16,False,2015-05-19 21:21:59,,
670,266,396,2015.5.65.237,1,14829100,14829100,269620,PEMB. DPP+PPN,True,2015-01-16,False,2015-05-19 21:22:28,,
671,266,388,2015.5.65.238,1,5060000,5060000,809180,PEMB. DPP+PPN,True,2015-01-16,False,2015-05-19 21:22:42,2015-05-19 21:32:59,
672,266,389,2015.5.65.239,1,6727600,6727600,0,PEMB. DPP+PPN,True,2015-01-16,False,2015-05-19 21:22:55,,
673,266,392,2015.5.65.240,1,38500000,38500000,0,PEMB. DPP+PPN,True,2015-01-16,False,2015-05-19 21:23:11,,
674,266,393,2015.5.65.241,1,2024000,2024000,0,PEMB. DPP+PPN,True,2015-01-16,False,2015-05-19 21:23:25,,
675,266,394,2015.5.65.242,1,9680000,9680000,0,PEMB. DPP+PPN,True,2015-01-16,False,2015-05-19 21:23:40,,
676,266,395,2015.5.65.243,1,2046000,2046000,0,PEMB. DPP+PPN,True,2015-01-16,False,2015-05-19 21:23:56,,
677,266,397,2015.5.65.244,1,3564000,3564000,0,PEMB. DPP+PPN,True,2015-01-16,False,2015-05-19 21:24:12,,
678,266,398,2015.5.65.245,1,1012000,1012000,0,PEMB. DPP+PPN,True,2015-01-16,False,2015-05-19 21:24:27,,
679,266,399,2015.5.65.246,1,21450000,21450000,0,PEMB. DPP+PPN,True,2015-01-16,False,2015-05-19 21:24:41,,
680,266,400,2015.5.65.247,1,12760000,12760000,0,PEMB. DPP+PPN,True,2015-01-16,False,2015-05-19 21:24:56,,
681,268,648,2015.5.66.248,1,2596000,2596000,0,PEMB. DPP+PPN,True,2015-01-15,False,2015-05-19 21:35:42,,
682,269,132,2015.5.67.249,1,1078000,1078000,0,PEMB. DPP+PPN,True,2015-01-14,False,2015-05-19 21:38:09,,
683,270,39,2015.5.68.250,1,2904000,2904000,0,pembayaran dpp dan ppn,True,2015-02-02,False,2015-05-19 21:39:48,,
684,270,40,2015.5.68.251,1,2112000,2112000,0,pembayaran dpp dan ppn,True,2015-02-02,False,2015-05-19 21:40:15,,
685,273,93,2015.5.69.252,1,1496000,1496000,0,pembayaran dpp dan ppn,True,2015-02-03,False,2015-05-19 21:42:41,,
686,274,2438,2015.5.70.253,1,2449000,2449000,0,PEMB. DPP+PPN,True,2015-01-13,False,2015-05-19 21:43:03,,
687,274,2439,2015.5.70.254,1,4579000,4579000,0,PEMB. DPP+PPN,True,2015-01-13,False,2015-05-19 21:43:16,,
688,274,2437,2015.5.70.255,1,5241000,5241000,0,PEMB. DPP+PPN,True,2015-01-13,False,2015-05-19 21:43:28,,
689,275,12,2015.5.71.256,1,3392812.5,3392812.5,0,pembayaran dpp dan ppn,True,2015-02-03,False,2015-05-19 21:43:50,,
690,278,993,2015.5.72.257,1,45820500,45820500,833100,PEMB. DPP+PPN,True,2015-01-12,False,2015-05-19 21:47:03,,
691,279,1099,2015.5.73.258,1,8884425,8884425,0,pembayaran dpp dan ppn,True,2015-02-03,False,2015-05-19 21:47:53,,
692,280,663,2015.5.74.259,1,11292600,11292600,0,PEMB. DPP+PPN,True,2015-01-12,False,2015-05-19 21:48:20,,
693,281,1100,2015.5.75.260,1,6385500,6385500,0,pembayaran dpp dan ppn,True,2015-02-03,False,2015-05-19 21:49:07,,
694,282,644,2015.5.76.261,1,18040000,18040000,0,PEMB. DPP+PPN,True,2015-01-12,False,2015-05-19 21:49:29,,
695,284,806,2015.5.78.262,1,59848681.2,59848681.2,0,pembayaran dpp dan ppn,True,2015-02-04,False,2015-05-19 21:50:36,,
696,284,807,2015.5.78.263,1,56482329.2,56482329.2,0,pembayaran dpp dan ppn,True,2015-02-04,False,2015-05-19 21:50:58,,
697,284,808,2015.5.78.264,1,48426160.2,48426160.2,0,pembayaran dpp dan ppn,True,2015-02-04,False,2015-05-19 21:51:10,,
698,284,809,2015.5.78.265,1,50873081.6,50873081.6,0,pembayaran dpp dan ppn,True,2015-02-04,False,2015-05-19 21:51:27,,
699,284,810,2015.5.78.266,1,20906600,20906600,0,pembayaran dpp dan ppn,True,2015-02-04,False,2015-05-19 21:51:40,,
700,284,811,2015.5.78.267,1,12012000,12012000,0,pembayaran dpp dan ppn,True,2015-02-04,False,2015-05-19 21:51:57,,
701,285,66,2015.5.78.268,1,2567400,2567400,0,PEMB. DPP+PPN,True,2015-01-12,False,2015-05-19 21:52:22,,
702,285,68,2015.5.78.269,1,2567400,2567400,0,PEMB. DPP+PPN,True,2015-01-12,False,2015-05-19 21:52:36,,
703,287,718,2015.5.79.270,1,5456000,5456000,0,pembayaran dpp dan ppn,True,2015-02-04,False,2015-05-19 21:55:13,,
704,287,719,2015.5.79.271,1,7444800,7444800,0,pembayaran dpp dan ppn,True,2015-02-04,False,2015-05-19 21:55:25,,
705,287,720,2015.5.79.272,1,4527567,4527567,0,pembayaran dpp dan ppn,True,2015-02-04,False,2015-05-19 21:55:38,,
706,287,721,2015.5.79.273,1,9468800,9468800,0,pembayaran dpp dan ppn,True,2015-02-04,False,2015-05-19 21:56:09,,
707,287,722,2015.5.79.274,1,6304815,6304815,0,pembayaran dpp dan ppn,True,2015-02-04,False,2015-05-19 21:56:26,,
708,289,491,2015.5.80.275,1,7069150,7069150,0,pembayaran dpp dan ppn,True,2015-02-06,False,2015-05-19 22:00:28,,
709,290,642,2015.5.81.276,1,18040000,18040000,0,PEMB. DPP+PPN,True,2015-01-05,False,2015-05-19 22:00:32,,
710,289,492,2015.5.80.277,1,21109000,21109000,0,pembayaran dpp dan ppn,True,2015-02-06,False,2015-05-19 22:01:17,,
711,289,497,2015.5.80.278,1,11550000,11550000,0,pembayaran dpp dan ppn,True,2015-02-06,False,2015-05-19 22:01:41,,
712,289,498,2015.5.80.279,1,11627440,11627440,0,pembayaran dpp dan ppn,True,2015-02-06,False,2015-05-19 22:01:53,,
713,289,499,2015.5.80.280,1,44088000,44088000,0,pembayaran dpp dan ppn,True,2015-02-06,False,2015-05-19 22:02:10,,
714,289,500,2015.5.80.281,1,7040000,7040000,0,pembayaran dpp dan ppn,True,2015-02-06,False,2015-05-19 22:02:28,,
715,289,501,2015.5.80.282,1,858000,858000,0,pembayaran dpp dan ppn,True,2015-02-06,False,2015-05-19 22:02:48,,
716,289,502,2015.5.80.283,1,2024000,2024000,0,pembayaran dpp dan ppn,True,2015-02-06,False,2015-05-19 22:03:07,,
717,289,503,2015.5.80.284,1,2024000,2024000,0,pembayaran dpp dan ppn,True,2015-02-06,False,2015-05-19 22:03:20,,
718,289,504,2015.5.80.285,1,5148000,5148000,0,pembayaran dpp dan ppn,True,2015-02-06,False,2015-05-19 22:03:36,,
719,289,506,2015.5.80.286,1,16280000,16280000,0,pembayaran dpp dan ppn,True,2015-02-06,False,2015-05-19 22:04:09,,
720,289,507,2015.5.80.287,1,5060000,5060000,0,pembayaran dpp dan ppn,True,2015-02-06,False,2015-05-19 22:04:25,,
721,289,508,2015.5.80.288,1,3867600,3867600,0,pembayaran dpp dan ppn,True,2015-02-06,False,2015-05-19 22:04:37,,
722,292,969,2015.5.82.289,1,5000000,5000000,0,pembayaran sebagian dpp + ppn,True,2015-02-06,False,2015-05-20 14:35:40,,
723,293,2569,2015.5.83.290,1,1226940,1226940,0,pembayaran dpp dan ppn,True,2015-02-06,False,2015-05-20 14:37:47,,
724,295,80,2015.5.84.291,1,2554200,2554200,0,pembayaran dpp dan ppn,True,2015-02-09,False,2015-05-20 14:41:33,,
725,296,791,2015.5.85.292,1,18480000,18480000,0,pembayaran dpp dan ppn,True,2015-02-09,False,2015-05-20 14:42:44,,
726,297,1101,2015.5.86.293,1,23793616,23793616,0,pembayaran dpp dan ppn,True,2015-02-10,False,2015-05-20 14:44:23,,
727,299,2727,2015.5.87.294,1,3630000,3630000,0,pembayaran dpp dan ppn,True,2015-02-11,False,2015-05-20 14:50:57,,
728,300,1115,2015.5.88.295,1,8430840,8430840,0,pembayaran dpp dan ppn,True,2015-02-11,False,2015-05-20 14:52:42,,
729,300,1116,2015.5.88.296,1,18677340,18677340,0,pembayaran dpp dan ppn,True,2015-02-11,False,2015-05-20 14:53:06,,
730,304,1102,2015.5.89.297,1,19435719.87,19435719.87,0,pembayaran dpp dan ppn,True,2015-02-13,False,2015-05-20 16:17:11,,
731,305,946,2015.5.90.298,1,5237100,5237100,0,pembayaran dpp dan ppn,True,2015-02-13,False,2015-05-20 16:18:31,,
732,305,947,2015.5.90.299,1,3960000,3960000,0,pembayaran dpp dan ppn,True,2015-02-13,False,2015-05-20 16:18:51,,
733,306,550,2015.5.91.300,1,8536000,8536000,0,pembayaran dpp dan ppn,True,2015-02-16,False,2015-05-20 16:20:25,,
734,306,548,2015.5.91.301,1,19742800,19742800,0,pembayaran dpp dan ppn,True,2015-02-16,False,2015-05-20 16:20:44,,
735,306,553,2015.5.91.302,1,10450000,10450000,0,pembayaran dpp dan ppn,True,2015-02-16,False,2015-05-20 16:21:00,,
736,306,554,2015.5.91.303,1,17952000,17952000,0,pembayaran dpp dan ppn,True,2015-02-16,False,2015-05-20 16:21:19,,
737,307,888,2015.5.92.304,1,2244000,2244000,0,pembayaran dpp dan ppn,True,2015-02-17,False,2015-05-20 16:25:58,,
738,309,2565,2015.5.93.305,1,2112000,2112000,0,pembayaran dpp dan ppn,True,2015-02-17,False,2015-05-20 16:32:00,,
739,312,14,2015.5.94.306,1,3392812.5,3392812.5,0,pembayaran dpp dan ppn,True,2015-02-20,False,2015-05-20 16:38:47,,
740,315,948,2015.5.95.307,1,2654300,2654300,0,pembayaran dpp dan ppn,True,2015-02-23,False,2015-05-20 16:45:33,,
741,315,949,2015.5.95.308,1,9972600,9972600,0,pembayaran dpp dan ppn,True,2015-02-23,False,2015-05-20 16:45:55,,
742,315,950,2015.5.95.309,1,6244700,6244700,0,pembayaran dpp dan ppn,True,2015-02-23,False,2015-05-20 16:46:13,,
743,315,952,2015.5.95.310,1,3960000,3960000,0,pembayaran dpp dan ppn,True,2015-02-23,False,2015-05-20 16:46:31,,
744,315,953,2015.5.95.311,1,2640000,2640000,0,pembayaran dpp dan ppn,True,2015-02-23,False,2015-05-20 16:46:47,,
745,315,954,2015.5.95.312,1,2640000,2640000,0,pembayaran dpp dan ppn,True,2015-02-23,False,2015-05-20 16:47:00,,
746,315,955,2015.5.95.313,1,1320000,1320000,0,pembayaran dpp dan ppn,True,2015-02-23,False,2015-05-20 16:47:14,,
747,316,2720,2015.5.96.314,1,6336000,6336000,0,pembayaran dpp ,True,2015-02-24,False,2015-05-20 16:48:52,,
748,317,2720,2015.5.97.315,1,633600,633600,0,pembayaran ppn,True,2015-02-24,False,2015-05-20 19:38:04,,
749,318,1104,2015.5.98.316,1,11922262,11922262,0,pembayaran dpp dan ppn,False,,True,2015-05-20 19:39:22,,2015-05-20 19:41:10
750,321,125,2015.5.98.316,1,1836384,1836384,0,pembayaran dpp dan ppn,True,2015-02-25,False,2015-05-20 19:45:37,,
751,321,126,2015.5.98.317,1,1836384,1836384,0,pembayaran dpp dan ppn,True,2015-02-25,False,2015-05-20 19:45:52,,
752,324,98,2015.5.99.318,1,1787720,1787720,0,pembayaran dpp dan ppn,True,2015-02-27,False,2015-05-20 20:17:50,,
753,325,99,2015.5.100.319,1,1787720,1787720,0,pembayaran dpp dan ppn,True,2015-02-27,False,2015-05-20 20:18:46,,
754,328,1045,2015.5.101.320,1,11398200,11398200,207240,PEMBYARAN DPP+PPN,True,2015-02-27,False,2015-05-20 20:40:38,,
755,329,2464,2015.5.102.321,1,27000000,27000000,0,PEMBAYARAN DPP+PPN,True,2015-02-26,False,2015-05-24 19:50:08,,
756,330,2465,2015.5.103.322,1,15510000,15510000,0,PEMBAYARAN DPP+PPN,True,2015-02-26,False,2015-05-24 19:51:11,,
757,331,664,2015.5.104.323,1,16500000,16500000,0,PEMBAYARAN DPP+PPN,True,2015-02-23,False,2015-05-24 19:55:28,,
758,332,645,2015.5.105.324,1,19043200,19043200,0,PEMBAYARAN DPP+PPN,True,2015-02-18,False,2015-05-24 19:56:43,,
759,333,646,2015.5.106.325,1,12936000,12936000,0,PEMBAYARAN DPP+PPN,True,2015-02-16,False,2015-05-24 19:58:02,,
760,334,2694,2015.5.107.326,1,937200,937200,0,PEMBAYARAN DPP+PPN,True,2015-02-16,False,2015-05-24 19:59:08,,
761,335,2542,2015.5.108.327,1,1120000,1120000,0,PEMBAYARAN DPP+PPN,False,,True,2015-05-24 20:02:33,,2015-05-24 20:03:36
762,336,743,2015.5.108.327,1,5925150,5925150,0,PEMBAYARAN DPP+PPN,True,2015-02-13,False,2015-05-24 20:16:38,,
763,336,744,2015.5.108.328,1,5373720,5373720,0,PEMBAYARAN DPP+PPN,True,2015-02-13,False,2015-05-24 20:16:59,,
764,336,746,2015.5.108.329,1,5153500,5153500,0,PEMBAYARAN DPP+PPN,True,2015-02-13,False,2015-05-24 20:17:44,,
765,336,747,2015.5.108.330,1,5153500,5153500,0,PEMBAYARAN DPP+PPN,True,2015-02-13,False,2015-05-24 20:17:59,,
766,336,748,2015.5.108.331,1,6184200,6184200,0,PEMBAYARAN DPP+PPN,True,2015-02-13,False,2015-05-24 20:18:16,,
767,336,749,2015.5.108.332,1,4092000,4092000,0,PEMBAYARAN DPP+PPN,True,2015-02-13,False,2015-05-24 20:18:31,,
768,336,750,2015.5.108.333,1,5153500,5153500,0,PEMBAYARAN DPP+PPN,True,2015-02-13,False,2015-05-24 20:18:48,,
769,336,751,2015.5.108.334,1,4092000,4092000,0,PEMBAYARAN DPP+PPN,True,2015-02-13,False,2015-05-24 20:19:26,,
770,336,753,2015.5.108.335,1,2061400,2061400,0,PEMBAYARAN DPP+PPN,True,2015-02-13,False,2015-05-24 20:19:41,,
771,336,754,2015.5.108.336,1,2061400,2061400,0,PEMBAYARAN DPP+PPN,True,2015-02-13,False,2015-05-24 20:20:01,,
772,336,755,2015.5.108.337,1,1030700,1030700,0,PEMBAYARAN DPP+PPN,True,2015-02-13,False,2015-05-24 20:20:31,,
773,337,2647,2015.5.109.338,1,1080002,1080002,0,PEMBAYARAN DPP+PPN,True,2015-02-10,False,2015-05-24 20:22:21,,
774,339,2517,2015.5.110.339,1,13475000,13475000,0,PEMBAYARAN DPP+PPN,True,2015-02-09,False,2015-05-24 20:25:51,,
775,340,69,2015.5.111.340,1,5834400,5834400,0,PEMBAYARAN DPP+PPN,True,2015-02-06,False,2015-05-24 20:27:45,,
776,341,138,2015.5.112.341,1,9438000,9438000,0,PEMBAYARAN DPP+PPN,True,2015-02-06,False,2015-05-24 20:28:52,,
777,343,2628,2015.5.113.342,1,18920000,18920000,0,PEMBAYARAN DPP+PPN,True,2015-02-02,False,2015-05-24 20:32:55,,
778,343,2705,2015.5.113.343,1,13464000,13464000,0,PEMBAYARAN DPP+PPN,True,2015-02-02,False,2015-05-24 20:33:09,,
779,344,79,2015.5.114.344,1,7260000,7260000,0,PEMBAYARAN DPP+PPN,True,2015-02-02,False,2015-05-24 20:34:29,,
780,347,812,2015.5.115.345,1,61246141,61246141,0,pembayaran dpp + ppn,True,2015-03-06,False,2015-05-24 20:59:00,,
781,347,813,2015.5.115.346,1,52913721.3,52913721.3,0,pembayaran dpp + ppn,True,2015-03-06,False,2015-05-24 20:59:30,,
782,347,814,2015.5.115.347,1,6894800,6894800,0,pembayaran dpp + ppn,True,2015-03-06,False,2015-05-24 20:59:49,,
783,347,815,2015.5.115.348,1,52691084.6,52691084.6,0,pembayaran dpp + ppn,True,2015-03-06,False,2015-05-24 21:00:17,,
784,347,816,2015.5.115.349,1,52267483.4,52267483.4,0,pembayaran dpp + ppn,True,2015-03-06,False,2015-05-24 21:00:39,,
785,348,538,2015.5.116.350,1,9411600,9411600,0,pembayaran dpp + ppn,True,2015-03-05,False,2015-05-24 21:03:45,,
786,348,551,2015.5.116.351,1,7711000,7711000,0,pembayaran dpp + ppn,True,2015-03-05,False,2015-05-24 21:04:05,,
787,348,558,2015.5.116.352,1,37367000,37367000,0,pembayaran dpp + ppn,True,2015-03-05,False,2015-05-24 21:04:33,,
788,348,559,2015.5.116.353,1,11000000,11000000,0,pembayaran dpp + ppn,True,2015-03-05,False,2015-05-24 21:04:53,,
789,349,1105,2015.5.117.354,1,16395802.5,16395802.5,0,pembayaran dpp + ppn,True,2015-03-03,False,2015-05-24 21:35:31,,
790,349,1106,2015.5.117.355,1,7452637.5,7452637.5,0,pembayaran dpp + ppn,True,2015-03-03,False,2015-05-24 21:35:48,,
791,350,2684,2015.5.118.356,1,1496000,1496000,0,pembayaran dpp + ppn,True,2015-03-02,False,2015-05-24 21:37:54,,
792,351,6,2015.5.119.357,1,14080000,14080000,0,pembayaran dpp + ppn,False,,False,2015-05-24 21:39:13,,
793,351,7,2015.5.119.358,1,14080000,14080000,0,pembayaran dpp + ppn,False,,False,2015-05-24 21:39:25,,
794,353,723,2015.5.120.359,1,5416400,5416400,0,pembayaran dpp + ppn,False,,True,2015-05-24 21:51:12,,2015-05-24 21:52:40
795,353,724,2015.5.120.360,1,5010764,5010764,0,pembayaran dpp + ppn,False,,True,2015-05-24 21:51:31,,2015-05-24 21:52:43
796,353,725,2015.5.120.361,1,4557663,4557663,0,pembayaran dpp + ppn,False,,True,2015-05-24 21:51:53,,2015-05-24 21:52:37
797,354,2697,2015.5.120.359,1,6586580,6586580,0,pembayaran dpp + ppn,True,2015-03-09,False,2015-05-24 21:53:57,,
798,355,969,2015.5.121.360,1,6172800,6172800,0,pembayaran dpp + ppn,True,2015-03-10,False,2015-05-24 21:56:18,,
799,356,969,2015.5.122.361,1,5000000,5000000,0,pembayaran dpp + ppn,True,2015-01-07,False,2015-05-24 21:58:49,,
800,358,2674,2015.5.123.362,1,704000,704000,0,pembayaran dpp + ppn,True,2015-03-11,False,2015-05-24 22:01:47,,
801,359,792,2015.5.124.363,1,3422100,3422100,0,pembayaran dpp + ppn,True,2015-03-16,False,2015-05-24 22:12:59,,
802,359,793,2015.5.124.364,1,19840722,19840722,0,pembayaran dpp + ppn,True,2015-03-16,False,2015-05-24 22:13:13,,
