Id,DeliveryOrderId,Description,Code,NomorSurat,CurrencyId,ExchangeRateAmount,TotalCOS,AmountReceivable,Discount,DPP,Tax,ExchangeRateId,InvoiceDate,DueDate,IsConfirmed,ConfirmationDate,IsDeleted,CreatedAt,UpdatedAt,DeletedAt
1,51,1,2014.12.1,003.14.64493438,1,1,0,7755000,0,7755000,0,1,2014-12-03,2015-01-03,False,,False,2014-12-22 14:42:41,2014-12-30 10:24:17,
2,51,2,2014.12.2,003.14.64493618,1,1,0,820000,0,820000,0,1,2014-12-15,2015-01-15,False,,False,2014-12-22 15:08:08,2014-12-30 10:25:45,
3,51,3,2014.12.3,003.14.64493628,1,1,0,1480000,0,1480000,0,1,2014-12-16,2015-01-16,False,,False,2014-12-22 15:30:57,2014-12-30 10:25:56,
4,51,4,2014.12.4,003.14.64493657,1,1,0,0,0,0,10,1,2014-12-17,2015-01-17,False,,True,2014-12-22 15:39:12,2014-12-30 10:26:00,2015-02-04 22:00:51
5,51,5,2014.12.5,003.14.64493437,1,1,0,0,0,0,10,1,2014-12-03,2015-01-03,False,,True,2014-12-22 15:46:05,2014-12-30 10:24:11,2015-02-04 21:57:30
6,51,6,2014.12.6,003.14.64493400,1,1,0,0,0,0,10,1,2014-12-01,2015-01-01,False,,True,2014-12-22 15:58:05,2014-12-30 10:24:06,2015-02-04 21:49:48
7,51,7,2014.12.7,003.14.64493401,1,1,0,640000,0,640000,0,1,2014-12-01,2015-01-01,False,,False,2014-12-22 16:03:37,2014-12-30 10:24:02,
8,51,8,2014.12.8,003.14.64493558,1,1,0,1120000,0,1120000,0,1,2014-12-11,2015-01-11,False,,False,2014-12-22 16:07:57,2014-12-30 10:25:18,
9,51,9,2014.12.9,003.14.64493540,2,12612.25,0,0,0,0,10,3,2014-12-10,2015-01-10,False,,True,2014-12-22 16:15:06,2014-12-23 15:50:44,2015-02-04 21:47:20
10,51,11,2014.12.10,003.14.64493566,1,1,0,0,0,0,10,1,2014-12-12,2015-01-12,False,,True,2014-12-22 16:21:49,2014-12-30 10:25:28,2015-02-04 21:32:03
11,51,12,2014.12.11,003.14.64493539,1,1,0,0,0,0,10,1,2014-12-10,2015-01-10,False,,True,2014-12-22 16:23:18,2014-12-30 10:25:06,2015-02-16 22:10:37
12,51,10,2014.12.12,003.14.64493602,1,1,0,0,0,0,10,1,2014-12-15,2015-01-15,False,,True,2014-12-22 16:30:45,2014-12-30 10:25:50,2015-02-04 20:33:31
13,51,13,2014.12.13,003.14.64493529,2,12612.25,0,0,0,0,10,3,2014-12-09,2015-01-09,False,,True,2014-12-22 16:32:06,2014-12-23 15:51:39,2015-02-16 22:22:24
14,51,14,2014.12.14,003.14.64493563,1,1,0,0,0,0,10,1,2014-12-12,2015-01-12,False,,True,2014-12-22 16:36:10,2014-12-30 10:25:23,2015-02-04 21:27:01
15,51,15,2014.12.15,003.14.64493601,1,1,0,0,0,0,10,1,2014-12-15,2015-01-15,False,,True,2014-12-22 16:39:17,2014-12-30 10:25:34,2015-02-04 20:28:25
16,51,16,2014.12.16,003.14.64493536,1,1,0,0,0,0,10,1,2014-12-10,2015-01-10,False,,True,2014-12-22 16:42:02,2014-12-30 10:25:02,2015-02-04 21:23:33
17,51,18,2014.12.17,003.14.64493516,2,12612.25,0,0,0,0,10,3,2014-12-09,2015-01-09,False,,True,2014-12-22 16:52:20,2014-12-23 15:52:07,2015-02-04 21:20:16
18,51,17,2014.12.18,003.14.64493394,2,12612.25,0,0,0,0,10,3,2014-12-01,2015-01-01,False,,True,2014-12-22 16:54:33,2014-12-23 15:52:19,2015-02-04 22:29:23
19,51,19,2014.12.19,003.14.64493515,1,1,0,0,0,0,10,1,2014-12-08,2015-01-08,False,,True,2014-12-22 17:17:28,2014-12-30 10:24:57,2015-02-16 22:41:39
20,51,21,2014.12.20,003.14.64493501,1,1,0,0,0,0,10,1,2014-12-05,2015-01-05,False,,True,2014-12-22 17:19:14,2014-12-30 10:24:47,2015-02-04 22:10:59
21,51,22,2014.12.21,003.14.64493471,2,12612.25,0,0,0,0,10,3,2014-12-04,2015-01-04,False,,True,2014-12-22 17:25:32,2014-12-23 15:52:34,2015-02-04 22:08:32
22,51,23,2014.12.22,003.14.64493513,1,1,0,0,0,0,10,1,2014-12-08,2015-01-08,False,,True,2014-12-22 17:28:09,2014-12-30 10:24:53,2015-02-04 22:20:42
23,51,24,2014.12.23,003.14.64493561,2,12612.25,0,0,0,0,10,3,2014-12-11,2015-01-11,False,,True,2014-12-22 17:31:28,2014-12-23 15:52:52,2015-02-04 22:05:51
24,51,25,2014.12.24,003.14.64493422,2,12612.25,0,0,0,0,10,3,2014-12-02,2015-01-02,False,,True,2014-12-23 08:38:13,2014-12-23 15:53:02,2015-02-04 21:10:45
25,51,26,2014.12.25,003.14.64493421,2,12612.25,0,0,0,0,10,3,2014-12-02,2015-01-02,False,,True,2014-12-23 08:53:25,2014-12-23 15:53:12,2015-02-04 21:03:37
26,51,29,2014.12.26,003.14.64493413,2,12612.25,0,0,0,0,10,3,2014-12-02,2015-01-02,False,,True,2014-12-23 09:19:56,2014-12-23 15:53:23,2015-02-04 20:54:41
27,51,28,2014.12.27,003.14.64493419,2,12612.25,0,0,0,0,10,3,2014-12-02,2015-01-02,False,,True,2014-12-23 09:20:09,2014-12-23 15:54:47,2015-02-04 20:57:56
28,51,30,2014.12.28,003.14.64493537,1,1,0,800000,0,800000,0,1,2014-12-10,2015-01-10,False,,False,2014-12-23 09:39:06,2014-12-30 10:25:13,
29,51,31,2014.12.29,003.14.64493550,2,12612.25,0,590.64,0,590.64,0,3,2014-12-11,2015-01-11,False,,False,2014-12-23 09:50:34,2014-12-23 15:55:09,
30,51,33,2014.12.30,003.14.64493402,2,12612.25,0,0,0,0,10,3,2014-12-01,2015-01-01,False,,True,2014-12-23 10:04:04,2014-12-23 15:55:22,2015-02-16 22:26:12
31,51,35,2014.12.31,003.14.64493453,1,1,0,0,0,0,10,1,2014-12-03,2015-01-03,False,,True,2014-12-23 10:14:54,2014-12-30 10:24:33,2015-02-16 22:30:05
32,51,38,2014.12.32,003.14.64493459,2,12612.25,0,0,0,0,10,3,2014-12-04,2015-01-04,False,,True,2014-12-23 10:25:47,2014-12-23 15:55:32,2015-02-04 22:26:04
33,51,41,2014.12.33,003.14.64493457,2,0,0,0,0,0,10,1,2014-12-04,2015-01-04,False,,True,2014-12-23 10:44:35,,2014-12-23 10:51:33
34,51,42,2014.12.33,003.14.64493457,2,12612.25,0,0,0,0,10,3,2014-12-04,2015-01-04,False,,True,2014-12-23 10:55:30,2014-12-23 15:55:43,2015-02-16 22:33:36
35,51,43,2014.12.34,003.14.64493469,1,1,0,0,0,0,10,1,2014-12-04,2015-01-04,False,,True,2014-12-23 10:58:57,2014-12-30 10:24:43,2015-02-04 20:23:18
36,51,44,2014.12.35,003.14.64493456,2,12612.25,0,0,0,0,10,3,2014-12-04,2015-01-04,False,,True,2014-12-23 11:00:03,2014-12-23 15:55:58,2015-02-16 22:36:51
37,51,45,2014.12.36,003.14.64493454,1,1,0,0,0,0,10,1,2014-12-04,2015-01-04,False,,True,2014-12-23 11:05:53,2014-12-30 10:24:36,2015-02-04 20:40:14
38,51,46,2014.12.37,003.14.64493464,1,1,0,0,0,0,10,1,2014-12-04,2015-01-04,False,,True,2014-12-23 11:22:47,2014-12-30 10:24:40,2015-02-04 20:15:25
39,51,47,2014.12.38,003.14.64493460,2,12612.25,0,0,0,0,10,3,2014-12-04,2015-01-04,False,,True,2014-12-23 11:32:44,2014-12-23 15:56:58,2015-02-04 20:20:11
40,51,50,2014.12.39,003.14.64493721,2,12158,0,0,0,0,10,6,2014-12-22,2015-01-22,False,,True,2014-12-24 14:52:58,2014-12-30 10:26:05,2015-02-04 22:13:16
42,53,,2015.1.1,003.14.64493716,2,12158,0,913,0,830,10,6,2015-01-22,2015-01-22,False,,False,2015-01-19 07:32:28,2015-01-23 05:22:31,
43,54,,2015.1.2,003.14.64493717,1,1,0,3630000,0,3300000,10,1,2014-12-22,2014-12-22,False,,False,2015-01-19 07:46:39,2015-01-23 05:22:39,
44,56,,2015.1.3,003.14.64493820,1,1,0,13640000,0,12400000,10,1,2014-12-31,2014-12-30,True,2014-12-31,False,2015-01-29 08:24:26,2015-01-29 08:25:15,
45,57,,2015.1.4,003.14.64493828,1,1,0,6436650,0,5851500,10,1,2014-12-31,2014-12-31,True,2014-12-31,False,2015-01-29 08:38:09,2015-01-29 08:38:50,
46,58,,2015.1.5,003.14.64493455,1,1,0,2112000,0,1920000,10,1,2014-12-04,2015-01-03,True,2014-12-04,False,2015-01-29 08:51:36,2015-01-29 08:53:54,
47,59,,2015.1.6,003.14.64493788,2,12158,0,501.6,0,456,10,6,2014-12-30,2014-12-29,True,2014-12-30,False,2015-01-29 09:09:22,2015-01-29 09:10:07,
48,60,,2015.1.7,003.14.64493789,1,1,0,2673000,0,2430000,10,1,2014-12-30,2015-01-29,True,2014-12-30,False,2015-01-29 09:18:45,2015-01-29 09:19:25,
49,61,,2015.1.8,003.14.64493790,1,1,0,0,0,0,10,1,2014-12-30,2015-01-29,False,,True,2015-01-29 09:24:40,,2015-01-29 09:31:34
50,62,,2015.1.8,003.14.64493790,1,1,0,15620000,0,14200000,10,1,2014-12-30,2015-01-29,True,2014-12-30,False,2015-01-29 09:42:25,2015-01-29 09:43:18,
51,63,,2015.1.9,003.14.64493805,1,1,0,1226940,0,1115400,10,1,2014-12-30,2015-01-29,True,2014-12-30,False,2015-01-29 09:49:45,2015-01-29 09:51:17,
52,64,,2015.1.10,003.14.64493488,1,1,0,1012000,0,920000,10,1,2014-12-05,2015-01-04,True,2014-12-05,False,2015-01-29 10:00:30,2015-01-29 10:01:28,
53,65,,2015.1.11,003.14.64493487,1,1,0,5060000,0,4600000,10,1,2014-12-05,2015-01-04,True,2014-12-05,False,2015-01-29 10:20:02,2015-01-29 10:20:45,
54,66,,2015.1.12,003.14.64493486,1,1,0,638000,0,580000,10,1,2014-12-05,2015-01-04,True,2014-12-05,False,2015-01-29 10:30:38,2015-01-29 10:31:19,
55,67,,2015.1.13,003.14.64493463,1,1,0,1936000,0,1760000,10,1,2014-12-04,2015-01-03,True,2014-12-04,False,2015-01-29 10:45:46,2015-01-29 10:46:29,
56,68,,2015.1.14,003.14.64493461,1,1,0,2200000,0,2000000,10,1,2014-12-04,2015-01-03,True,2014-12-04,False,2015-01-29 11:13:13,2015-01-29 11:14:19,
57,69,,2015.1.15,003.14.64493431,1,1,0,3564000,0,3240000,10,1,2014-12-02,2015-01-01,True,2014-12-02,False,2015-01-29 11:29:38,2015-01-29 11:30:33,
58,70,,2015.1.16,003.14.64493424,1,1,0,0,0,0,10,1,2014-12-02,2015-01-01,False,,True,2015-01-29 11:46:34,,2015-01-29 11:49:33
59,71,,2015.1.16,003.14.64493424,1,1,0,8525000,0,7750000,10,1,2014-12-02,2015-01-01,True,2015-01-02,False,2015-01-29 13:08:02,2015-01-29 13:09:17,
60,72,,2015.1.17,003.14.64493418,1,1,0,4224000,0,3840000,10,1,2014-12-02,2015-01-01,True,2014-12-02,False,2015-01-29 13:29:03,2015-01-29 13:29:40,
61,73,,2015.1.18,003.14.64493417,1,1,0,5060000,0,4600000,10,1,2014-12-02,2015-01-01,True,2014-12-02,False,2015-01-29 13:46:31,2015-01-29 13:47:08,
62,74,,2015.1.19,003.14.64493416,1,1,0,9570000,0,8700000,10,1,2014-12-02,2015-01-01,True,2014-12-02,False,2015-01-29 14:04:22,2015-01-29 14:04:57,
63,75,,2015.1.20,003.14.64493398,1,1,0,9438000,0,8580000,10,1,2014-12-01,2015-01-01,True,2014-12-01,False,2015-01-29 14:15:15,2015-01-29 14:16:18,
64,76,,2015.1.21,003.14.64493795,1,1,0,157.52,0,143.2,10,1,2014-12-30,2015-01-29,True,2014-12-30,False,2015-01-29 14:26:52,2015-01-29 14:27:31,
65,77,,2015.1.22,003.14.64493444,1,1,0,9680000,0,8800000,10,1,2014-12-03,2015-01-02,True,2014-12-03,False,2015-01-29 14:59:19,2015-01-29 14:59:59,
66,78,,2015.1.23,003.14.64493662,2,12158,0,0,0,0,10,6,2014-12-17,2015-01-16,False,,True,2015-01-29 15:08:13,2015-01-29 16:47:55,2015-01-29 16:48:29
67,79,,2015.1.24,003.14.64493695,2,12158,0,0,0,0,10,6,2014-12-19,2015-01-19,False,,True,2015-01-29 15:15:13,2015-01-29 17:01:53,2015-01-30 08:46:11
68,80,,2015.1.25,003.14.64493694,2,12158,0,0,0,0,10,6,2014-12-19,2015-01-19,False,,True,2015-01-29 15:23:24,2015-01-30 08:57:58,2015-01-30 08:58:37
69,81,,2015.1.26,003.14.64493638,2,12158,0,2684,0,2440,10,6,2014-12-16,2015-01-15,True,2014-12-16,False,2015-01-29 15:37:20,2015-01-29 15:38:15,
70,82,,2015.1.27,003.14.64493620,2,12158,0,2013,0,1830,10,6,2014-12-16,2015-01-15,True,2014-12-16,False,2015-01-29 15:46:29,2015-01-29 15:47:04,
71,83,,2015.1.28,003.14.64493599,2,12158,0,1801.8,0,1638,10,6,2014-12-15,2015-01-14,True,2014-12-15,False,2015-01-29 15:55:48,2015-01-29 15:56:29,
72,84,,2015.1.29,003.14.64493600,2,12158,0,791.56,0,719.6,10,6,2014-12-15,2015-01-14,True,2014-12-15,False,2015-01-29 16:12:21,2015-01-29 16:13:18,
73,85,,2015.1.30,003.14.64493573,2,12158,0,495,0,450,10,6,2014-12-12,2015-01-11,True,2014-12-12,False,2015-01-29 16:18:22,2015-01-29 16:19:16,
74,86,,2015.1.31,003.14.64493572,2,12158,0,157.52,0,143.2,10,6,2014-12-12,2015-01-11,True,2014-12-12,False,2015-01-29 16:25:18,2015-01-29 16:26:01,
75,87,,2015.1.31,003.14.64493662,2,12158,0,1801.8,0,1638,10,6,2014-12-17,2015-01-16,True,2014-12-17,False,2015-01-29 17:00:08,2015-01-29 17:03:48,
76,88,,2015.1.31,003.14.64493695,2,12158,0,517,0,470,10,6,2014-12-19,2015-01-19,True,2014-12-19,False,2015-01-30 08:56:20,2015-01-30 08:57:08,
77,89,,2015.1.31,003.14.64493694,2,12158,0,338.8,0,308,10,6,2014-12-19,2015-01-19,True,2014-12-19,False,2015-01-30 09:04:45,2015-01-30 09:05:29,
78,90,,2015.1.32,003.14.64493649,1,1,0,5236000,0,4760000,10,1,2014-12-16,2015-01-16,True,2014-12-16,False,2015-01-30 09:21:16,2015-01-30 09:23:48,
79,91,,2015.1.33,003.14.64493648,1,1,0,5346000,0,4860000,10,1,2014-12-16,2015-01-16,True,2014-12-16,False,2015-01-30 09:34:31,2015-01-30 09:35:28,
80,92,,2015.1.34,003.14.64493509,1,1,0,2134000,0,1940000,10,1,2014-12-08,2015-01-08,True,2014-12-08,False,2015-01-30 10:46:19,2015-01-30 10:47:01,
81,93,,2015.1.35,003.14.64493508,1,1,0,4488000,0,4080000,10,1,2014-12-08,2015-01-08,True,2014-12-08,False,2015-01-30 10:51:27,2015-01-30 10:52:03,
82,94,,2015.1.36,003.14.64493660,1,1,0,6600000,0,6000000,10,1,2014-12-17,2015-01-17,True,2014-12-17,False,2015-01-30 10:57:30,2015-01-30 10:58:10,
83,95,,2015.1.37,003.14.64493673,1,1,0,3982000,0,3620000,10,1,2014-12-18,2015-01-18,True,2014-12-18,False,2015-01-30 11:15:48,2015-01-30 11:16:17,
84,96,,2015.1.38,003.14.64493684,1,1,0,2094400,0,1904000,10,1,2014-12-19,2015-01-19,True,2014-12-19,False,2015-01-30 11:27:32,2015-01-30 11:27:58,
85,97,,2015.1.39,003.14.64493698,1,1,0,4639800,0,4218000,10,1,2014-12-19,2015-01-19,True,2014-12-19,False,2015-01-30 11:33:46,2015-01-30 11:34:35,
86,98,,2015.1.40,003.14.64493711,1,1,0,12408000,0,11280000,10,1,2014-12-19,2015-01-19,True,2014-12-19,False,2015-01-30 11:39:24,2015-01-30 11:40:06,
87,99,,2015.1.41,003.14.64493706,1,1,0,18942440,0,17220400,10,1,2014-12-19,2015-01-19,True,2014-12-19,False,2015-01-30 11:48:13,2015-01-30 11:49:16,
88,100,,2015.1.42,003.14.64493744,1,1,0,896280,0,814800,10,1,2014-12-23,2015-01-23,True,2014-12-23,False,2015-01-30 11:54:01,2015-01-30 11:54:40,
89,101,,2015.1.43,003.14.64493699,1,1,0,5236000,0,4760000,10,1,2014-12-19,2015-01-19,True,2014-12-19,False,2015-01-30 13:18:11,2015-01-30 13:18:43,
90,102,,2015.1.44,003.14.64493743,1,1,0,10560000,0,9600000,10,1,2014-12-23,2015-01-23,True,2014-12-23,False,2015-01-30 13:22:49,2015-01-30 13:23:19,
91,103,,2015.1.45,003.14.64493725,1,1,0,13447500,0,12225000,10,1,2014-12-22,2015-01-22,True,2014-12-22,False,2015-01-30 13:28:38,2015-01-30 13:29:20,
92,104,,2015.1.46,003.14.64493804,1,1,0,7484400,0,6804000,10,1,2014-12-30,2015-01-30,True,2014-12-30,False,2015-01-30 13:33:44,2015-01-30 13:34:19,
93,105,,2015.1.47,003.14.64493760,1,1,0,22055000,0,20050000,10,1,2014-12-24,2015-01-24,True,2014-12-24,False,2015-01-30 13:39:03,2015-01-30 13:39:34,
94,106,,2015.1.48,003.14.64493778,1,1,0,4294180,0,3903800,10,1,2014-12-29,2015-01-29,True,2014-12-29,False,2015-01-30 13:48:52,2015-01-30 13:49:37,
95,107,,2015.1.49,003.14.64493756,1,1,0,10120000,0,9200000,10,1,2014-12-24,2015-01-24,True,2014-12-24,False,2015-01-30 15:23:27,2015-01-30 15:25:51,
96,108,,2015.1.50,003.14.64493749,1,1,0,13200000,0,12000000,10,1,2014-12-23,2015-01-23,True,2014-12-23,False,2015-01-30 15:48:10,2015-01-30 15:49:23,
97,109,,2015.1.51,003.14.64493748,1,1,0,9398400,0,8544000,10,1,2014-12-23,2015-01-23,True,2014-12-23,False,2015-01-30 16:07:56,2015-01-30 16:08:44,
98,110,,2015.1.52,003.14.64493819,1,1,0,12408000,0,11280000,10,1,2014-12-30,2015-01-30,True,2014-12-30,False,2015-01-30 16:35:14,2015-01-30 16:35:42,
99,111,,2015.1.53,003.14.64493769,1,1,0,2393600,0,2176000,10,1,2014-12-24,2015-01-24,True,2014-12-24,False,2015-01-30 16:39:30,2015-01-30 16:49:34,
100,112,,2015.2.1,003.14.64493758,1,1,0,1408000,0,1280000,10,1,2014-12-24,2015-01-24,True,2014-12-24,False,2015-02-02 16:23:24,2015-02-02 16:24:08,
101,113,,2015.2.2,003.14.64493773,1,1,0,1012000,0,920000,10,1,2014-12-24,2015-01-24,True,2014-12-24,False,2015-02-02 16:38:20,2015-02-02 16:38:57,
102,114,,2015.2.3,003.14.64493759,1,1,0,10692000,0,9720000,10,1,2014-12-24,2015-01-24,True,2014-12-24,False,2015-02-02 16:44:29,2015-02-02 16:45:20,
103,115,,2015.2.4,003.14.64493777,1,1,0,1012000,0,920000,10,1,2014-12-29,2015-01-29,True,2014-12-29,False,2015-02-02 16:54:00,2015-02-02 16:54:33,
104,116,,2015.2.5,003.14.64493538,1,1,0,9213600,0,8376000,10,1,2014-12-10,2015-01-10,True,2014-12-10,False,2015-02-02 17:26:55,2015-02-02 17:27:29,
105,117,,2015.2.6,003.14.64493631,2,12158,0,646.25,0,587.5,10,6,2014-12-16,2015-01-16,True,2014-12-16,False,2015-02-02 17:32:07,2015-02-02 17:32:39,
106,118,,2015.2.7,003.14.64493630,2,12158,0,421.3,0,383,10,6,2014-12-16,2015-01-16,True,2014-12-16,False,2015-02-02 19:07:54,2015-02-02 19:13:09,
107,119,,2015.2.8,003.14.64493736,2,12158,0,646.25,0,587.5,10,6,2014-12-23,2015-01-23,True,2014-12-23,False,2015-02-02 19:21:23,2015-02-02 19:22:32,
108,120,,2015.2.9,003.14.64493735,2,12158,0,998.8,0,908,10,6,2014-12-23,2015-01-23,True,2014-12-23,False,2015-02-02 19:39:03,2015-02-02 19:40:26,
109,121,,2015.2.10,003.14.64493764,2,12158,0,3355,0,3050,10,6,2014-12-24,2015-01-24,True,2014-12-24,False,2015-02-02 19:44:23,2015-02-02 19:44:59,
110,122,,2015.2.11,003.14.64493644,1,1,0,18920000,0,17200000,10,1,2014-12-16,2015-01-16,True,2014-12-16,False,2015-02-02 19:48:10,2015-02-02 19:48:46,
111,123,,2015.2.12,003.14.64493763,2,12158,0,1201.2,0,1092,10,6,2014-12-24,2015-01-24,True,2014-12-24,False,2015-02-02 19:58:12,2015-02-02 19:59:02,
112,124,,2015.2.13,003.14.64493753,1,1,0,7920000,0,7200000,10,1,2014-12-23,2015-01-23,True,2014-12-23,False,2015-02-02 20:06:40,2015-02-02 20:07:25,
113,125,,2015.2.14,003.14.64493796,2,12158,0,833.8,0,758,10,6,2014-12-30,2015-01-30,True,2014-12-30,False,2015-02-02 20:15:41,2015-02-02 20:17:31,
114,126,,2015.2.15,003.14.64493794,2,12158,0,517,0,470,10,6,2014-12-30,2015-01-30,True,2014-12-30,False,2015-02-02 20:25:08,2015-02-02 20:26:30,
115,127,,2015.2.16,003.14.64493403,2,12158,0,173.8,0,158,10,6,2014-12-02,2015-01-02,True,2014-12-02,False,2015-02-02 20:34:16,2015-02-02 20:34:49,
116,128,,2015.2.17,003.14.64493404,2,12158,0,78.76,0,71.6,10,6,2014-12-02,2015-01-02,True,2014-12-02,False,2015-02-02 20:39:13,2015-02-02 20:39:46,
117,129,,2015.2.18,003.14.64493405,2,12158,0,495,0,450,10,6,2014-12-02,2015-01-02,True,2014-12-02,False,2015-02-02 20:44:14,2015-02-02 20:45:01,
118,130,,2015.2.19,003.14.64493406,2,12158,0,923.45,0,839.5,10,6,2014-12-02,2015-01-02,True,2014-12-02,False,2015-02-02 20:49:39,2015-02-02 20:50:16,
119,131,,2015.2.20,003.14.64493473,2,12158,0,330,0,300,10,6,2014-12-05,2015-01-05,True,2014-12-05,False,2015-02-02 20:55:20,2015-02-02 20:56:13,
120,132,,2015.2.21,003.14.64493474,2,12158,0,517,0,470,10,6,2014-12-05,2015-01-05,True,2014-12-05,False,2015-02-02 21:10:47,2015-02-02 21:11:46,
121,133,,2015.2.22,003.14.64493522,2,12158,0,334.4,0,304,10,6,2014-12-09,2015-01-09,True,2014-12-09,False,2015-02-02 21:18:15,2015-02-02 21:19:00,
122,134,,2015.2.23,003.14.64493574,2,12158,0,517,0,470,10,6,2014-12-12,2015-01-12,True,2014-12-12,False,2015-02-02 21:28:29,2015-02-02 21:29:55,
123,135,,2015.2.24,003.14.64493523,1,1,0,517,0,470,10,1,2014-12-09,2015-01-09,True,2014-12-09,False,2015-02-02 21:49:13,2015-02-02 21:49:45,
124,136,,2015.2.25,003.14.64493650,1,1,0,16500000,0,15000000,10,1,2014-12-16,2015-01-16,True,2014-12-16,False,2015-02-02 21:53:21,2015-02-02 21:53:57,
125,137,,2015.2.26,003.14.64493553,1,1,0,972400,0,884000,10,1,2014-12-11,2015-01-11,True,2014-12-11,False,2015-02-02 22:01:33,2015-02-02 22:02:10,
126,138,,2015.2.27,003.14.64493590,1,1,0,11660000,0,10600000,10,1,2014-12-15,2015-01-15,True,2014-12-15,False,2015-02-02 22:06:38,2015-02-02 22:07:18,
127,139,,2015.2.28,003.14.64493439,1,1,0,3608000,0,3280000,10,1,2014-12-03,2015-01-03,True,2014-12-03,False,2015-02-03 15:29:57,2015-02-03 15:30:58,
128,140,,2015.2.29,003.14.64493449,2,12158,0,4697,0,4270,10,6,2014-12-03,2015-01-03,True,2014-12-03,False,2015-02-03 16:31:22,2015-02-03 16:31:47,
129,141,,2015.2.30,003.14.64493742,1,1,0,1080002,0,981820,10,1,2014-12-12,2015-01-12,True,2014-12-12,False,2015-02-03 16:38:18,2015-02-03 16:38:49,
130,142,,2015.2.31,003.14.64493570,1,1,0,10120000,0,9200000,10,1,2014-12-12,2015-01-12,True,2014-12-12,False,2015-02-03 16:42:34,2015-02-03 16:43:03,
131,143,,2015.2.32,003.14.64493542,1,1,0,2015200,0,1832000,10,1,2014-12-10,2015-01-10,True,2014-12-10,False,2015-02-03 16:46:29,2015-02-03 16:47:08,
132,144,,2015.2.33,003.14.64493525,1,1,0,12672000,0,11520000,10,1,2014-12-09,2015-01-09,True,2014-12-09,False,2015-02-03 16:52:02,2015-02-03 16:53:25,
133,145,,2015.2.34,003.14.64493541,1,1,0,10076000,0,9160000,10,1,2014-12-10,2015-01-10,True,2014-12-10,False,2015-02-03 16:58:28,2015-02-03 16:58:59,
134,147,,2015.2.35,003.14.64493484,1,1,0,7590594,0,6900540,10,1,2014-12-05,2015-01-05,True,2014-12-05,False,2015-02-03 18:54:44,2015-02-03 18:55:28,
135,148,,2015.2.36,003.14.64493491,2,12158,0,473,0,430,10,6,2014-12-05,2015-01-05,True,2014-12-05,False,2015-02-03 19:06:30,2015-02-03 19:08:37,
136,149,,2015.2.37,003.14.64493512,1,1,0,5935600,0,5396000,10,1,2014-12-08,2015-01-08,True,2014-12-08,False,2015-02-03 19:16:06,2015-02-03 19:16:51,
137,150,,2015.2.38,003.14.64493520,1,1,0,3036000,0,2760000,10,1,2014-12-09,2015-01-09,True,2014-12-09,False,2015-02-03 19:23:15,2015-02-03 19:23:58,
138,151,,2015.2.39,003.14.64493740,2,12158,0,473,0,430,10,6,2014-12-23,2015-01-23,True,2014-12-23,False,2015-02-03 19:29:47,2015-02-03 19:30:23,
139,152,,2015.2.40,003.14.64493761,1,1,0,0,0,0,10,1,2014-12-24,2015-01-24,False,,True,2015-02-03 19:35:00,2015-02-03 19:37:43,2015-02-03 19:38:59
140,153,,2015.2.40,003.14.64493761,1,1,0,1144000,0,1040000,10,1,2014-12-24,2015-01-24,True,2014-12-24,False,2015-02-03 19:44:08,2015-02-03 19:45:38,
141,154,,2015.2.41,003.14.64493755,2,12158,0,820.02,0,745.48,10,6,2014-12-23,2015-01-23,True,2014-12-23,False,2015-02-03 19:52:08,2015-02-03 19:52:49,
142,155,,2015.2.42,003.14.64493771,2,12158,0,440,0,400,10,6,2014-12-24,2015-01-24,True,2014-12-24,False,2015-02-03 19:59:14,2015-02-03 20:00:15,
143,156,,2015.2.43,003.14.64493784,2,12158,0,85.58,0,77.8,10,6,2014-12-29,2015-01-29,True,2014-12-29,False,2015-02-03 20:09:56,2015-02-03 20:11:10,
144,159,,2015.2.44,003.14.64493477,2,12158,0,1100,0,1000,10,6,2014-12-05,2015-01-05,True,2014-12-05,False,2015-02-03 17:44:39,2015-02-03 17:45:27,
145,160,,2015.2.45,003.14.64493696,3,15160.27,0,900.68,0,818.8,10,4,2014-12-19,2015-01-19,True,2014-12-19,False,2015-02-03 17:49:49,2015-02-03 17:50:27,
146,161,,2015.2.46,003.14.64493635,3,15160.27,0,1801.36,0,1637.6,10,4,2014-12-16,2015-01-16,True,2014-12-16,False,2015-02-03 19:50:08,2015-02-03 19:50:44,
147,162,,2015.2.47,003.14.64493568,2,12158,0,5762.9,0,5239,10,6,2014-12-12,2015-01-12,True,2014-12-12,False,2015-02-03 19:58:24,2015-02-03 19:58:55,
148,163,,2015.2.48,003.14.64493567,2,12158,0,7993.7,0,7267,10,6,2014-12-12,2015-01-12,True,2014-12-12,False,2015-02-03 20:07:08,2015-02-03 20:07:54,
149,164,,2015.2.49,003.14.64493800,2,12158,0,671,0,610,10,6,2014-12-30,2015-01-30,True,2014-12-30,False,2015-02-03 20:24:07,2015-02-03 20:24:50,
150,165,,2015.2.50,003.14.64493738,2,12158,0,550,0,500,10,6,2014-12-23,2015-01-23,True,2014-12-23,False,2015-02-04 17:21:07,2015-02-04 17:21:50,
151,168,,2015.2.51,003.14.64493739,2,12158,0,385,0,350,10,6,2014-12-23,2015-01-23,True,2014-12-23,False,2015-02-04 17:44:35,2015-02-04 17:45:03,
152,46,,2015.2.52,003.14.64493464,1,1,0,21120000,0,19200000,10,1,2014-12-04,2015-01-04,True,2014-12-04,False,2015-02-04 20:16:30,2015-02-04 20:17:26,
153,47,,2015.2.53,003.14.64493460,2,12158,0,1155,0,1050,10,6,2014-12-04,2015-01-04,True,2014-12-04,False,2015-02-04 20:20:45,2015-02-04 20:21:28,
154,43,,2015.2.54,003.14.64493469,1,1,0,23100000,0,21000000,10,1,2014-12-04,2015-01-04,True,2014-12-04,False,2015-02-04 20:24:20,2015-02-04 20:24:51,
155,15,,2015.2.55,003.14.64493601,1,1,0,4015000,0,3650000,10,1,2014-12-15,2015-01-15,True,2014-12-15,False,2015-02-04 20:29:00,2015-02-04 20:29:48,
156,45,,2015.2.56,003.14.64493454,1,1,0,704000,0,640000,10,1,2014-12-04,2015-01-04,True,2014-12-04,False,2015-02-04 20:40:41,2015-02-04 20:41:18,
157,29,,2015.2.57,003.14.64493413,2,12158,0,107.36,0,97.6,10,6,2014-12-02,2015-01-02,True,2014-12-02,False,2015-02-04 20:55:32,2015-02-04 20:56:17,
158,28,,2015.2.58,003.14.64493419,2,12158,0,76.16,0,69.24,10,6,2014-12-02,2015-01-02,True,2014-12-02,False,2015-02-04 20:59:13,2015-02-04 20:59:47,
159,26,,2015.2.59,003.14.64493421,2,12158,0,3147.76,0,2861.6,10,6,2014-12-02,2015-01-02,True,2014-12-02,False,2015-02-04 21:05:08,2015-02-04 21:06:47,
160,25,,2015.2.60,003.14.64493422,2,12158,0,501.6,0,456,10,6,2014-12-02,2015-01-02,True,2014-12-02,False,2015-02-04 21:15:51,2015-02-04 21:16:23,
161,18,,2015.2.61,003.14.64493516,2,12158,0,440,0,400,10,6,2014-12-09,2015-01-09,True,2014-12-09,False,2015-02-04 21:21:20,2015-02-04 21:22:03,
162,16,,2015.2.62,003.14.64493536,1,1,0,12012000,0,10920000,10,1,2014-12-10,2015-01-10,True,2014-12-10,False,2015-02-04 21:24:39,2015-02-04 21:25:10,
163,14,,2015.2.63,003.14.64493563,1,1,0,2596000,0,2360000,10,1,2014-12-12,2015-01-12,True,2014-12-12,False,2015-02-04 21:27:40,2015-02-04 21:29:37,
164,11,,2015.2.64,003.14.64493566,1,1,0,4455000,0,4050000,10,1,2014-12-12,2015-01-12,True,2014-12-12,False,2015-02-04 21:32:46,2015-02-04 21:34:12,
165,9,,2015.2.65,003.14.64493540,2,12158,0,279.84,0,254.4,10,6,2014-12-10,2015-01-10,True,2014-12-10,False,2015-02-04 21:47:43,2015-02-04 21:48:13,
166,6,,2015.2.66,003.14.64493400,1,1,0,1496000,0,1360000,10,1,2014-12-01,2015-01-01,True,2014-12-01,False,2015-02-04 21:50:11,2015-02-04 21:51:37,
167,5,,2015.2.67,003.14.64493437,1,1,0,3520000,0,3200000,10,1,2014-12-03,2015-01-03,True,2014-12-03,False,2015-02-04 21:58:02,2015-02-04 21:58:55,
168,4,,2015.2.68,003.14.64493657,1,1,0,10824000,0,9840000,10,1,2014-12-17,2015-01-17,True,2014-12-17,False,2015-02-04 22:01:13,2015-02-04 22:01:52,
169,24,,2015.2.69,003.14.64493561,2,12158,0,425.7,0,387,10,6,2014-12-11,2015-01-11,True,2014-12-11,False,2015-02-04 22:06:41,2015-02-04 22:07:39,
170,22,,2015.2.70,003.14.64493471,2,12158,0,373.12,0,339.2,10,6,2014-12-04,2015-01-04,True,2014-12-04,False,2015-02-04 22:09:38,2015-02-04 22:10:18,
171,21,,2015.2.71,003.14.64493501,1,1,0,6006000,0,5460000,10,1,2014-12-05,2015-01-05,True,2014-12-05,False,2015-02-04 22:11:54,2015-02-04 22:12:51,
172,50,,2015.2.72,003.14.64493721,2,12158,0,448.8,0,408,10,6,2014-12-22,2015-01-22,True,2014-12-22,False,2015-02-04 22:14:08,2015-02-04 22:14:48,
173,23,,2015.2.73,003.14.64493513,1,1,0,4092000,0,3720000,10,1,2014-12-08,2015-01-08,True,2014-12-08,False,2015-02-04 22:23:02,2015-02-04 22:23:51,
174,38,,2015.2.74,003.14.64493459,2,12158,0,577.5,0,525,10,6,2014-12-04,2015-01-04,True,2014-12-04,False,2015-02-04 22:27:13,2015-02-04 22:27:49,
175,17,,2015.2.75,003.14.64493394,2,12158,0,2416.92,0,2197.2,10,6,2014-12-01,2015-01-01,True,2014-12-01,False,2015-02-04 22:30:09,2015-02-04 22:31:26,
176,170,,2015.2.76,003.14.64493667,1,1,0,937200,0,852000,10,1,2014-12-17,2015-01-17,True,2014-12-17,False,2015-02-05 16:11:59,2015-02-05 16:13:06,
177,172,,2015.2.77,003.14.64493675,1,1,0,342.32,0,311.2,10,1,2014-12-18,2015-01-18,True,2014-12-18,False,2015-02-05 20:55:44,2015-02-05 20:56:21,
178,174,,2015.2.78,003.14.64493672,1,1,0,1562000,0,1420000,10,1,2014-12-18,2015-01-18,True,2014-12-18,False,2015-02-05 21:04:26,2015-02-05 21:06:07,
179,175,,2015.2.79,003.14.64493686,1,1,0,6586580,0,5987800,10,1,2014-12-19,2015-01-19,True,2014-12-19,False,2015-02-05 21:10:33,2015-02-05 21:11:18,
180,178,,2015.2.80,003.14.64493713,1,1,0,4257000,0,3870000,10,1,2014-12-19,2015-01-19,True,2014-12-19,False,2015-02-05 21:41:08,2015-02-05 21:49:25,
181,179,,2015.2.81,003.14.64493683,1,1,0,1144000,0,1040000,10,1,2014-12-19,2015-01-19,True,2014-12-19,False,2015-02-05 21:51:42,2015-02-05 21:52:14,
182,182,,2015.2.82,003.14.64493559,1,1,0,5153940,0,4685400,10,1,2014-12-11,2015-01-11,True,2014-12-11,False,2015-02-05 22:15:47,2015-02-05 22:18:09,
183,183,,2015.2.83,003.14.64493629,2,12158,0,768.68,0,698.8,10,6,2014-12-16,2015-01-16,True,2014-12-16,False,2015-02-05 22:27:20,2015-02-05 22:28:41,
184,184,,2015.2.84,003.14.64493625,1,1,0,3267000,0,2970000,10,1,2014-12-16,2015-01-16,True,2014-12-16,False,2015-02-05 22:39:41,2015-02-05 22:40:27,
185,186,,2015.2.85,003.14.64493622,2,12158,0,473,0,430,10,6,2014-12-16,2015-01-16,True,2014-12-16,False,2015-02-05 22:55:05,2015-02-05 22:55:42,
186,188,,2015.2.86,003.14.64493687,1,1,0,17160000,0,15600000,10,1,2014-12-19,2015-01-19,True,2014-12-19,False,2015-02-05 23:07:01,2015-02-05 23:07:46,
187,192,,2015.2.87,003.14.64493720,1,1,0,13464000,0,12240000,10,1,2014-12-22,2015-01-22,True,2014-12-22,False,2015-02-08 15:34:57,2015-02-08 15:35:50,
188,193,,2015.2.88,003.14.64493799,3,0,0,0,0,0,10,1,2014-12-30,2015-01-30,False,,True,2015-02-08 15:45:56,,2015-02-08 15:46:50
189,194,,2015.2.88,003.14.64493799,3,15160.27,0,4503.4,0,4094,10,4,2014-12-30,2015-01-30,True,2014-12-30,False,2015-02-08 15:49:22,2015-02-08 15:50:02,
190,196,,2015.2.89,003.14.64493579,2,12158,0,900.9,0,819,10,6,2014-12-12,2015-01-12,True,2014-12-12,False,2015-02-08 16:24:48,2015-02-08 16:25:20,
191,199,,2015.2.90,003.14.64493637,2,12158,0,682.11,0,620.1,10,6,2014-12-16,2015-01-16,True,2014-12-16,False,2015-02-08 17:05:05,2015-02-08 17:06:49,
192,200,,2015.2.91,003.14.64493569,2,12158,0,2310,0,2100,10,6,2014-12-12,2015-01-12,True,2014-12-12,False,2015-02-12 15:32:03,2015-02-12 15:32:32,
193,201,,2015.2.92,003.14.64493765,2,12158,0,2310,0,2100,10,6,2014-12-24,2015-01-24,True,2014-12-24,False,2015-02-12 15:48:17,2015-02-12 15:49:08,
194,202,,2015.2.93,003.14.64493632,2,12158,0,346.5,0,315,10,6,2014-12-16,2015-01-16,True,2014-12-16,False,2015-02-12 15:52:51,2015-02-12 15:53:32,
195,204,,2015.2.94,003.14.64493479,2,12158,0,308,0,280,10,6,2014-12-05,2015-01-05,True,2014-12-05,False,2015-02-12 17:44:42,2015-02-12 17:45:24,
196,205,,2015.2.95,003.14.64493411,3,15160.27,0,2702.04,0,2456.4,10,4,2014-12-02,2015-01-02,True,2014-12-02,False,2015-02-12 17:51:30,2015-02-12 17:52:04,
197,207,,2015.2.96,003.14.64493412,2,12158,0,154,0,140,10,6,2014-12-02,2015-01-02,True,2014-12-02,False,2015-02-12 19:28:19,2015-02-12 19:29:20,
198,209,,2015.2.97,003.14.64493408,2,12158,0,231,0,210,10,6,2014-12-02,2015-01-01,True,2014-12-02,False,2015-02-12 19:45:04,2015-02-12 19:45:52,
199,210,,2015.2.98,003.14.64493478,3,15160.27,0,2702.04,0,2456.4,10,4,2014-12-05,2015-01-05,True,2014-12-05,False,2015-02-15 16:48:22,2015-02-15 16:48:58,
200,211,,2015.2.99,003.14.64493768,1,1,0,5412000,0,4920000,10,1,2014-12-24,2015-01-24,True,2014-12-24,False,2015-02-15 17:34:51,2015-02-15 17:35:25,
201,213,,2015.2.100,003.14.64493783,1,1,0,9471000,0,8610000,10,1,2014-12-29,2015-01-29,True,2014-12-29,False,2015-02-15 22:54:38,2015-02-15 22:55:21,
202,214,,2015.2.101,003.14.64493482,1,1,0,20460000,0,18600000,10,1,2014-12-05,2015-01-05,True,2014-12-05,False,2015-02-16 16:18:04,2015-02-16 16:18:40,
203,12,,2015.2.102,003.14.64493539,1,1,0,6969600,0,6336000,10,1,2014-12-10,2015-01-10,True,2014-12-10,False,2015-02-16 22:11:23,2015-02-16 22:12:23,
204,13,,2015.2.103,003.14.64493529,2,12158,0,2365,0,2150,10,6,2014-12-09,2015-01-09,True,2014-12-09,False,2015-02-16 22:23:09,2015-02-16 22:23:38,
205,33,,2015.2.104,003.14.64493402,2,12158,0,376.2,0,342,10,6,2014-12-01,2015-01-01,True,2014-12-01,False,2015-02-16 22:26:47,2015-02-16 22:27:18,
206,35,,2015.2.105,003.14.64493453,1,1,0,12760000,0,11600000,10,1,2014-12-03,2015-01-03,True,2014-12-03,False,2015-02-16 22:30:46,2015-02-16 22:31:19,
207,42,,2015.2.106,003.14.64493457,2,12158,0,157.52,0,143.2,10,6,2014-12-04,2015-01-04,True,2014-12-04,False,2015-02-16 22:34:27,2015-02-16 22:35:15,
208,44,,2015.2.107,003.14.64493456,2,12158,0,157.52,0,143.2,10,6,2014-12-04,2015-01-04,True,2014-12-04,False,2015-02-16 22:38:47,2015-02-16 22:39:25,
209,19,,2015.2.108,003.14.64493515,1,1,0,3537187.5,0,3215625,10,1,2014-12-08,2015-01-08,True,2014-12-08,False,2015-02-16 22:42:04,2015-02-16 22:42:43,
210,216,,2015.2.109,003.14.64493602,1,1,0,3630000,0,3300000,10,1,2014-12-15,2015-01-15,True,2014-12-15,False,2015-02-17 14:46:30,2015-02-17 14:47:04,
211,217,,2015.2.110,003.14.64493815,2,12158,0,2275.35,0,2068.5,10,6,2014-12-30,2015-01-30,True,2014-12-30,False,2015-02-17 15:22:27,2015-02-17 15:22:53,
212,218,,2015.2.111,003.14.64493475,3,15160.27,0,105.05,0,95.5,10,4,2014-12-05,2015-01-05,True,2014-12-05,False,2015-02-17 16:53:22,2015-02-17 16:53:51,
213,219,,2015.2.112,003.14.64493462,1,1,0,8206000,0,7460000,10,1,2014-12-04,2015-01-04,True,2014-12-04,False,2015-02-17 17:04:05,2015-02-17 17:04:48,
214,220,,2015.2.113,003.14.64493576,3,15160.27,0,136.95,0,124.5,10,4,2014-12-12,2014-12-01,True,2014-12-12,False,2015-02-17 17:18:45,2015-02-17 17:20:01,
215,221,,2015.2.114,003.14.64493577,3,15160.27,0,305.8,0,278,10,4,2014-12-12,2015-01-12,True,2014-12-12,False,2015-02-17 17:24:50,2015-02-17 17:25:24,
216,222,,2015.2.115,003.14.64493578,3,15160.27,0,366.3,0,333,10,4,2014-12-12,2015-01-12,True,2014-12-12,False,2015-02-17 17:29:08,2015-02-17 17:29:49,
217,223,,2015.2.116,003.14.64493407,3,15160.27,0,152.9,0,139,10,4,2014-12-02,2015-01-02,True,2014-12-02,False,2015-02-17 17:33:14,2015-02-17 17:34:05,
218,224,,2015.2.117,003.14.64493524,3,15160.27,0,136.95,0,124.5,10,4,2014-12-09,2015-01-09,True,2014-12-09,False,2015-02-17 17:41:42,2015-02-17 17:42:21,
219,225,,2015.2.118,003.14.64493575,3,15160.27,0,105.05,0,95.5,10,4,2014-12-12,2015-01-12,True,2014-12-12,False,2015-02-17 17:46:32,2015-02-17 17:47:01,
