Id,Code,OrderCode,SalesOrderId,ItemId,Quantity,IsAllDelivered,PendingDeliveryQuantity,Price,IsService,IsConfirmed,ConfirmationDate,IsDeleted,DeletedAt,CreatedAt,UpdatedAt
1,2014.12.1.1,,1,429,2,False,2,740000,False,True,2014-12-16,False,,2014-12-19 15:35:49,2014-12-30 10:44:39
2,2014.12.2.2,,2,374,4,False,4,280000,False,True,2014-12-11,False,,2014-12-19 15:37:11,2014-12-30 10:47:05
3,2014.12.3.3,,3,394,1,False,1,640000,False,True,2014-12-01,False,,2014-12-19 15:54:38,2014-12-30 10:46:29
4,2014.12.4.4,,4,1322,5,False,5,1551000,False,True,2014-12-03,False,,2014-12-19 16:02:09,2014-12-30 10:46:43
5,2014.12.5.5,,5,394,1,False,1,820000,False,True,2014-12-15,False,,2014-12-19 16:06:36,2014-12-30 10:46:50
6,2014.12.6.6,,6,377,16,True,0,17.65,False,True,2014-12-01,False,,2014-12-19 16:15:25,2015-02-04 22:28:36
7,2014.12.6.7,,6,408,8,True,0,12.7,False,True,2014-12-01,False,,2014-12-19 16:16:34,2015-02-04 22:28:36
8,2014.12.6.8,,6,411,180,True,0,4.24,False,True,2014-12-01,False,,2014-12-19 16:17:27,2015-02-04 22:28:36
9,2014.12.6.9,,6,1227,10,True,0,105,False,True,2014-12-01,False,,2014-12-19 16:19:27,2015-02-04 22:28:36
10,2014.12.7.10,,7,1211,8,True,0,1230000,False,True,2014-12-17,False,,2014-12-19 16:25:16,2015-02-04 22:00:22
11,2014.12.8.11,,8,394,5,True,0,660000,False,True,2014-12-15,False,,2014-12-19 16:36:57,2015-02-17 14:45:57
12,2014.12.10.12,,10,402,2,True,0,1825000,False,True,2014-12-15,False,,2014-12-19 16:47:09,2015-02-04 20:26:26
13,2014.12.11.13,,11,1372,3,False,3,1240000,False,True,2014-12-15,False,,2014-12-19 16:53:07,2014-12-19 16:54:51
14,2014.12.12.14,,12,432,20,True,0,68000,False,True,2014-12-01,False,,2014-12-19 16:58:34,2015-02-04 21:49:23
15,2014.12.13.15,,13,394,5,True,0,640000,False,True,2014-12-03,False,,2014-12-19 17:10:37,2015-02-04 21:57:07
16,2014.12.14.16,,14,1227,10,False,10,105,False,True,2014-12-03,False,,2014-12-19 17:20:28,
17,2014.12.16.17,,16,411,60,True,0,4.24,False,True,2014-12-10,False,,2014-12-22 16:11:43,2015-02-04 21:46:40
18,2014.12.16.18,,17,414,2,True,0,2025000,False,True,2014-12-12,False,,2014-12-22 16:17:15,2015-02-04 21:30:29
19,2014.12.17.19,,18,429,15,True,0,422400,False,True,2014-12-10,False,,2014-12-22 16:19:31,2015-02-16 22:09:02
20,2014.12.18.20,,19,395,5,True,0,430,False,True,2014-12-09,False,,2014-12-22 16:27:24,2015-02-16 22:17:07
21,2014.12.19.21,,20,377,8,True,0,295000,False,True,2014-12-12,False,,2014-12-22 16:29:08,2015-02-04 21:26:26
22,2014.12.20.22,,21,1259,8,True,0,1365000,False,True,2014-12-10,False,,2014-12-22 16:38:21,2015-02-04 21:22:51
23,2014.12.21.23,,22,394,10,True,0,40,False,True,2014-12-09,False,,2014-12-22 16:49:59,2015-02-04 21:18:02
24,2014.12.22.24,,23,411,60,False,60,4.24,False,True,2014-12-09,False,,2014-12-22 16:54:39,
25,2014.12.23.25,,24,383,3,True,0,1071875,False,True,2014-12-08,False,,2014-12-22 17:09:10,2015-02-16 22:40:19
26,2014.12.22.26,,23,1210,10,False,10,77.44,False,True,2014-12-09,False,,2014-12-22 17:11:39,
27,2014.12.24.27,,25,1259,4,True,0,1365000,False,True,2014-12-05,False,,2014-12-22 17:16:40,2015-02-04 22:11:21
28,2014.12.26.28,,27,397,8,True,0,42.4,False,True,2014-12-04,False,,2014-12-22 17:21:29,2015-02-04 22:09:01
29,2014.12.25.29,,26,1372,3,True,0,1240000,False,True,2014-12-08,False,,2014-12-22 17:22:21,2015-02-04 22:21:33
30,2014.12.27.30,,28,391,5,True,0,77.4,False,True,2014-12-11,False,,2014-12-22 17:28:48,2015-02-04 22:05:28
31,2014.12.28.31,,30,374,24,True,0,19,False,True,2014-12-02,False,,2014-12-23 08:31:10,2015-02-04 21:07:55
32,2014.12.29.32,,31,1545,20,True,0,143.08,False,True,2014-12-02,False,,2014-12-23 08:48:17,2015-02-04 21:02:56
33,2014.12.30.33,,32,411,12,True,0,5.77,False,True,2014-12-02,False,,2014-12-23 09:13:10,2015-02-04 20:57:01
34,2014.12.31.34,,33,410,4,True,0,24.4,False,True,2014-12-02,False,,2014-12-23 09:15:10,2015-02-04 20:53:48
35,2014.12.32.35,,34,394,1,False,1,800000,False,True,2014-12-10,False,,2014-12-23 09:26:08,2014-12-30 10:45:07
36,2014.12.33.36,,35,1226,10,False,10,1374493.75,False,True,2014-12-12,False,,2014-12-23 09:30:12,
37,2014.12.34.37,,36,418,24,False,24,24.61,False,True,2014-12-11,False,,2014-12-23 09:47:15,2014-12-30 10:44:55
38,2014.12.35.38,,37,377,20,False,20,20.85,False,True,2014-12-03,False,,2014-12-23 09:50:11,
39,2014.12.35.39,,37,375,20,False,20,16.9,False,True,2014-12-03,False,,2014-12-23 09:50:38,
40,2014.12.35.40,,37,411,24,False,24,5,False,True,2014-12-03,False,,2014-12-23 09:51:03,
41,2014.12.37.41,,39,418,12,True,0,28.5,False,True,2014-12-01,False,,2014-12-23 10:00:42,2015-02-16 22:25:53
42,2014.12.36.42,,38,1264,5,False,5,1507000,False,True,2014-12-11,False,,2014-12-23 10:04:31,
43,2014.12.38.43,,40,395,2,True,0,5800000,False,True,2014-12-03,False,,2014-12-23 10:07:13,2015-02-16 22:29:38
44,2014.12.39.44,,41,1414,4,False,4,937000,False,True,2014-12-01,False,,2014-12-23 10:12:18,
45,2014.12.40.45,,42,1211,5,True,0,105,False,True,2014-12-04,False,,2014-12-23 10:21:19,2015-02-04 22:26:51
46,2014.12.41.46,,43,1383,10,False,10,106,False,True,2014-12-04,False,,2014-12-23 10:32:52,
47,2014.12.42.47,,44,1211,20,False,20,105,False,True,2014-12-04,False,,2014-12-23 10:34:06,
48,2014.12.43.48,,45,377,8,True,0,17.9,False,True,2014-12-04,False,,2014-12-23 10:38:53,2015-02-16 22:33:07
49,2014.12.44.49,,46,1530,14,True,0,1500000,False,True,2014-12-04,False,,2014-12-23 10:54:56,2015-02-04 20:22:31
50,2014.12.45.50,,47,377,8,True,0,17.9,False,True,2014-12-04,False,,2014-12-23 10:57:43,2015-02-16 22:38:12
51,2014.12.47.51,,49,394,1,True,0,640000,False,True,2014-12-04,False,,2014-12-23 11:02:48,2015-02-04 20:39:45
52,2014.12.46.52,,48,384,3,True,0,6400000,False,True,2014-12-04,False,,2014-12-23 11:11:21,2015-02-04 20:13:50
53,2014.12.48.53,,50,1211,10,True,0,105,False,True,2014-12-04,False,,2014-12-23 11:27:19,2015-02-04 20:07:52
54,2014.12.49.54,,51,1262,4,False,4,1232000,False,True,2014-12-03,False,,2014-12-23 11:38:32,
55,2014.12.50.55,,52,391,16,False,16,580000,False,False,,True,2014-12-23 11:54:34,2014-12-23 11:50:43,
56,2014.12.50.55,,53,391,16,False,16,580000,False,True,2014-12-01,False,,2014-12-23 13:20:50,2015-02-16 16:55:41
57,2014.12.50.56,,53,405,3,False,3,280000,False,True,2014-12-01,False,,2014-12-23 13:30:13,2015-02-16 16:55:41
58,2014.12.50.57,,53,418,5,False,5,355862,False,True,2014-12-01,False,,2014-12-23 13:35:24,2015-02-16 16:55:41
59,2014.12.50.58,,53,407,1,False,1,71500,False,True,2014-12-01,False,,2014-12-23 13:36:06,2015-02-16 16:55:41
60,2014.12.50.59,,53,471,48,False,48,43500,False,True,2014-12-01,False,,2014-12-23 13:39:19,2015-02-16 16:55:41
61,2014.12.50.60,,53,374,7,False,7,160000,False,True,2014-12-01,False,,2014-12-23 13:41:23,2015-02-16 16:55:41
62,2014.12.50.61,,53,432,52,False,52,55000,False,True,2014-12-01,False,,2014-12-23 13:42:01,2015-02-16 16:55:41
63,2014.12.50.62,,53,431,1,False,1,55000,False,True,2014-12-01,False,,2014-12-23 13:42:26,2015-02-16 16:55:41
64,2014.12.50.63,,53,1586,7,False,7,991800,False,True,2014-12-01,False,,2014-12-23 13:57:35,2015-02-16 16:55:41
65,2014.12.50.64,,53,1320,1,False,1,1110000,False,False,,True,2015-02-03 20:25:16,2014-12-23 14:01:58,2015-02-03 20:24:59
66,2014.12.52.65,,55,429,10,True,0,40.8,False,True,2014-12-22,False,,2014-12-24 14:50:04,2015-02-04 22:13:36
67,2014.12.54.66,,57,1372,6,False,6,1575100,False,True,2015-01-19,False,,2014-12-24 14:57:34,
68,2014.12.54.67,,57,1262,6,False,6,1493400,False,True,2015-01-19,False,,2014-12-24 14:58:06,
69,2014.12.53.68,,56,387,8,False,8,1875000,False,True,2015-01-19,False,,2014-12-24 14:58:26,
70,2014.12.55.69,,58,1101,3,False,3,94.84,False,True,2015-01-19,False,,2014-12-24 15:11:00,
71,2014.12.56.70,,60,374,8,False,8,285000,False,True,2015-01-19,False,,2014-12-24 15:11:19,
72,2014.12.57.71,,61,377,40,False,40,17.65,False,True,2015-01-19,False,,2014-12-24 15:15:50,
73,2014.12.57.72,,61,411,120,False,120,4.24,False,True,2015-01-19,False,,2014-12-24 15:17:27,
74,2014.12.57.73,,61,383,40,False,40,53.75,False,True,2015-01-19,False,,2014-12-24 15:20:01,
75,2014.12.57.74,,61,394,3,False,3,40.6,False,True,2015-01-19,False,,2014-12-24 15:22:14,
76,2014.12.58.75,,62,377,100,False,100,17.25,False,True,2015-01-19,False,,2014-12-24 15:23:15,
77,2014.12.58.76,,62,418,12,False,12,20.34,False,True,2015-01-19,False,,2014-12-24 15:23:51,
78,2014.12.59.77,,63,411,120,False,120,4.24,False,True,2015-01-19,False,,2014-12-24 15:24:39,
79,2014.12.59.78,,63,383,40,False,40,53.75,False,True,2015-01-19,False,,2014-12-24 15:25:22,
80,2014.12.60.79,,64,1263,3,False,3,121.2,False,True,2015-01-19,False,,2014-12-24 15:28:18,
81,2014.12.61.80,,65,375,32,False,32,14.05,False,True,2015-01-19,False,,2014-12-24 15:30:02,
82,2014.12.61.81,,65,411,60,False,60,4.14,False,True,2015-01-19,False,,2014-12-24 15:30:24,
83,2014.12.62.82,,66,397,16,False,16,42.4,False,True,2015-01-19,False,,2014-12-24 15:38:08,
84,2014.12.62.83,,66,394,30,False,30,44,False,True,2015-01-19,False,,2014-12-24 15:38:39,
85,2014.12.63.84,,67,411,12,True,0,71000,False,True,2015-01-19,False,,2014-12-24 15:40:33,2015-02-05 16:11:03
86,2014.12.64.85,,68,375,16,True,0,19.45,False,True,2015-01-19,False,,2014-12-24 15:41:54,2015-02-05 20:53:48
87,2014.12.65.86,,69,432,20,True,0,71000,False,True,2015-01-19,False,,2014-12-24 15:43:35,2015-02-05 21:03:44
88,2014.12.66.87,,70,377,20,True,0,299390,False,True,2015-01-19,False,,2014-12-24 15:45:09,2015-02-05 21:09:47
89,2014.12.67.88,,71,1272,10,False,10,82.5,False,True,2015-01-19,False,,2014-12-24 15:46:22,
90,2014.12.68.89,,72,1226,8,False,8,1384506.25,False,True,2015-01-19,False,,2014-12-24 15:47:38,
91,2014.12.69.90,,73,1217,2,True,0,1935000,False,True,2015-01-19,False,,2014-12-24 15:49:48,2015-02-05 21:40:32
92,2014.12.70.91,,74,374,4,True,0,260000,False,True,2015-01-19,False,,2014-12-24 15:52:04,2015-02-05 21:51:01
93,2014.12.71.92,,75,377,80,False,80,17.25,False,True,2015-01-19,False,,2014-12-24 15:55:38,
94,2014.12.72.93,,76,404,8,False,8,20.25,False,True,2015-01-19,False,,2014-12-24 15:57:07,
95,2014.12.72.94,,76,375,40,False,40,14.05,False,True,2015-01-19,False,,2014-12-24 15:57:41,
96,2014.12.72.95,,76,411,120,False,120,4.14,False,True,2015-01-19,False,,2014-12-24 15:58:39,
97,2014.12.73.96,,77,989,14,False,14,9.83,False,True,2015-01-19,False,,2014-12-24 15:59:32,
98,2014.12.74.97,,78,395,1,False,1,406,False,True,2015-01-19,False,,2014-12-24 16:00:06,
99,2014.12.75.98,,79,374,20,True,0,234270,False,True,2015-01-19,False,,2014-12-24 16:02:02,2015-02-05 22:09:57
100,2014.12.77.99,,81,418,4,False,4,28,False,True,2015-01-19,False,,2014-12-24 16:09:13,
101,2014.12.78.100,,82,374,40,False,40,20.75,False,False,2015-01-19,False,,2014-12-24 16:10:11,2015-01-19 07:30:06
102,2014.12.79.101,,83,394,5,False,5,660000,False,False,2015-01-19,False,,2014-12-24 16:12:28,2015-01-19 07:45:23
103,2014.12.80.102,,84,408,8,True,0,16.1,False,True,2015-01-19,False,,2014-12-24 16:18:42,2015-02-05 22:25:26
104,2014.12.80.103,,84,395,1,True,0,570,False,True,2015-01-19,False,,2014-12-24 16:19:57,2015-02-05 22:25:26
105,2014.12.81.104,,85,391,3,True,0,990000,False,True,2015-01-19,False,,2014-12-24 16:22:30,2015-02-05 22:39:06
106,2014.12.82.105,,86,394,10,False,10,44,False,True,2015-01-19,False,,2014-12-24 16:24:57,
107,2014.12.83.106,,87,385,4,True,0,107.5,False,True,2015-01-19,False,,2014-12-24 16:28:33,2015-02-05 22:54:31
108,2014.12.84.107,,88,449,4,False,4,800000,False,True,2015-01-19,False,,2014-12-24 16:30:57,
109,2014.12.85.108,,89,391,30,False,30,580000,False,True,2015-01-19,False,,2014-12-24 16:32:31,
110,2014.12.86.109,,90,449,6,False,6,800000,False,True,2015-01-19,False,,2014-12-24 16:32:37,
111,2014.12.85.110,,89,405,3,False,3,280000,False,True,2015-01-19,False,,2014-12-24 16:33:25,
112,2014.12.87.111,,91,374,60,True,0,260000,False,True,2015-01-19,False,,2014-12-24 16:33:55,2015-02-05 23:06:20
113,2014.12.85.112,,89,418,3,False,3,370387,False,True,2015-01-19,False,,2014-12-24 16:34:04,
114,2014.12.85.113,,89,407,1,False,1,71500,False,True,2015-01-19,False,,2014-12-24 16:34:46,
115,2014.12.85.114,,89,471,103,False,103,43500,False,True,2015-01-19,False,,2014-12-24 16:36:06,
116,2014.12.88.115,,92,1158,15,False,15,106,False,True,2015-01-19,False,,2014-12-24 16:36:14,
117,2014.12.85.116,,89,374,7,False,7,160000,False,True,2015-01-19,False,,2014-12-24 16:37:26,
118,2014.12.85.117,,89,420,1,False,1,343459,False,True,2015-01-19,False,,2014-12-24 16:37:59,
119,2014.12.89.118,,93,1193,10,False,10,119.7,False,True,2015-01-19,False,,2014-12-24 16:38:56,
120,2014.12.85.119,,89,432,85,False,85,55000,False,True,2015-01-19,False,,2014-12-24 16:39:54,
121,2014.12.85.120,,89,431,7,False,7,55000,False,True,2015-01-19,False,,2014-12-24 16:40:42,
122,2014.12.90.121,,94,375,4,False,4,24,False,True,2015-01-19,False,,2014-12-24 16:40:43,
123,2014.12.91.122,,95,391,15,False,15,580000,False,True,2014-12-22,False,,2014-12-24 16:41:59,2015-02-16 17:08:58
124,2014.12.91.123,,95,403,1,False,1,119000,False,True,2014-12-22,False,,2014-12-24 16:42:47,2015-02-16 17:08:58
125,2014.12.91.124,,95,405,5,False,5,280000,False,True,2014-12-22,False,,2014-12-24 16:43:22,2015-02-16 17:08:58
126,2014.12.91.125,,95,418,5,False,5,370387,False,True,2014-12-22,False,,2014-12-24 16:43:49,2015-02-16 17:08:58
127,2014.12.85.126,,89,1364,27,False,27,991800,False,True,2015-01-19,False,,2014-12-24 16:43:55,
128,2014.12.91.127,,95,389,2,False,2,977500,False,True,2014-12-22,False,,2014-12-24 16:44:43,2015-02-16 17:08:58
129,2014.12.91.128,,95,407,3,False,3,71500,False,True,2014-12-22,False,,2014-12-24 16:45:01,2015-02-16 17:08:58
130,2014.12.91.129,,95,471,97,False,97,43500,False,True,2014-12-22,False,,2014-12-24 16:46:03,2015-02-16 17:08:58
131,2014.12.91.130,,95,374,8,False,8,160000,False,True,2014-12-22,False,,2014-12-24 16:46:28,2015-02-16 17:08:58
132,2014.12.91.131,,95,420,1,False,1,347295,False,True,2014-12-22,False,,2014-12-24 16:46:51,2015-02-16 17:08:58
133,2014.12.91.132,,95,432,72,False,72,55000,False,True,2014-12-22,False,,2014-12-24 16:47:26,2015-02-16 17:08:58
134,2014.12.91.133,,95,431,13,False,13,55000,False,True,2014-12-22,False,,2014-12-24 16:48:02,2015-02-16 17:08:58
135,2014.12.91.134,,95,1364,26,False,26,991800,False,True,2014-12-22,False,,2014-12-24 16:49:30,2015-02-16 17:08:58
136,2014.12.91.135,,95,381,3,False,3,1471500,False,False,,True,2015-02-16 17:10:36,2014-12-24 16:54:11,2015-02-16 17:08:58
137,2014.12.91.136,,95,1320,2,False,2,1110000,False,False,,True,2015-02-16 17:10:42,2014-12-24 16:55:23,2015-02-16 17:08:58
138,2014.12.85.137,,89,394,6,False,6,550000,False,True,2015-01-19,False,,2014-12-24 17:02:44,
139,2014.12.92.138,,96,1,1,False,1,1,False,True,2014-12-30,False,,2014-12-30 10:42:15,
140,2015.1.1.1,,97,394,1,False,1,840000,False,True,2015-01-19,False,,2015-01-14 09:12:10,
141,2015.1.2.2,,98,375,4,False,4,276350,False,True,2015-01-19,False,,2015-01-14 09:26:47,2015-01-14 09:32:16
142,2015.1.3.3,,100,422,2,False,2,257400,False,True,2015-01-19,False,,2015-01-14 10:07:19,
143,2015.1.5.4,,103,4,3,False,3,12,False,False,,True,2015-01-28 14:46:21,2015-01-28 14:45:34,
144,2015.1.4.4,,102,4,5,False,5,100,False,False,,True,2015-01-28 16:10:49,2015-01-28 16:10:21,2015-01-28 16:10:38
145,2015.1.4.4,,102,388,1,True,0,12400000,False,True,2014-12-31,False,,2015-01-28 16:12:41,2015-01-29 08:22:27
146,2015.1.5.5,,104,377,20,True,0,292575,False,True,2014-12-31,False,,2015-01-29 08:34:04,2015-01-29 08:36:56
147,2015.1.6.6,,105,375,8,True,0,240000,False,True,2014-12-04,False,,2015-01-29 08:47:34,2015-01-29 08:50:48
148,2015.1.7.7,,106,374,24,True,0,19,False,True,2014-12-30,False,,2015-01-29 08:59:19,2015-01-29 09:08:08
149,2015.1.8.8,,107,405,6,True,0,405000,False,True,2014-12-30,False,,2015-01-29 09:12:39,2015-01-29 09:17:49
150,2015.1.9.9,,108,388,1,True,0,14200000,False,True,2014-12-30,False,,2015-01-29 09:21:27,2015-01-29 09:41:38
151,2015.1.10.10,,109,374,4,True,0,278850,False,True,2014-12-30,False,,2015-01-29 09:45:56,2015-01-29 09:49:01
152,2015.1.11.11,,110,374,4,True,0,230000,False,True,2014-12-05,False,,2015-01-29 09:57:46,2015-01-29 09:59:43
153,2015.1.12.12,,111,374,20,True,0,230000,False,True,2014-12-05,False,,2015-01-29 10:17:25,2015-01-29 10:19:26
154,2015.1.13.13,,112,394,1,True,0,580000,False,True,2014-12-05,False,,2015-01-29 10:27:35,2015-01-29 10:30:02
155,2015.1.14.14,,113,375,8,True,0,220000,False,True,2014-12-04,False,,2015-01-29 10:42:23,2015-01-29 10:44:05
156,2015.1.15.15,,114,429,4,True,0,500000,False,True,2014-12-04,False,,2015-01-29 11:05:00,2015-01-29 11:11:56
157,2015.1.16.16,,115,377,12,True,0,270000,False,True,2014-12-02,False,,2015-01-29 11:22:10,2015-01-29 11:28:17
158,2015.1.17.17,,116,385,2,True,0,1175000,False,True,2014-12-02,False,,2015-01-29 11:39:13,2015-01-29 11:59:25
159,2015.1.17.18,,116,395,1,True,0,5400000,False,True,2014-12-02,False,,2015-01-29 11:41:24,2015-01-29 11:59:25
160,2015.1.18.19,,117,432,60,True,0,64000,False,True,2014-12-02,False,,2015-01-29 13:22:16,2015-01-29 13:27:43
161,2015.1.19.20,,118,430,1,True,0,4600000,False,True,2014-12-02,False,,2015-01-29 13:38:47,2015-01-29 13:45:39
162,2015.1.20.21,,119,394,15,True,0,580000,False,True,2014-12-02,False,,2015-01-29 13:59:53,2015-01-29 14:02:36
163,2015.1.21.22,,120,408,12,True,0,195000,False,True,2014-12-01,False,,2015-01-29 14:10:32,2015-01-29 14:14:18
164,2015.1.21.23,,120,411,96,True,0,65000,False,True,2014-12-01,False,,2015-01-29 14:11:38,2015-01-29 14:14:18
165,2015.1.22.24,,121,377,8,True,0,17.9,False,True,2014-12-30,False,,2015-01-29 14:20:44,2015-01-29 14:25:48
166,2015.1.23.25,,122,375,40,True,0,220000,False,True,2014-12-03,False,,2015-01-29 14:54:57,2015-01-29 14:58:16
167,2015.1.24.26,,123,384,3,True,0,546,False,True,2014-12-17,False,,2015-01-29 15:04:06,2015-01-29 16:57:49
168,2015.1.25.27,,124,387,4,True,0,117.5,False,True,2014-12-19,False,,2015-01-29 15:11:59,2015-01-30 08:55:03
169,2015.1.26.28,,125,385,2,True,0,79,False,True,2014-12-19,False,,2015-01-29 15:18:37,2015-01-30 09:03:38
170,2015.1.26.29,,125,374,8,True,0,18.75,False,True,2014-12-19,False,,2015-01-29 15:20:02,2015-01-30 09:03:38
171,2015.1.27.30,,126,386,4,True,0,610,False,True,2014-12-16,False,,2015-01-29 15:32:52,2015-01-29 15:35:50
172,2015.1.28.31,,127,386,3,True,0,610,False,True,2014-12-16,False,,2015-01-29 15:42:39,2015-01-29 15:44:58
173,2015.1.29.32,,128,384,3,True,0,546,False,True,2014-12-15,False,,2015-01-29 15:52:41,2015-01-29 15:54:39
174,2015.1.30.33,,129,377,24,True,0,17.9,False,True,2014-12-15,False,,2015-01-29 16:02:23,2015-01-29 16:08:40
175,2015.1.30.34,,129,378,8,True,0,36.25,False,True,2014-12-15,False,,2015-01-29 16:02:59,2015-01-29 16:08:40
176,2015.1.31.35,,130,374,24,True,0,18.75,False,True,2014-12-12,False,,2015-01-29 16:15:28,2015-01-29 16:17:26
177,2015.1.32.36,,131,377,8,True,0,17.9,False,True,2014-12-12,False,,2015-01-29 16:22:53,2015-01-29 16:24:29
178,2015.1.33.37,,132,374,20,True,0,238000,False,True,2014-12-16,False,,2015-01-30 09:12:27,2015-01-30 09:19:07
179,2015.1.34.38,,133,430,1,True,0,4860000,False,True,2014-12-16,False,,2015-01-30 09:28:08,2015-01-30 09:31:12
180,2015.1.35.39,,134,389,4,True,0,485000,False,True,2014-12-08,False,,2015-01-30 10:43:02,2015-01-30 10:45:38
181,2015.1.36.40,,135,411,60,True,0,68000,False,True,2014-12-08,False,,2015-01-30 10:49:41,2015-01-30 10:50:59
182,2015.1.37.41,,136,394,10,True,0,600000,False,True,2014-12-17,False,,2015-01-30 10:54:13,2015-01-30 10:56:54
183,2015.1.39.42,,138,402,2,True,0,1810000,False,True,2014-12-18,False,,2015-01-30 11:14:01,2015-01-30 11:15:19
184,2015.1.40.43,,139,374,8,True,0,238000,False,True,2014-12-19,False,,2015-01-30 11:25:22,2015-01-30 11:27:06
185,2015.1.41.44,,140,377,12,True,0,283500,False,True,2014-12-19,False,,2015-01-30 11:30:28,2015-01-30 11:33:04
186,2015.1.41.45,,140,411,12,True,0,68000,False,True,2014-12-19,False,,2015-01-30 11:31:16,2015-01-30 11:33:04
187,2015.1.42.46,,141,395,2,True,0,5640000,False,True,2014-12-19,False,,2015-01-30 11:37:15,2015-01-30 11:38:58
188,2015.1.43.47,,142,403,4,True,0,151100,False,True,2014-12-19,False,,2015-01-30 11:44:18,2015-01-30 11:47:40
189,2015.1.43.48,,142,405,6,True,0,356000,False,True,2014-12-19,False,,2015-01-30 11:45:30,2015-01-30 11:47:40
190,2015.1.43.49,,142,402,8,True,0,1810000,False,True,2014-12-19,False,,2015-01-30 11:46:14,2015-01-30 11:47:40
191,2015.1.44.50,,143,411,12,True,0,67900,False,True,2014-12-23,False,,2015-01-30 11:52:07,2015-01-30 11:53:30
192,2015.1.45.51,,144,374,20,True,0,238000,False,True,2014-12-19,False,,2015-01-30 13:15:51,2015-01-30 13:17:46
193,2015.1.46.52,,145,374,40,True,0,240000,False,True,2014-12-23,False,,2015-01-30 13:21:18,2015-01-30 13:22:32
194,2015.1.47.53,,146,385,10,True,0,1222500,False,True,2014-12-22,False,,2015-01-30 13:26:28,2015-01-30 13:28:15
195,2015.1.48.54,,147,377,24,True,0,283500,False,True,2014-12-30,False,,2015-01-30 13:32:11,2015-01-30 13:33:20
196,2015.1.49.55,,148,383,20,True,0,1002500,False,True,2014-12-24,False,,2015-01-30 13:36:50,2015-01-30 13:38:37
197,2015.1.50.56,,149,374,8,True,0,238000,False,True,2014-12-29,False,,2015-01-30 13:43:38,2015-01-30 13:48:17
198,2015.1.50.57,,149,418,6,True,0,333300,False,True,2014-12-29,False,,2015-01-30 13:44:01,2015-01-30 13:48:17
199,2015.1.51.58,,150,375,40,True,0,230000,False,True,2014-12-24,False,,2015-01-30 15:15:23,2015-01-30 15:21:41
200,2015.1.52.59,,151,394,20,True,0,600000,False,True,2014-12-23,False,,2015-01-30 15:39:58,2015-01-30 15:43:22
201,2015.1.53.60,,152,405,24,True,0,356000,False,True,2014-12-23,False,,2015-01-30 15:54:18,2015-01-30 16:06:59
202,2015.1.54.61,,153,395,2,True,0,5640000,False,True,2014-12-30,False,,2015-01-30 16:33:10,2015-01-30 16:34:43
203,2015.1.55.62,,154,409,8,True,0,272000,False,True,2014-12-24,False,,2015-01-30 16:37:22,2015-01-30 16:38:40
204,2015.2.1.1,,155,404,4,True,0,320000,False,True,2014-12-24,False,,2015-02-02 16:19:40,2015-02-02 16:22:02
205,2015.2.2.2,,156,375,4,True,0,230000,False,True,2014-12-24,False,,2015-02-02 16:34:40,2015-02-02 16:37:12
206,2015.2.3.3,,157,430,2,True,0,4860000,False,True,2014-12-24,False,,2015-02-02 16:42:06,2015-02-02 16:44:03
207,2015.2.4.4,,158,375,4,True,0,230000,False,True,2014-12-29,False,,2015-02-02 16:50:36,2015-02-02 16:53:36
208,2015.2.5.5,,159,418,24,True,0,349000,False,True,2014-12-10,False,,2015-02-02 17:23:46,2015-02-02 17:25:50
209,2015.2.6.6,,160,387,5,True,0,117.5,False,True,2014-12-16,False,,2015-02-02 17:30:36,2015-02-02 17:31:48
210,2015.2.7.7,,161,385,2,True,0,79,False,True,2015-01-16,False,,2015-02-02 18:58:46,2015-02-02 19:06:09
211,2015.2.7.8,,161,374,12,True,0,18.75,False,True,2015-01-16,False,,2015-02-02 19:00:08,2015-02-02 19:06:09
212,2015.2.8.9,,162,385,5,True,0,117.5,False,True,2014-12-23,False,,2015-02-02 19:17:59,2015-02-02 19:20:05
213,2015.2.9.10,,163,385,2,True,0,79,False,True,2014-12-23,False,,2015-02-02 19:27:51,2015-02-02 19:34:20
214,2015.2.9.11,,163,374,40,True,0,18.75,False,True,2014-12-23,False,,2015-02-02 19:28:23,2015-02-02 19:34:20
215,2015.2.10.12,,164,386,5,True,0,610,False,True,2014-12-24,False,,2015-02-02 19:42:26,2015-02-02 19:43:54
216,2015.2.11.13,,165,384,2,True,0,8600000,False,True,2014-12-16,False,,2015-02-02 19:46:28,2015-02-02 19:47:51
217,2015.2.12.14,,166,384,2,True,0,546,False,True,2014-12-24,False,,2015-02-02 19:54:57,2015-02-02 19:56:29
218,2015.2.13.15,,167,411,12,False,12,77000,False,True,2014-12-23,False,,2015-02-02 20:01:04,
219,2015.2.14.16,,168,384,1,True,0,7200000,False,True,2014-12-23,False,,2015-02-02 20:04:33,2015-02-02 20:05:49
220,2015.2.15.17,,169,385,2,True,0,79,False,True,2014-12-30,False,,2015-02-02 20:10:06,2015-02-02 20:12:57
221,2015.2.15.18,,169,374,32,True,0,18.75,False,True,2014-12-30,False,,2015-02-02 20:10:32,2015-02-02 20:12:58
222,2015.2.16.19,,170,387,4,True,0,117.5,False,True,2014-12-30,False,,2015-02-02 20:20:43,2015-02-02 20:23:36
223,2015.2.17.20,,171,385,2,True,0,79,False,True,2014-12-02,False,,2015-02-02 20:29:10,2015-02-02 20:32:56
224,2015.2.18.21,,172,377,4,True,0,17.9,False,True,2014-12-02,False,,2015-02-02 20:37:25,2015-02-02 20:38:46
225,2015.2.19.22,,173,374,24,True,0,18.75,False,True,2015-01-02,False,,2015-02-02 20:42:01,2015-02-02 20:43:44
226,2015.2.20.23,,174,387,5,True,0,117.5,False,True,2014-12-02,False,,2015-02-02 20:46:56,2015-02-02 20:49:16
227,2015.2.20.24,,174,418,12,True,0,21,False,True,2014-12-02,False,,2015-02-02 20:47:19,2015-02-02 20:49:16
228,2015.2.21.25,,175,374,16,True,0,18.75,False,True,2014-12-05,False,,2015-02-02 20:53:00,2015-02-02 20:54:57
229,2015.2.22.26,,176,387,4,True,0,117.5,False,True,2014-12-05,False,,2015-02-02 20:57:51,2015-02-02 21:10:05
230,2015.2.23.27,,177,385,1,True,0,79,False,True,2014-12-09,False,,2015-02-02 21:14:58,2015-02-02 21:17:34
231,2015.2.23.28,,177,374,12,True,0,18.75,False,True,2014-12-09,False,,2015-02-02 21:15:30,2015-02-02 21:17:34
232,2015.2.24.29,,178,385,4,True,0,117.5,False,True,2014-12-12,False,,2015-02-02 21:23:52,2015-02-02 21:27:07
233,2015.2.25.30,,179,387,4,True,0,117.5,False,True,2014-12-09,False,,2015-02-02 21:47:06,2015-02-02 21:48:17
234,2015.2.26.31,,180,394,25,True,0,600000,False,True,2014-12-16,False,,2015-02-02 21:51:32,2015-02-02 21:52:44
235,2015.2.27.32,,181,375,4,True,0,221000,False,True,2014-12-11,False,,2015-02-02 21:59:26,2015-02-02 22:00:57
236,2015.2.28.33,,182,408,16,True,0,203500,False,True,2014-12-15,False,,2015-02-02 22:03:51,2015-02-02 22:06:12
237,2015.2.28.34,,182,411,108,True,0,68000,False,True,2014-12-15,False,,2015-02-02 22:04:37,2015-02-02 22:06:12
238,2015.2.29.35,,183,374,8,True,0,240000,False,True,2014-12-03,False,,2015-02-03 15:24:23,2015-02-03 15:28:07
239,2015.2.29.36,,183,394,2,True,0,680000,False,True,2014-12-03,False,,2015-02-03 15:25:02,2015-02-03 15:28:07
240,2015.2.30.37,,184,386,7,True,0,610,False,True,2014-12-03,False,,2015-02-03 16:29:01,2015-02-03 16:30:39
241,2015.2.31.38,,185,374,4,True,0,245455,False,True,2014-12-23,False,,2015-02-03 16:35:36,2015-02-03 16:37:24
242,2015.2.32.39,,186,375,40,True,0,230000,False,True,2014-12-12,False,,2015-02-03 16:40:30,2015-02-03 16:42:13
243,2015.2.33.40,,187,374,8,True,0,229000,False,True,2014-12-10,False,,2015-02-03 16:44:57,2015-02-03 16:46:07
244,2015.2.34.41,,188,394,20,True,0,576000,False,True,2014-12-09,False,,2015-02-03 16:49:16,2015-02-03 16:51:37
245,2015.2.35.42,,189,374,40,True,0,229000,False,True,2014-12-10,False,,2015-02-03 16:54:59,2015-02-03 16:57:56
246,2015.2.36.43,,190,377,5,False,5,287522.5,False,False,,True,2015-02-03 18:50:50,2015-02-03 17:07:05,2015-02-03 18:50:34
247,2015.2.36.43,,190,377,24,True,0,287522.5,False,True,2014-12-05,False,,2015-02-03 18:51:58,2015-02-03 18:53:25
248,2015.2.37.44,,191,385,4,True,0,107.5,False,True,2014-12-05,False,,2015-02-03 19:01:09,2015-02-03 19:05:57
249,2015.2.38.45,,192,411,24,True,0,54000,False,True,2014-12-08,False,,2015-02-03 19:13:24,2015-02-03 19:15:29
250,2015.2.38.46,,192,374,20,True,0,205000,False,True,2014-12-08,False,,2015-02-03 19:13:54,2015-02-03 19:15:29
251,2015.2.39.47,,193,407,24,True,0,115000,False,True,2014-12-09,False,,2015-02-03 19:19:56,2015-02-03 19:22:33
252,2015.2.40.48,,194,385,4,True,0,107.5,False,True,2014-12-23,False,,2015-02-03 19:27:35,2015-02-03 19:29:05
253,2015.2.41.49,,195,374,4,True,0,260000,False,True,2014-12-24,False,,2015-02-03 19:32:53,2015-02-03 19:43:41
254,2015.2.42.50,,196,411,12,True,0,5.59,False,True,2015-01-23,False,,2015-02-03 19:48:35,2015-02-03 19:51:29
255,2015.2.42.51,,196,397,16,True,0,42.4,False,True,2015-01-23,False,,2015-02-03 19:49:14,2015-02-03 19:51:29
256,2015.2.43.52,,197,394,10,True,0,40,False,True,2014-12-24,False,,2015-02-03 19:54:49,2015-02-03 19:57:14
257,2015.2.44.53,,198,375,4,True,0,19.45,False,True,2014-12-29,False,,2015-02-03 20:04:01,2015-02-03 20:09:28
258,2014.12.50.54,,53,1126,1,False,1,1110000,False,True,2014-12-01,False,,2015-02-03 20:31:49,2015-02-16 16:55:41
259,2015.2.45.55,,199,5002,5,False,5,606000,False,True,2014-12-03,False,,2015-02-03 20:45:53,
260,2015.2.46.56,,200,1273,2,False,2,1249000,False,True,2014-12-04,False,,2015-02-03 20:53:46,
261,2015.2.47.57,,202,1332,16,False,16,331000,False,True,2014-12-05,False,,2015-02-03 15:07:22,
262,2015.2.48.58,,203,1062,4,False,4,1166000,False,True,2014-12-05,False,,2015-02-03 15:12:58,
263,2015.2.49.59,,204,1226,13,False,13,1386731.25,False,True,2014-12-30,False,,2015-02-03 15:16:44,
264,2015.2.50.60,,206,5086,30,False,30,7.53,False,True,2014-12-31,False,,2015-02-03 17:17:22,
265,2015.2.51.61,,207,5100,17,False,17,9.99,False,True,2014-12-31,False,,2015-02-03 17:20:03,
266,2015.2.52.62,,208,989,40,False,40,9.83,False,True,2014-12-31,False,,2015-02-03 17:28:12,
267,2015.2.53.63,,209,1024,40,False,40,9.99,False,True,2014-12-31,False,,2015-02-03 17:30:45,
268,2015.2.54.64,,210,1433,20,False,20,47000,False,True,2014-12-15,False,,2015-02-03 17:37:35,
269,2015.2.55.65,,211,1372,8,True,0,125,False,True,2014-12-05,False,,2015-02-03 17:41:43,2015-02-03 17:43:55
270,2015.2.56.66,,212,1541,1,True,0,818.8,False,True,2014-12-19,False,,2015-02-03 17:47:42,2015-02-03 17:49:16
271,2015.2.57.67,,213,1541,2,True,0,818.8,False,True,2014-12-16,False,,2015-02-03 19:40:42,2015-02-03 19:49:41
272,2015.2.58.68,,214,1524,31,True,0,169,False,True,2014-12-12,False,,2015-02-03 19:56:19,2015-02-03 19:57:54
273,2015.2.59.69,,216,1523,31,True,0,169,False,True,2014-12-12,False,,2015-02-03 20:04:44,2015-02-03 20:06:36
274,2015.2.59.70,,216,1524,12,True,0,169,False,True,2014-12-12,False,,2015-02-03 20:05:00,2015-02-03 20:06:36
275,2015.2.60.71,,217,1315,5,True,0,122,False,True,2014-12-30,False,,2015-02-03 20:21:33,2015-02-03 20:23:11
276,2015.2.61.72,,218,1315,10,False,10,10,False,True,2014-12-30,False,,2015-02-03 20:27:24,
277,2015.2.62.73,,219,1366,5,False,5,117,False,True,2014-12-23,False,,2015-02-04 17:12:18,
278,2015.2.63.74,,220,1372,4,True,0,125,False,True,2014-12-23,False,,2015-02-04 17:18:40,2015-02-15 18:41:52
279,2015.2.64.75,,221,1367,5,True,0,70,False,True,2014-12-23,False,,2015-02-04 17:24:31,2015-02-04 17:44:07
280,2015.2.65.76,,222,1372,6,False,6,125,False,True,2014-12-30,False,,2015-02-04 17:47:38,
281,2015.2.66.77,,223,1366,5,False,5,117,False,True,2014-12-30,False,,2015-02-04 17:52:25,
282,2015.2.67.78,,224,1009,20,False,20,8.16,False,True,2014-12-31,False,,2015-02-04 19:10:18,
283,2015.2.68.79,,225,1009,10,False,10,8.16,False,True,2014-12-31,False,,2015-02-04 19:12:31,
284,2015.2.68.80,,225,1039,15,False,15,7.66,False,True,2014-12-31,False,,2015-02-04 19:14:54,
285,2015.2.69.81,,226,1372,6,False,6,1240000,False,False,,False,,2015-02-08 15:10:44,
286,2015.2.70.82,,227,5006,16,False,16,109,False,True,2014-12-16,False,,2015-02-08 15:14:45,
287,2015.2.70.83,,227,1368,5,False,5,106,False,True,2014-12-16,False,,2015-02-08 15:15:23,
288,2015.2.71.84,,228,1092,4,False,4,1256000,False,True,2014-12-16,False,,2015-02-08 15:22:56,
289,2015.2.72.85,,229,1224,10,True,0,1224000,False,True,2014-12-22,False,,2015-02-08 15:32:52,2015-02-08 15:34:18
290,2015.2.73.86,,230,1541,5,True,0,818.8,False,True,2014-12-30,False,,2015-02-08 15:43:24,2015-02-08 15:49:03
291,2015.2.74.87,,231,1315,5,False,5,122,False,True,2014-12-12,False,,2015-02-08 16:16:11,
292,2015.2.75.88,,232,374,40,False,40,20.75,False,True,2014-12-02,False,,2015-02-08 16:21:57,
293,2015.2.75.89,,232,395,2,False,2,400,False,True,2014-12-02,False,,2015-02-08 16:22:57,
294,2015.2.76.90,,233,1312,7,True,0,117,False,True,2014-12-12,False,,2015-02-08 16:23:16,2015-02-08 16:24:19
295,2015.2.77.91,,234,1041,20,False,20,105.55,False,True,2014-12-23,False,,2015-02-08 16:33:19,
296,2015.2.78.92,,235,1366,10,False,10,117,False,True,2013-12-16,False,,2015-02-08 16:46:06,
297,2015.2.79.93,,236,1372,5,False,5,125,False,True,2013-12-16,False,,2015-02-08 16:50:09,
298,2015.2.80.94,,237,1390,2,False,2,70,False,True,2014-12-16,False,,2015-02-08 16:57:18,
299,2015.2.81.95,,238,1368,5,True,0,124.02,False,True,2014-12-16,False,,2015-02-08 17:01:14,2015-02-08 17:02:51
300,2015.2.82.96,,239,1245,20,True,0,105,False,True,2014-12-12,False,,2015-02-12 15:29:35,2015-02-12 15:31:20
301,2015.2.83.97,,240,1245,20,True,0,105,False,True,2014-12-24,False,,2015-02-12 15:46:23,2015-02-12 15:47:47
302,2015.2.84.98,,241,1245,3,True,0,105,False,True,2014-12-16,False,,2015-02-12 15:51:24,2015-02-12 15:52:32
303,2015.2.85.99,,242,5138,12,False,12,7.15,False,True,2014-12-15,False,,2015-02-12 15:57:29,
304,2015.2.86.100,,243,1000,23,False,23,10,False,True,2014-12-15,False,,2015-02-12 16:01:09,
305,2015.2.87.101,,244,1010,10,False,10,8.24,False,True,2014-12-15,False,,2015-02-12 16:03:27,
306,2015.2.88.102,,245,5106,15,False,15,9.99,False,True,2014-12-15,False,,2015-02-12 17:32:58,
307,2015.2.89.103,,246,5103,8,False,8,13.48,False,True,2014-12-15,False,,2015-02-12 17:37:44,
308,2015.2.90.104,,247,1315,5,False,5,122,False,True,2014-12-05,False,,2015-02-12 17:40:17,
309,2015.2.91.105,,248,1367,4,True,0,70,False,True,2014-12-05,False,,2015-02-12 17:42:49,2015-02-12 17:44:08
310,2015.2.92.106,,249,1541,3,True,0,818.8,False,True,2014-12-02,False,,2015-02-12 17:49:33,2015-02-12 17:50:54
311,2015.2.93.107,,250,1061,20,False,20,119.64,False,True,2014-12-09,False,,2015-02-12 17:56:18,
312,2015.2.94.108,,251,1366,12,False,12,117,False,True,2014-12-05,False,,2015-02-12 19:06:22,
313,2015.2.95.109,,252,1249,10,False,10,105,False,True,2014-12-03,False,,2015-02-12 19:13:49,
314,2015.2.96.110,,253,1558,11,False,11,97,False,True,2014-12-03,False,,2015-02-12 19:18:57,
315,2015.2.97.111,,254,1367,2,True,0,70,False,True,2014-12-02,False,,2015-02-12 19:24:26,2015-02-12 19:27:26
316,2015.2.98.112,,255,1372,5,False,5,125,False,True,2014-12-02,False,,2015-02-12 19:31:56,
317,2015.2.99.113,,256,1387,3,False,3,117,False,True,2014-12-02,False,,2015-02-12 19:38:55,
318,2015.2.100.114,,257,1245,2,True,0,105,False,True,2014-12-02,False,,2015-02-12 19:41:56,2015-02-12 19:44:20
319,2015.2.101.115,,258,1332,16,False,16,344300,False,True,2014-12-19,False,,2015-02-12 22:16:59,
320,2015.2.102.116,,259,1122,6,False,6,609500,False,True,2014-12-17,False,,2015-02-12 22:23:26,
321,2015.2.103.117,,260,1121,6,False,6,1113000,False,True,2014-12-08,False,,2015-02-15 14:23:01,
322,2015.2.104.118,,261,4981,4,False,4,1448200,False,True,2014-12-15,False,,2015-02-15 14:29:29,
323,2015.2.106.119,,263,1099,6,False,6,1153000,False,True,2014-12-15,False,,2015-02-15 15:11:32,
324,2015.2.106.120,,263,1230,2,False,2,2048200,False,True,2014-12-15,False,,2015-02-15 15:13:25,
325,2015.2.107.121,,264,4994,3,False,3,1485000,False,True,2014-12-10,False,,2015-02-15 15:25:01,
326,2015.2.108.122,,265,4994,3,False,3,1485000,False,True,2014-12-10,False,,2015-02-15 15:26:51,
327,2015.2.109.123,,266,1129,20,False,20,2292700,False,True,2014-12-15,False,,2015-02-15 15:29:59,
328,2015.2.110.124,,267,1292,4,False,4,934800,False,True,2014-12-29,False,,2015-02-15 15:43:04,
329,2015.2.111.125,,268,4981,8,False,8,1448000,False,True,2014-12-24,False,,2015-02-15 16:36:18,
330,2015.2.112.126,,269,5002,5,False,5,630850,False,True,2014-12-29,False,,2015-02-15 16:39:27,
331,2015.2.113.127,,270,1541,3,True,0,818.8,False,True,2014-12-05,False,,2015-02-15 16:46:26,2015-02-15 16:47:47
332,2015.2.114.128,,271,1226,5,False,5,1366595,False,True,2014-12-05,False,,2015-02-15 17:10:13,
333,2015.2.115.129,,272,4981,8,False,8,1448000,False,True,2014-12-18,False,,2015-02-15 17:19:39,
334,2015.2.116.130,,273,1029,45,False,45,8.54,False,True,2014-12-19,False,,2015-02-15 17:22:27,
335,2015.2.117.131,,274,5087,2,False,2,4,False,True,2014-12-19,False,,2015-02-15 17:27:50,
336,2015.2.118.132,,275,1024,13,False,13,9.99,False,True,2014-12-19,False,,2015-02-15 17:29:15,
337,2015.2.119.133,,276,1210,4,True,0,1230000,False,True,2014-12-24,False,,2015-02-15 17:33:02,2015-02-15 17:34:21
338,2015.2.120.134,,277,1210,10,False,10,1350000,False,True,2014-12-24,False,,2015-02-15 17:38:34,
339,2015.2.121.135,,278,394,5,False,5,580000,False,False,,False,,2015-02-15 22:44:49,
340,2015.2.121.136,,278,1121,2,False,2,1069000,False,False,,False,,2015-02-15 22:45:24,
341,2015.2.122.137,,279,374,8,True,0,215000,False,True,2014-12-29,False,,2015-02-15 22:50:25,2015-02-15 22:54:01
342,2015.2.122.138,,279,1365,5,True,0,1378000,False,True,2014-12-29,False,,2015-02-15 22:51:21,2015-02-15 22:54:01
343,2015.2.123.139,,280,375,16,False,16,220000,False,True,2014-12-03,False,,2015-02-15 22:59:36,
344,2015.2.123.140,,280,904,2,False,2,145000,False,True,2014-12-03,False,,2015-02-15 23:00:08,
345,2015.2.123.141,,280,405,2,False,2,342000,False,True,2014-12-03,False,,2015-02-15 23:00:32,
346,2015.2.123.142,,280,397,2,False,2,330000,False,True,2014-12-03,False,,2015-02-15 23:01:15,
347,2015.2.123.143,,280,402,7,False,7,1750000,False,True,2014-12-03,False,,2015-02-15 23:02:07,
348,2015.2.123.144,,280,1346,10,False,10,2114000,False,True,2014-12-03,False,,2015-02-15 23:03:30,
349,2015.2.124.145,,281,394,20,False,20,600000,False,True,2014-12-16,False,,2015-02-16 14:29:34,
350,2015.2.124.146,,281,4981,4,False,4,1448000,False,True,2014-12-16,False,,2015-02-16 14:30:18,
351,2015.2.125.147,,282,431,20,False,20,66200,False,True,2014-12-30,False,,2015-02-16 14:36:58,
352,2015.2.125.148,,282,1283,2,False,2,460800,False,True,2014-12-30,False,,2015-02-16 14:37:41,
353,2015.2.125.149,,282,1288,2,False,2,394900,False,True,2014-12-30,False,,2015-02-16 14:39:37,
354,2015.2.126.150,,283,374,20,False,20,238000,False,True,2014-12-30,False,,2015-02-16 14:46:13,
355,2015.2.126.151,,283,394,20,False,20,600000,False,True,2014-12-30,False,,2015-02-16 14:46:52,
356,2015.2.126.152,,283,1305,4,False,4,338100,False,True,2014-12-30,False,,2015-02-16 14:47:32,
357,2015.2.126.153,,283,4981,8,False,8,1069000,False,True,2014-12-30,False,,2015-02-16 14:48:29,
358,2015.2.127.154,,284,395,1,False,1,7000000,False,True,2014-12-09,False,,2015-02-16 15:04:49,
359,2015.2.127.155,,284,1338,12,False,12,73000,False,True,2014-12-09,False,,2015-02-16 15:05:27,
360,2015.2.127.156,,284,1339,30,False,30,93000,False,True,2014-12-09,False,,2015-02-16 15:06:08,
361,2015.2.127.157,,284,1340,12,False,12,106000,False,True,2014-12-09,False,,2015-02-16 15:07:04,
362,2015.2.127.158,,284,1341,16,False,16,124000,False,True,2014-12-09,False,,2015-02-16 15:07:28,
363,2015.2.127.159,,284,1343,6,False,6,153000,False,True,2014-12-09,False,,2015-02-16 15:09:54,
364,2015.2.128.160,,285,5005,2,False,2,1213000,False,True,2014-12-05,False,,2015-02-16 15:29:11,
365,2015.2.128.161,,285,383,3,False,3,1200000,False,True,2014-12-05,False,,2015-02-16 15:30:36,
366,2015.2.128.162,,285,1112,2,False,2,927000,False,True,2014-12-05,False,,2015-02-16 15:32:41,
367,2015.2.129.163,,286,384,3,False,3,610,False,True,2014-12-02,False,,2015-02-16 15:38:11,
368,2015.2.129.164,,286,1525,11,False,11,187.87,False,True,2014-12-02,False,,2015-02-16 15:41:01,
369,2015.2.129.165,,286,1568,10,False,10,119.72,False,True,2014-12-02,False,,2015-02-16 15:42:17,
370,2015.2.130.166,,287,388,1,True,0,12000000,False,True,2014-12-05,False,,2015-02-16 16:10:19,2015-02-16 16:17:26
371,2015.2.130.167,,287,479,100,True,0,66000,False,True,2014-12-05,False,,2015-02-16 16:11:51,2015-02-16 16:17:26
372,2015.2.131.168,,288,391,25,False,25,580000,False,True,2014-12-08,False,,2015-02-16 16:31:00,
373,2015.2.131.169,,288,404,1,False,1,245000,False,True,2014-12-08,False,,2015-02-16 16:31:59,
374,2015.2.131.170,,288,405,5,False,5,280000,False,True,2014-12-08,False,,2015-02-16 16:32:45,
375,2015.2.131.171,,288,418,7,False,7,355862,False,True,2014-12-08,False,,2015-02-16 16:33:16,
376,2015.2.131.172,,288,407,4,False,4,71500,False,True,2014-12-08,False,,2015-02-16 16:33:53,
377,2015.2.131.173,,288,471,57,False,57,43500,False,True,2014-12-08,False,,2015-02-16 16:35:32,
378,2015.2.131.174,,288,397,5,False,5,355000,False,True,2014-12-08,False,,2015-02-16 16:36:28,
379,2015.2.131.175,,288,374,6,False,6,160000,False,True,2014-12-08,False,,2015-02-16 16:36:58,
380,2015.2.131.176,,288,432,24,False,24,55000,False,True,2014-12-08,False,,2015-02-16 16:37:39,2015-02-16 16:39:18
381,2015.2.131.177,,288,431,5,False,5,55000,False,True,2014-12-08,False,,2015-02-16 16:38:16,
382,2015.2.131.178,,288,1364,18,False,18,991800,False,True,2014-12-08,False,,2015-02-16 16:41:20,
383,2015.2.131.179,,288,5034,2,False,2,769500,False,True,2014-12-08,False,,2015-02-16 16:43:12,
384,2015.2.131.180,,288,394,13,False,13,550000,False,True,2014-12-08,False,,2015-02-16 16:45:54,
385,2015.2.131.181,,288,381,2,False,2,1471500,False,True,2014-12-08,False,,2015-02-16 16:48:21,
386,2015.2.131.182,,288,1126,1,False,1,1110000,False,True,2014-12-08,False,,2015-02-16 16:51:04,
387,2014.12.50.183,,53,394,5,False,5,550000,False,True,2014-12-01,False,,2015-02-16 16:56:50,
388,2014.12.50.184,,53,381,3,False,3,1471500,False,True,2014-12-01,False,,2015-02-16 16:57:41,
389,2014.12.91.185,,95,5034,4,False,4,769500,False,True,2014-12-22,False,,2015-02-16 17:11:54,
390,2014.12.91.186,,95,1320,2,False,2,1110000,False,True,2014-12-22,False,,2015-02-16 17:14:10,
391,2014.12.91.187,,95,381,3,False,3,1471500,False,True,2014-12-22,False,,2015-02-16 17:15:02,
392,2015.2.132.188,,289,391,26,False,26,580000,False,True,2014-12-29,False,,2015-02-16 17:45:08,
393,2015.2.132.189,,289,405,5,False,5,280000,False,True,2014-12-29,False,,2015-02-16 17:45:53,
394,2015.2.132.190,,289,418,10,False,10,370387,False,True,2014-12-29,False,,2015-02-16 17:46:35,
395,2015.2.132.191,,289,407,2,False,2,71500,False,True,2014-12-29,False,,2015-02-16 17:47:19,
396,2015.2.132.192,,289,471,63,False,63,43500,False,True,2014-12-29,False,,2015-02-16 17:48:24,
397,2015.2.132.193,,289,374,7,False,7,160000,False,True,2014-12-29,False,,2015-02-16 17:49:00,
398,2015.2.132.194,,289,420,3,False,3,345925,False,True,2014-12-29,False,,2015-02-16 17:49:27,
399,2015.2.132.195,,289,432,83,False,83,55000,False,True,2014-12-29,False,,2015-02-16 17:50:04,
400,2015.2.132.196,,289,431,38,False,38,55000,False,True,2014-12-29,False,,2015-02-16 17:50:20,
401,2015.2.132.197,,289,1364,15,False,15,991800,False,True,2014-12-29,False,,2015-02-16 17:52:04,
402,2015.2.132.198,,289,1126,1,False,1,1110000,False,True,2014-12-29,False,,2015-02-16 17:53:25,
403,2015.2.132.199,,289,381,5,False,5,1471500,False,True,2014-12-29,False,,2015-02-16 17:54:26,
404,2015.2.133.200,,290,379,4,False,4,19.05,False,True,2014-12-19,False,,2015-02-16 19:15:31,
405,2015.2.134.201,,291,381,1,False,1,2214000,False,True,2014-12-31,False,,2015-02-16 19:44:00,
406,2015.2.135.202,,292,383,2,False,2,1250000,False,True,2014-12-30,False,,2015-02-16 19:51:41,
407,2015.2.136.203,,293,383,1,False,1,1250000,False,True,2014-12-30,False,,2015-02-16 19:57:04,
408,2015.2.137.204,,294,411,24,False,24,69560,False,True,2014-12-23,False,,2015-02-16 20:04:32,
409,2015.2.138.205,,295,383,2,False,2,1250000,False,True,2014-12-23,False,,2015-02-16 20:10:13,
410,2015.2.138.206,,295,381,1,False,1,2214000,False,True,2014-12-23,False,,2015-02-16 20:11:04,
411,2015.2.139.207,,296,377,12,False,12,17.9,False,True,2014-12-23,False,,2015-02-16 20:16:27,
412,2015.2.140.208,,297,381,1,False,1,2214000,False,True,2014-12-19,False,,2015-02-16 20:20:02,
413,2015.2.141.209,,298,383,1,False,1,1250000,False,True,2014-12-17,False,,2015-02-16 20:22:35,
414,2015.2.142.210,,299,410,8,False,8,24.85,False,False,,False,,2015-02-16 20:28:50,2015-02-16 20:39:32
415,2015.2.142.211,,299,411,12,False,12,6.06,False,False,,False,,2015-02-16 20:31:20,2015-02-16 20:39:32
416,2015.2.142.212,,299,425,2,False,2,44.6,False,False,,False,,2015-02-16 20:32:35,2015-02-16 20:39:32
417,2015.2.143.213,,300,411,24,False,24,6.06,False,True,2014-12-16,False,,2015-02-16 20:38:51,
418,2015.2.144.214,,301,384,1,False,1,610,False,True,2014-12-16,False,,2015-02-16 20:43:54,
419,2015.2.145.215,,302,384,7,False,7,610,False,True,2014-12-05,False,,2015-02-16 20:48:01,
420,2015.2.146.216,,303,377,12,False,12,25.45,False,True,2014-12-05,False,,2015-02-16 20:52:12,
421,2015.2.147.217,,304,384,8,False,8,610,False,True,2014-12-22,False,,2015-02-16 21:02:02,
422,2015.2.148.218,,305,410,8,False,8,24.85,False,True,2014-12-24,False,,2015-02-16 21:05:55,
423,2015.2.148.219,,305,425,2,False,2,44.6,False,True,2014-12-24,False,,2015-02-16 21:06:34,
424,2015.2.149.220,,306,384,1,False,1,610,False,True,2014-12-05,False,,2015-02-16 21:08:21,
425,2015.2.150.221,,307,410,8,False,8,24.85,False,True,2014-12-03,False,,2015-02-16 21:12:37,
426,2015.2.150.222,,307,397,8,False,8,42.4,False,True,2014-12-03,False,,2015-02-16 21:13:17,
427,2015.2.151.223,,308,411,48,False,48,6.06,False,True,2014-12-09,False,,2015-02-16 21:21:25,
428,2015.2.152.224,,309,411,24,False,24,6.06,False,True,2014-12-04,False,,2015-02-16 21:23:01,
429,2015.2.152.225,,309,384,4,False,4,610,False,True,2014-12-04,False,,2015-02-16 21:23:29,
430,2015.2.153.226,,310,383,1,False,1,1200000,False,True,2014-12-05,False,,2015-02-16 21:26:24,
431,2015.2.154.227,,311,383,1,False,1,1200000,False,True,2014-12-05,False,,2015-02-16 21:29:08,
432,2015.2.155.228,,312,402,1,False,1,1837500,False,True,2014-12-05,False,,2015-02-16 21:33:40,
433,2015.2.156.229,,313,411,24,False,24,6.06,False,True,2014-12-05,False,,2015-02-16 21:35:52,
434,2015.2.156.230,,313,384,5,False,5,610,False,True,2014-12-05,False,,2015-02-16 21:36:26,
435,2015.2.157.231,,314,383,3,False,3,1200000,False,True,2014-12-09,False,,2015-02-16 21:38:33,
436,2015.2.158.232,,315,383,1,False,1,1200000,False,True,2014-12-09,False,,2015-02-16 21:40:14,
437,2015.2.159.233,,316,383,16,False,16,1325000,False,True,2014-12-09,False,,2015-02-16 21:42:49,
438,2015.2.160.234,,317,383,20,False,20,537.5,False,True,2014-12-23,False,,2015-02-16 21:55:14,
439,2015.2.161.235,,318,418,12,False,12,28.5,False,True,2014-12-16,False,,2015-02-16 22:06:02,
440,2015.2.162.236,,319,1216,10,False,10,121.28,False,True,2014-12-18,False,,2015-02-17 15:14:40,
441,2015.2.163.237,,321,1559,10,True,0,206.85,False,True,2014-12-30,False,,2015-02-17 15:20:55,2015-02-17 15:22:01
442,2015.2.164.238,,322,1414,5,False,5,937000,False,True,2014-12-30,False,,2015-02-17 15:25:08,
443,2015.2.165.239,,324,1162,3,False,3,1795500,False,True,2014-12-30,False,,2015-02-17 15:29:41,
444,2015.2.166.240,,325,1162,10,False,10,121.28,False,True,2014-12-19,False,,2015-02-17 15:32:21,
445,2015.2.167.241,,326,1162,20,False,20,206.85,False,True,2014-12-29,False,,2015-02-17 15:34:26,
446,2015.2.168.242,,327,1210,2,False,2,1263000,False,True,2014-12-30,False,,2015-02-17 15:38:46,2015-02-17 15:39:12
447,2015.2.168.243,,327,381,1,False,1,2214000,False,True,2014-12-30,False,,2015-02-17 15:39:47,
448,2015.2.169.244,,328,1596,4,False,4,1298000,False,True,2014-12-16,False,,2015-02-17 15:48:35,
449,2015.2.170.245,,329,1210,5,False,5,121.28,False,True,2014-12-16,False,,2015-02-17 15:52:15,
450,2015.2.171.246,,330,1525,5,False,5,187.87,False,True,2014-12-12,False,,2015-02-17 15:55:49,
451,2015.2.171.247,,330,1230,5,False,5,207.89,False,True,2014-12-12,False,,2015-02-17 15:57:14,
452,2015.2.172.248,,331,374,8,False,8,275000,False,True,2014-12-01,False,,2015-02-17 16:45:55,
453,2015.2.173.249,,332,481,50,True,0,1.91,False,True,2014-12-05,False,,2015-02-17 16:49:15,2015-02-17 16:52:57
454,2015.2.174.250,,333,482,20,False,20,38243.5,False,True,2014-12-15,False,,2015-02-17 16:57:10,2015-02-17 16:58:12
455,2015.2.174.251,,333,483,20,False,20,42697.6,False,True,2014-12-15,False,,2015-02-17 16:58:34,
456,2015.2.174.252,,333,484,20,False,20,50684.5,False,True,2014-12-15,False,,2015-02-17 16:59:04,
457,2015.2.175.253,,334,482,200,True,0,37300,False,True,2014-12-04,False,,2015-02-17 17:02:30,2015-02-17 17:03:35
458,2015.2.176.254,,335,482,50,True,0,2.49,False,True,2014-12-12,False,,2015-02-17 17:15:37,2015-02-17 17:18:08
459,2015.2.177.255,,336,483,100,True,0,2.78,False,True,2014-12-12,False,,2015-02-17 17:22:14,2015-02-17 17:24:13
460,2015.2.178.256,,337,484,100,True,0,3.33,False,True,2014-12-12,False,,2015-02-17 17:27:09,2015-02-17 17:28:40
461,2015.2.179.257,,338,483,50,True,0,2.78,False,True,2014-12-02,False,,2015-02-17 17:31:47,2015-02-17 17:32:50
462,2015.2.180.258,,339,482,50,True,0,2.49,False,True,2014-12-09,False,,2015-02-17 17:39:50,2015-02-17 17:41:02
463,2015.2.181.259,,341,481,50,True,0,1.91,False,True,2014-12-12,False,,2015-02-17 17:45:08,2015-02-17 17:46:05
464,2015.2.182.260,,342,963,20,False,20,33.86,False,True,2014-12-15,False,,2015-02-17 17:54:18,
465,2015.2.183.261,,343,383,2,False,2,1200000,False,True,2014-12-09,False,,2015-02-17 19:56:47,
466,2015.2.183.262,,343,1266,3,False,3,1413000,False,True,2014-12-09,False,,2015-02-17 20:02:15,
467,2015.2.184.263,,344,383,2,False,2,1200000,False,True,2014-12-09,False,,2015-02-17 20:07:00,
468,2015.2.184.264,,344,1255,2,False,2,1423000,False,True,2014-12-09,False,,2015-02-17 20:07:55,
469,2015.2.185.265,,345,5005,2,False,2,1213000,False,True,2014-12-12,False,,2015-02-17 20:12:07,
470,2015.2.185.266,,345,383,1,False,1,1200000,False,True,2014-12-12,False,,2015-02-17 20:12:43,
471,2015.2.186.267,,346,383,2,False,2,1250000,False,True,2014-12-17,False,,2015-02-17 20:16:47,
472,2015.2.186.268,,346,1112,1,False,1,965000,False,True,2014-12-17,False,,2015-02-17 20:17:42,
473,2015.2.187.269,,347,1210,1,False,1,1263000,False,True,2014-12-23,False,,2015-02-17 20:20:34,
474,2015.2.187.270,,347,383,3,False,3,1250000,False,True,2014-12-23,False,,2015-02-17 20:21:47,
475,2015.2.187.271,,347,381,1,False,1,2214000,False,True,2014-12-23,False,,2015-02-17 20:22:20,
476,2015.2.188.272,,348,383,1,False,1,1250000,False,True,2014-12-17,False,,2015-02-17 20:24:33,
477,2015.2.188.273,,348,1112,2,False,2,965000,False,True,2014-12-17,False,,2015-02-17 20:25:01,
478,2015.2.188.274,,348,381,1,False,1,2214000,False,True,2014-12-17,False,,2015-02-17 20:25:42,
479,2015.2.189.275,,349,384,1,False,1,610,False,True,2014-12-18,False,,2015-02-17 20:28:09,
480,2015.2.189.276,,349,1364,5,False,5,117.72,False,True,2014-12-18,False,,2015-02-17 20:29:39,
481,2015.2.190.277,,350,1237,20,False,20,112.35,False,False,,False,,2015-02-17 20:37:19,
482,2015.2.191.278,,351,5005,5,False,5,121.28,False,True,2014-12-18,False,,2015-02-17 22:16:57,
483,2015.2.192.279,,353,1040,4,False,4,109.88,False,True,2014-12-17,False,,2015-02-17 22:24:33,
484,2015.2.193.280,,354,383,3,False,3,1200000,False,True,2014-12-12,False,,2015-02-17 22:52:55,
485,2015.2.194.281,,355,383,1,False,1,1200000,False,True,2014-12-10,False,,2015-02-22 15:01:59,
486,2015.2.195.282,,356,1235,8,False,8,133.34,False,True,2014-12-11,False,,2015-02-22 15:06:21,
487,2015.2.195.283,,356,1061,8,False,8,119.64,False,True,2014-12-11,False,,2015-02-22 15:08:49,
488,2015.2.196.284,,357,1253,8,False,8,107.1,False,True,2014-12-04,False,,2015-02-22 15:12:08,
489,2015.2.197.285,,358,1364,10,False,10,1292100,False,True,2014-12-29,False,,2015-02-22 17:13:22,
490,2015.2.105.286,,262,1121,8,False,8,1069000,False,True,2014-12-11,False,,2015-02-22 17:20:44,
491,2015.2.198.287,,359,5106,15,False,15,9.99,False,True,2014-12-15,False,,2015-02-22 17:22:44,
492,2015.2.199.288,,360,1011,30,False,30,7.5,False,True,2014-12-15,False,,2015-02-22 17:24:57,
493,2015.2.200.289,,361,1220,5,False,5,121.28,False,True,2014-12-18,False,,2015-02-22 17:39:06,
494,2015.2.200.290,,361,1233,5,False,5,133.34,False,True,2014-12-18,False,,2015-02-22 17:40:19,
495,2015.3.1.1,,362,408,12,False,12,203500,False,True,2015-01-26,False,,2015-03-12 14:20:40,
496,2015.3.1.2,,362,411,108,False,108,68000,False,True,2015-01-26,False,,2015-03-12 14:22:42,
497,2015.3.2.3,,363,381,5,False,5,2011500,False,True,2015-01-26,False,,2015-03-12 14:54:23,
498,2015.3.3.4,,364,384,1,False,1,7500600,False,True,2015-01-26,False,,2015-03-12 14:58:55,
499,2015.3.3.5,,364,395,2,False,2,6519000,False,True,2015-01-26,False,,2015-03-12 14:59:51,
500,2015.3.4.6,,365,374,40,False,40,238000,False,True,2015-01-28,False,,2015-03-12 15:04:23,
501,2015.3.4.7,,365,449,4,False,4,1190000,False,True,2015-01-28,False,,2015-03-12 15:10:05,
502,2015.3.5.8,,366,394,20,False,20,600000,False,True,2015-01-28,False,,2015-03-12 15:13:29,
503,2015.3.6.9,,367,377,40,False,40,283500,False,True,2015-01-28,False,,2015-03-12 15:17:27,
504,2015.3.7.10,,368,385,2,False,2,79,False,True,2015-01-27,False,,2015-03-12 15:20:15,
505,2015.3.8.11,,369,430,2,False,2,4860000,False,True,2015-01-26,False,,2015-03-12 15:30:04,
506,2015.3.9.12,,370,385,2,False,2,79,False,True,2015-01-30,False,,2015-03-12 15:44:20,
507,2015.3.10.13,,371,374,12,False,12,18.75,False,True,2015-01-30,False,,2015-03-12 15:51:40,
508,2015.3.11.14,,372,387,5,False,5,117.5,False,True,2015-01-30,False,,2015-03-12 15:53:47,
509,2015.3.12.15,,373,375,4,False,4,230000,False,True,2015-01-29,False,,2015-03-12 16:03:19,
510,2015.3.13.16,,374,385,5,False,5,76.25,False,True,2015-01-29,False,,2015-03-12 17:11:56,
511,2015.3.14.17,,375,395,2,False,2,400,False,True,2015-01-27,False,,2015-03-12 17:25:12,
512,2015.3.15.18,,376,411,12,False,12,56000,False,True,2015-01-27,False,,2015-03-12 17:30:35,
513,2015.3.15.19,,376,374,20,False,20,215000,False,True,2015-01-27,False,,2015-03-12 17:31:08,
514,2015.3.16.20,,377,430,1,False,1,4860000,False,True,2015-01-27,False,,2015-03-12 17:32:58,
515,2015.3.17.21,,378,411,60,False,60,4.24,False,True,2015-01-27,False,,2015-03-12 17:34:47,
516,2015.3.18.22,,379,391,5,False,5,77.4,False,True,2015-01-23,False,,2015-03-12 17:39:33,2015-03-12 17:39:57
517,2015.3.19.23,,380,415,2,False,2,2425000,False,True,2015-01-23,False,,2015-03-12 17:51:12,
518,2015.3.20.24,,381,483,50,False,50,2.78,False,True,2015-01-30,False,,2015-03-12 17:59:26,
519,2015.3.21.25,,383,377,20,False,20,2835500,False,True,2015-01-19,False,,2015-03-12 19:57:32,
520,2015.3.21.26,,383,411,60,False,60,68000,False,True,2015-01-19,False,,2015-03-12 19:58:23,
521,2015.3.22.27,,384,430,1,False,1,4860000,False,True,2015-01-19,False,,2015-03-12 20:19:34,
522,2015.3.23.28,,385,431,20,False,20,66200,False,True,2015-01-19,False,,2015-03-12 20:33:04,
523,2015.3.24.29,,386,383,20,False,20,1002500,False,True,2015-01-19,False,,2015-03-12 20:36:44,
524,2015.3.25.30,,387,404,12,False,12,235000,False,True,2015-01-19,False,,2015-03-12 20:40:26,
525,2015.3.26.31,,388,394,20,False,20,600000,False,True,2015-01-16,False,,2015-03-12 20:42:53,
526,2015.3.27.32,,389,483,20,False,20,2.78,False,True,2015-01-16,False,,2015-03-12 20:48:08,
527,2015.3.28.33,,390,374,4,False,4,18.75,False,True,2015-01-16,False,,2015-03-12 20:51:42,
528,2015.3.29.34,,391,386,7,False,7,1400,False,True,2015-01-16,False,,2015-03-12 20:53:30,
529,2015.3.30.35,,392,374,20,False,20,239305,False,True,2015-01-16,False,,2015-03-12 20:56:46,
530,2015.3.31.36,,393,377,24,False,24,340000,False,True,2015-01-16,False,,2015-03-12 21:02:13,
531,2015.3.31.37,,393,411,12,False,12,56700,False,True,2015-01-16,False,,2015-03-12 21:02:36,
532,2015.3.32.38,,394,417,6,False,6,772000,False,True,2015-01-16,False,,2015-03-12 21:06:15,
533,2015.3.33.39,,395,375,40,False,40,230000,False,True,2015-01-16,False,,2015-03-12 21:09:30,
534,2015.3.34.40,,396,374,8,False,8,238000,False,True,2015-01-16,False,,2015-03-12 21:11:57,
535,2015.3.35.41,,397,374,20,False,20,238000,False,True,2015-01-16,False,,2015-03-12 21:14:12,
536,2015.3.36.42,,398,374,8,False,8,250000,False,True,2015-01-16,False,,2015-03-12 21:17:03,
537,2015.3.37.43,,399,418,12,False,12,21,False,True,2015-01-16,False,,2015-03-12 21:24:36,
538,2015.3.38.44,,400,387,4,False,4,117.5,False,True,2015-01-16,False,,2015-03-12 21:28:54,
539,2015.3.39.45,,401,432,20,False,20,71000,False,True,2015-01-21,False,,2015-03-12 21:42:35,
540,2015.3.40.46,,402,374,4,False,4,255000,False,True,2015-01-21,False,,2015-03-12 21:46:03,
541,2015.3.41.47,,403,394,15,False,15,44,False,True,2015-01-20,False,,2015-03-12 21:54:25,
542,2015.3.42.48,,404,374,24,False,24,19,False,True,2015-01-20,False,,2015-03-12 22:01:57,
543,2015.3.43.49,,405,483,50,False,50,2.78,False,True,2015-01-20,False,,2015-03-12 22:07:56,
544,2015.3.44.50,,406,387,5,False,5,117.5,False,True,2015-01-20,False,,2015-03-17 16:58:22,
545,2015.3.45.51,,407,385,1,False,1,79,False,True,2015-01-20,False,,2015-03-17 17:05:51,
546,2015.3.45.52,,407,374,8,False,8,18.75,False,True,2015-01-20,False,,2015-03-17 17:06:33,
547,2015.3.46.53,,408,404,8,False,8,22.7,False,True,2015-01-20,False,,2015-03-17 17:10:16,
548,2015.3.46.54,,408,377,20,False,20,17.65,False,True,2015-01-20,False,,2015-03-17 17:11:04,
549,2015.3.46.55,,408,408,12,False,12,12.7,False,True,2015-01-20,False,,2015-03-17 17:11:32,
550,2015.3.46.56,,408,411,216,False,216,4.24,False,True,2015-01-20,False,,2015-03-17 17:12:16,
551,2015.3.47.57,,409,377,20,False,20,296100,False,True,2015-01-20,False,,2015-03-17 17:17:52,
552,2015.3.48.58,,410,374,8,False,8,18.75,False,True,2015-01-16,False,,2015-03-17 17:42:52,
553,2015.3.49.59,,411,405,6,False,6,405000,False,True,2015-01-16,False,,2015-03-17 17:45:08,
554,2015.3.50.60,,412,430,2,False,2,480,False,True,2015-01-16,False,,2015-03-17 17:47:36,
555,2015.3.51.61,,413,405,6,False,6,356000,False,True,2015-01-15,False,,2015-03-18 15:02:57,
556,2015.3.52.62,,414,374,12,False,12,238000,False,True,2015-01-15,False,,2015-03-18 15:06:19,
557,2015.3.53.63,,415,404,20,False,20,331500,False,True,2015-01-15,False,,2015-03-18 15:12:23,
558,2015.3.53.64,,415,385,10,False,10,1222500,False,True,2015-01-15,False,,2015-03-18 15:13:28,
559,2015.3.54.65,,416,482,500,False,500,47500,False,False,,False,,2015-03-18 15:19:45,
560,2015.3.55.66,,417,1541,3,False,3,818,False,True,2015-01-20,False,,2015-03-18 15:51:32,
561,2015.3.56.67,,419,374,8,False,8,265000,False,True,2015-01-28,False,,2015-03-18 16:06:52,
562,2015.3.56.68,,419,429,2,False,2,580000,False,True,2015-01-28,False,,2015-03-18 16:13:48,
563,2015.3.56.69,,419,4992,3,False,3,1021000,False,True,2015-01-28,False,,2015-03-18 16:30:17,
564,2015.3.57.70,,420,391,34,False,34,580000,False,False,,False,,2015-03-18 17:01:09,
565,2015.3.58.71,,421,1541,2,False,2,818.8,False,True,2015-01-30,False,,2015-03-18 17:20:04,
566,2015.3.59.72,,422,374,12,False,12,18.75,False,True,2015-01-06,False,,2015-03-18 19:41:13,2015-03-19 17:00:32
567,2015.3.60.73,,423,449,1,False,1,725000,False,True,2015-01-06,False,,2015-03-18 20:58:29,
568,2015.3.61.74,,424,397,4,False,4,343500,False,True,2015-01-06,False,,2015-03-18 21:02:56,
569,2015.3.62.75,,425,391,5,False,5,77.4,False,True,2015-01-07,False,,2015-03-18 21:06:23,
570,2015.3.63.76,,426,374,20,False,20,18.75,False,True,2015-01-23,False,,2015-03-18 21:31:56,
571,2015.3.64.77,,427,387,6,False,6,117.5,False,True,2015-01-23,False,,2015-03-18 21:36:53,
572,2015.3.65.78,,428,384,2,False,2,546,False,True,2015-01-23,False,,2015-03-18 21:38:43,
573,2015.3.66.79,,429,374,12,False,12,18.75,False,True,2015-01-27,False,,2015-03-18 21:49:35,
574,2015.3.67.80,,430,387,8,False,8,117.5,False,True,2015-01-27,False,,2015-03-18 22:24:26,
575,2015.3.68.81,,431,418,18,False,18,21,False,True,2015-01-27,False,,2015-03-18 22:28:35,
576,2015.3.69.82,,432,483,50,False,50,2.78,False,True,2015-01-27,False,,2015-03-18 22:35:44,
577,2015.3.70.83,,434,405,12,False,12,356000,False,True,2015-01-30,False,,2015-03-19 15:58:21,2015-03-19 16:01:20
578,2015.3.70.84,,434,402,10,False,10,1810000,False,True,2015-01-30,False,,2015-03-19 16:01:40,
579,2015.3.71.85,,435,374,4,False,4,246530,False,True,2015-01-30,False,,2015-03-19 16:03:37,
580,2015.3.72.86,,436,384,1,False,1,7200000,False,True,2015-01-30,False,,2015-03-19 16:05:35,
581,2015.3.73.87,,437,405,6,False,6,405000,False,True,2015-01-30,False,,2015-03-19 16:07:21,
582,2015.3.74.88,,438,411,12,False,12,5.77,False,True,2015-01-30,False,,2015-03-19 16:10:58,
583,2015.3.75.89,,439,394,5,False,5,600000,False,True,2015-01-09,False,,2015-03-19 16:44:00,
584,2015.3.76.90,,440,377,4,False,4,283500,False,True,2015-01-09,False,,2015-03-19 16:46:19,
585,2015.3.76.91,,440,411,36,False,36,67900,False,True,2015-01-09,False,,2015-03-19 16:46:44,
586,2015.3.77.92,,441,482,200,False,200,37300,False,True,2015-01-09,False,,2015-03-19 16:49:13,
587,2015.3.78.93,,443,384,3,False,3,546,False,True,2015-01-09,False,,2015-03-19 17:01:43,
588,2015.3.79.94,,444,377,8,False,8,295000,False,True,2015-01-09,False,,2015-03-19 17:04:38,
589,2015.3.80.95,,445,374,8,False,8,265000,False,True,2015-01-09,False,,2015-03-19 17:08:52,
590,2015.3.81.96,,446,377,8,False,8,17.9,False,True,2015-01-09,False,,2015-03-19 17:10:47,
591,2015.3.82.97,,447,387,5,False,5,117.5,False,True,2015-01-09,False,,2015-03-19 17:12:56,2015-03-19 17:13:13
592,2015.3.83.98,,448,397,8,False,8,343500,False,True,2015-01-09,False,,2015-03-19 17:15:15,
593,2015.3.84.99,,449,374,40,False,40,20.75,False,True,2015-01-08,False,,2015-03-19 17:17:26,
594,2015.3.85.100,,450,385,1,False,1,79,False,True,2015-01-09,False,,2015-03-19 17:19:48,
595,2015.3.85.101,,450,374,12,False,12,18.75,False,True,2015-01-09,False,,2015-03-19 17:20:11,
596,2015.3.86.102,,451,374,40,False,40,238000,False,True,2015-01-08,False,,2015-03-19 17:23:43,
597,2015.3.87.103,,452,394,10,False,10,600000,False,True,2015-01-08,False,,2015-03-19 17:32:33,
598,2015.3.88.104,,453,377,4,False,4,283500,False,True,2015-01-08,False,,2015-03-19 17:36:33,
599,2015.3.88.105,,453,375,4,False,4,230000,False,True,2015-01-08,False,,2015-03-19 17:39:29,
600,2015.3.89.106,,454,385,2,False,2,1222500,False,True,2015-01-08,False,,2015-03-19 17:54:23,
601,2015.3.90.107,,455,374,4,False,4,260000,False,True,2015-01-08,False,,2015-03-19 19:57:58,
602,2015.3.91.108,,456,384,2,False,2,8600000,False,True,2015-01-08,False,,2015-03-19 20:00:07,
603,2015.3.92.109,,457,385,8,False,8,1550000,False,True,2015-01-07,False,,2015-03-19 20:08:46,
604,2015.3.92.110,,457,374,40,False,40,215000,False,True,2015-01-07,False,,2015-03-19 20:09:24,
605,2015.3.93.111,,458,375,12,False,12,230000,False,True,2015-01-07,False,,2015-03-19 21:09:22,
606,2015.3.93.112,,458,904,4,False,4,151100,False,True,2015-01-07,False,,2015-03-19 21:10:18,
607,2015.3.93.113,,458,397,4,False,4,343500,False,True,2015-01-07,False,,2015-03-19 21:11:00,
608,2015.3.93.114,,458,402,20,False,20,1810000,False,True,2015-01-07,False,,2015-03-19 21:11:46,
609,2015.3.94.115,,459,432,20,False,20,71000,False,True,2015-01-07,False,,2015-03-19 21:13:38,
610,2015.3.95.116,,460,385,4,False,4,107.5,False,True,2015-01-23,False,,2015-03-19 21:16:17,
611,2015.3.96.117,,462,1541,3,False,3,818.8,False,True,2015-01-27,False,,2015-03-19 21:27:14,
612,2015.3.97.118,,463,408,4,False,4,220000,False,True,2015-01-28,False,,2015-03-19 21:32:20,
613,2015.3.97.119,,463,411,12,False,12,72000,False,True,2015-01-28,False,,2015-03-19 21:32:45,
614,2015.3.97.120,,463,374,4,False,4,265000,False,True,2015-01-28,False,,2015-03-19 21:33:29,
615,2015.3.97.121,,463,432,20,False,20,74000,False,True,2015-01-28,False,,2015-03-19 21:34:09,
616,2015.3.97.122,,463,429,1,False,1,580000,False,True,2015-01-28,False,,2015-03-19 21:34:37,
617,2015.3.97.123,,463,4992,2,False,2,1021000,False,True,2015-01-28,False,,2015-03-19 21:35:38,
618,2015.3.98.124,,464,385,4,False,4,117.5,False,True,2015-01-06,False,,2015-03-19 21:38:40,
619,2015.3.99.125,,465,374,4,False,4,238000,False,True,2015-01-06,False,,2015-03-19 21:57:54,
620,2015.3.100.126,,466,411,108,False,108,68000,False,True,2015-01-06,False,,2015-03-19 21:59:31,
621,2015.3.101.127,,467,377,20,False,20,283500,False,True,2015-01-13,False,,2015-03-19 22:06:34,
622,2015.3.102.128,,468,375,4,False,4,230000,False,True,2015-01-13,False,,2015-03-19 22:08:14,
623,2015.3.103.129,,469,430,1,False,1,4860000,False,True,2015-01-13,False,,2015-03-19 22:10:06,
624,2015.3.104.130,,470,395,3,False,3,5640000,False,True,2015-01-13,False,,2015-03-19 22:12:53,
625,2015.3.105.131,,471,387,4,False,4,117.5,False,True,2015-01-13,False,,2015-03-19 22:15:41,
626,2015.3.106.132,,472,377,4,False,4,17.9,False,True,2015-01-13,False,,2015-03-19 22:18:47,
627,2015.3.107.133,,473,385,2,False,2,79,False,True,2015-01-13,False,,2015-03-19 22:21:28,
628,2015.3.107.134,,473,374,12,False,12,18.75,False,True,2015-01-13,False,,2015-03-19 22:25:23,
629,2015.3.108.135,,474,411,12,False,12,5.19,False,True,2015-01-13,False,,2015-03-19 22:28:31,
630,2015.3.109.136,,475,432,20,False,20,5.48,False,True,2015-01-13,False,,2015-03-19 22:31:34,
631,2015.3.110.137,,476,409,4,False,4,23.1,False,True,2015-01-13,False,,2015-03-19 22:33:11,
632,2015.3.111.138,,477,410,4,False,4,24.4,False,True,2015-01-13,False,,2015-03-19 22:34:50,
633,2015.3.112.139,,478,394,15,False,15,600000,False,True,2015-01-12,False,,2015-03-19 22:36:36,
634,2015.3.113.140,,479,375,8,False,8,230000,False,True,2015-01-12,False,,2015-03-19 22:38:19,
635,2015.3.114.141,,481,1122,3,False,3,522600,False,True,2015-01-27,False,,2015-03-23 15:40:47,
636,2015.3.115.142,,482,1523,7,False,7,169,False,True,2015-01-23,False,,2015-03-23 15:48:56,
637,2015.3.116.143,,483,394,5,False,5,660000,False,True,2015-01-22,False,,2015-03-30 21:23:01,
638,2015.3.117.144,,484,408,4,False,4,16.1,False,True,2015-01-13,False,,2015-03-30 21:35:27,
639,2015.3.117.145,,484,395,1,False,1,570,False,True,2015-01-13,False,,2015-03-30 21:35:59,
640,2015.3.118.146,,485,5014,50,False,50,2.78,False,True,2015-01-06,False,,2015-03-31 15:54:13,
641,2015.3.119.147,,486,5014,20,False,20,3.33,False,True,2015-01-06,False,,2015-03-31 15:59:34,
642,2015.3.120.148,,488,384,5,False,5,546,False,True,2015-01-12,False,,2015-03-31 16:12:57,
643,2015.3.121.149,,489,418,6,False,6,29.05,False,True,2015-01-12,False,,2015-03-31 16:18:41,
644,2015.4.1.1,,490,1226,11,False,11,1393406.25,False,True,2015-01-30,False,,2015-04-05 16:06:05,
645,2015.4.2.2,,491,1211,3,False,3,1250000,False,False,,False,,2015-04-05 16:08:32,
646,2015.4.2.3,,491,4997,3,False,3,1450000,False,False,,False,,2015-04-05 16:09:56,
647,2015.4.3.4,,492,4981,4,False,4,1448200,False,True,2015-01-30,False,,2015-04-05 20:46:12,
648,2015.4.4.5,,493,1545,17,False,17,143.08,False,True,2015-01-02,False,,2015-04-05 21:11:19,
649,2015.4.5.6,,494,1092,4,False,4,1256000,False,True,2015-01-23,False,,2015-04-05 21:14:57,
650,2015.4.6.7,,495,1366,10,False,10,117,False,True,2015-01-27,False,,2015-04-05 21:19:20,
651,2015.4.7.8,,496,1315,5,False,5,122,False,True,2015-01-27,False,,2015-04-05 21:21:48,
