Id,Code,OrderType,OrderCode,ContactId,SalesDate,NomorSurat,CurrencyId,EmployeeId,IsConfirmed,ConfirmationDate,IsDeliveryCompleted,IsDeleted,DeletedAt,CreatedAt,UpdatedAt
1,2014.12.1,0,,326,2014-12-16,003.14.64493628,1,1,True,2014-12-16,False,False,,2014-12-19 15:33:34,2014-12-30 10:44:39
2,2014.12.2,0,,872,2014-12-11,003.14.64493558,1,1,True,2014-12-11,False,False,,2014-12-19 15:35:09,2014-12-30 10:47:05
3,2014.12.3,0,,512,2014-12-01,003.14.64493401,1,1,True,2014-12-01,False,False,,2014-12-19 15:53:48,2014-12-30 10:46:29
4,2014.12.4,0,,108,2014-12-03,003.14.64493438,1,1,True,2014-12-03,False,False,,2014-12-19 16:00:23,2014-12-30 10:46:43
5,2014.12.5,0,,956,2014-12-15,003.14.64493618,1,1,True,2014-12-15,False,False,,2014-12-19 16:05:31,2014-12-30 10:46:50
6,2014.12.6,0,,114,2014-12-01,003.14.64493394,2,1,True,2014-12-01,True,False,,2014-12-19 16:13:54,2015-02-04 22:28:36
7,2014.12.7,0,,19,2014-12-17,003.14.64493657,1,1,True,2014-12-17,True,False,,2014-12-19 16:20:13,2015-02-04 22:00:22
8,2014.12.8,0,,32,2014-12-15,003.14.64493602,1,1,True,2014-12-15,True,False,,2014-12-19 16:34:36,2015-02-17 14:45:57
9,2014.12.9,0,,140,2014-12-01,003.14.64493395,2,1,False,,False,False,,2014-12-19 16:36:48,
10,2014.12.10,0,,21,2014-12-15,003.14.64493601,1,1,True,2014-12-15,True,False,,2014-12-19 16:46:06,2015-02-04 20:26:26
11,2014.12.11,0,,53,2014-12-15,003.14.64493588,1,1,True,2014-12-15,False,False,,2014-12-19 16:50:18,2014-12-19 16:54:51
12,2014.12.12,0,,236,2014-12-01,003.14.64493400,1,1,True,2014-12-01,True,False,,2014-12-19 16:57:17,2015-02-04 21:49:23
13,2014.12.13,0,,32,2014-12-03,003.14.64493437,1,1,True,2014-12-03,True,False,,2014-12-19 17:06:44,2015-02-04 21:57:07
14,2014.12.14,0,,114,2014-12-03,003.14.64493445,2,1,True,2014-12-03,False,False,,2014-12-19 17:18:26,2014-12-23 08:58:57
15,2014.12.15,0,,188,2014-12-15,003.14.64493587,1,1,False,,False,True,2014-12-22 16:14:35,2014-12-22 16:06:11,
16,2014.12.16,0,,136,2014-12-10,003.14.64493540,2,1,True,2014-12-10,True,False,,2014-12-22 16:10:33,2015-02-04 21:46:40
17,2014.12.16,0,,171,2014-12-12,003.14.64493566,1,1,True,2014-12-12,True,False,,2014-12-22 16:15:41,2015-02-04 21:30:29
18,2014.12.17,0,,373,2014-12-10,003.14.64493539,1,1,True,2014-12-10,True,False,,2014-12-22 16:17:55,2015-02-16 22:09:02
19,2014.12.18,0,,331,2014-12-09,003.14.64493529,2,1,True,2014-12-09,True,False,,2014-12-22 16:26:13,2015-02-16 22:17:07
20,2014.12.19,0,,20,2014-12-12,003.14.64493563,1,1,True,2014-12-12,True,False,,2014-12-22 16:26:41,2015-02-04 21:26:26
21,2014.12.20,0,,135,2014-12-10,003.14.64493536,1,1,True,2014-12-10,True,False,,2014-12-22 16:36:24,2015-02-04 21:22:51
22,2014.12.21,0,,288,2014-12-09,003.14.64493516,2,1,True,2014-12-09,True,False,,2014-12-22 16:47:03,2015-02-04 21:18:02
23,2014.12.22,0,,136,2014-12-09,003.14.64493526,2,1,True,2014-12-09,False,False,,2014-12-22 16:54:00,
24,2014.12.23,0,,369,2014-12-08,003.14.64493515,1,1,True,2014-12-08,True,False,,2014-12-22 17:07:14,2015-02-16 22:40:19
25,2014.12.24,0,,135,2014-12-05,003.14.64493501,1,1,True,2014-12-05,True,False,,2014-12-22 17:15:43,2015-02-04 22:11:21
26,2014.12.25,0,,302,2014-12-08,003.14.64493513,1,1,True,2014-12-08,True,False,,2014-12-22 17:20:04,2015-02-04 22:21:33
27,2014.12.26,0,,57,2014-12-04,003.14.64493471,2,1,True,2014-12-04,True,False,,2014-12-22 17:20:37,2015-02-04 22:09:01
28,2014.12.27,0,,288,2014-12-11,003.14.64493561,2,1,True,2014-12-11,True,False,,2014-12-22 17:27:40,2015-02-04 22:05:29
29,2014.12.28,0,,53,2014-12-02,003.14.64493423,1,1,False,,False,True,2014-12-23 08:18:23,2014-12-23 08:09:12,
30,2014.12.28,0,,30,2014-12-02,003.14.64493422,2,1,True,2014-12-02,True,False,,2014-12-23 08:19:56,2015-02-04 21:07:55
31,2014.12.29,0,,57,2014-12-02,003.14.64493421,2,1,True,2014-12-02,True,False,,2014-12-23 08:42:02,2015-02-04 21:02:56
32,2014.12.30,0,,84,2014-12-02,003.14.64493419,2,1,True,2014-12-02,True,False,,2014-12-23 09:10:11,2015-02-04 20:57:02
33,2014.12.31,0,,965,2014-12-02,003.14.64493413,2,1,True,2014-12-02,True,False,,2014-12-23 09:13:37,2015-02-04 20:53:49
34,2014.12.32,0,,617,2014-12-10,003.14.64493537,1,1,True,2014-12-10,False,False,,2014-12-23 09:23:35,2014-12-30 10:45:07
35,2014.12.33,0,,171,2014-12-12,003.14.64493562,1,1,True,2014-12-12,False,False,,2014-12-23 09:27:28,
36,2014.12.34,0,,723,2014-12-11,003.14.64493550,2,1,True,2014-12-11,False,False,,2014-12-23 09:45:26,2014-12-30 10:44:55
37,2014.12.35,0,,723,2014-12-03,003.14.64493440,2,1,True,2014-12-03,False,False,,2014-12-23 09:49:14,
38,2014.12.36,0,,108,2014-12-11,003.14.64493551,1,1,True,2014-12-11,False,False,,2014-12-23 09:55:18,
39,2014.12.37,0,,302,2014-12-01,003.14.64493402,2,1,True,2014-12-01,True,False,,2014-12-23 09:59:55,2015-02-16 22:25:53
40,2014.12.38,0,,298,2014-12-03,003.14.64493453,1,1,True,2014-12-03,True,False,,2014-12-23 10:06:12,2015-02-16 22:29:38
41,2014.12.39,0,,302,2014-12-01,003.14.64493397,1,1,True,2014-12-01,False,False,,2014-12-23 10:09:10,
42,2014.12.40,0,,721,2014-12-04,003.14.64493459,2,1,True,2014-12-04,True,False,,2014-12-23 10:18:59,2015-02-04 22:26:51
43,2014.12.41,0,,57,2014-12-04,003.14.64493470,2,1,True,2014-12-04,False,False,,2014-12-23 10:24:11,
44,2014.12.42,0,,175,2014-12-04,003.14.64493458,2,1,True,2014-12-04,False,False,,2014-12-23 10:28:54,
45,2014.12.43,0,,62,2014-12-04,003.14.64493457,2,1,True,2014-12-04,True,False,,2014-12-23 10:38:03,2015-02-16 22:33:07
46,2014.12.44,0,,170,2014-12-04,003.14.64493469,1,1,True,2014-12-04,True,False,,2014-12-23 10:53:21,2015-02-04 20:22:31
47,2014.12.45,0,,2,2014-12-04,003.14.64493456,2,1,True,2014-12-04,True,False,,2014-12-23 10:57:11,2015-02-16 22:38:12
48,2014.12.46,0,,170,2014-12-04,003.14.64493464,1,1,True,2014-12-04,True,False,,2014-12-23 11:00:48,2015-02-04 20:13:50
49,2014.12.47,0,,236,2014-12-04,003.14.64493454,1,1,True,2014-12-04,True,False,,2014-12-23 11:02:08,2015-02-04 20:39:45
50,2014.12.48,0,,952,2014-12-04,003.14.64493460,2,1,True,2014-12-04,True,False,,2014-12-23 11:25:00,2015-02-04 20:07:52
51,2014.12.49,0,,366,2014-12-03,003.14.64493452,1,1,True,2014-12-03,False,False,,2014-12-23 11:35:26,
52,2014.12.50,0,,135,2014-12-01,003.14.64493393,1,1,False,,False,True,2014-12-23 11:54:42,2014-12-23 11:47:01,
53,2014.12.50,0,,135,2014-12-01,003.14.64493393,1,1,True,2014-12-01,False,False,,2014-12-23 13:18:19,2015-02-16 16:55:41
54,2014.12.51,0,,77,2014-12-02,003.14.64493415,1,1,False,,False,False,,2014-12-24 14:45:24,
55,2014.12.52,0,,8,2014-12-22,003.14.64493721,2,1,True,2014-12-22,True,False,,2014-12-24 14:47:34,2015-02-04 22:13:36
56,2014.12.53,0,,229,2014-12-16,003.14.64493643,1,1,True,2015-01-19,False,False,,2014-12-24 14:56:17,
57,2014.12.54,0,,374,2014-12-03,003.14.64493446,1,1,True,2015-01-19,False,False,,2014-12-24 14:56:18,
58,2014.12.55,0,,254,2014-12-10,003.14.64493544,2,1,True,2015-01-19,False,False,,2014-12-24 15:06:05,
59,2014.12.56,0,,108,2014-12-15,003.14.64493592,1,1,False,,False,True,2014-12-24 15:07:25,2014-12-24 15:06:37,
60,2014.12.56,0,,782,2014-12-16,003.14.64493642,1,1,True,2015-01-19,False,False,,2014-12-24 15:09:19,
61,2014.12.57,0,,184,2014-12-10,003.14.64493546,1,1,True,2015-01-19,False,False,,2014-12-24 15:12:44,
62,2014.12.58,0,,146,2014-12-16,003.14.64493655,2,1,True,2015-01-19,False,False,,2014-12-24 15:19:53,
63,2014.12.59,0,,184,2014-12-17,003.14.64493671,1,1,True,2015-01-19,False,False,,2014-12-24 15:23:38,
64,2014.12.60,0,,254,2014-12-15,003.14.64493593,2,1,True,2015-01-19,False,False,,2014-12-24 15:25:48,
65,2014.12.61,0,,146,2014-12-16,003.14.64493656,2,1,True,2015-01-19,False,False,,2014-12-24 15:29:06,
66,2014.12.62,0,,57,2014-12-12,003.14.64493565,2,1,True,2015-01-19,False,False,,2014-12-24 15:37:22,
67,2014.12.63,0,,64,2014-12-17,003.14.64493667,1,1,True,2015-01-19,True,False,,2014-12-24 15:40:05,2015-02-05 16:11:03
68,2014.12.64,0,,113,2014-12-18,003.14.64493675,1,1,True,2015-01-19,True,False,,2014-12-24 15:41:16,2015-02-05 20:53:48
69,2014.12.65,0,,236,2014-12-18,003.14.64493672,1,1,True,2015-01-19,True,False,,2014-12-24 15:42:44,2015-02-05 21:03:44
70,2014.12.66,0,,53,2014-12-19,003.14.64493686,1,1,True,2015-01-19,True,False,,2014-12-24 15:44:19,2015-02-05 21:09:47
71,2014.12.67,0,,288,2014-12-12,003.14.64493584,2,1,True,2015-01-19,False,False,,2014-12-24 15:45:29,
72,2014.12.68,0,,171,2014-12-19,003.14.64493712,1,1,True,2015-01-19,False,False,,2014-12-24 15:45:54,
73,2014.12.69,0,,171,2014-12-19,003.14.64493713,1,1,True,2015-01-19,True,False,,2014-12-24 15:48:33,2015-02-05 21:40:32
74,2014.12.70,0,,338,2014-12-19,003.14.64493683,1,1,True,2015-01-19,True,False,,2014-12-24 15:51:01,2015-02-05 21:51:01
75,2014.12.71,0,,146,2014-12-02,003.14.64493435,2,1,True,2015-01-19,False,False,,2014-12-24 15:54:43,
76,2014.12.72,0,,146,2014-12-02,003.14.64493436,2,1,True,2015-01-19,False,False,,2014-12-24 15:56:15,
77,2014.12.73,0,,276,2014-12-15,003.14.64493611,2,1,True,2015-01-19,False,False,,2014-12-24 15:58:47,
78,2014.12.74,0,,184,2014-12-05,003.14.64493497,2,1,True,2015-01-19,False,False,,2014-12-24 15:59:28,
79,2014.12.75,0,,286,2014-12-11,003.14.64493559,1,1,True,2015-01-19,True,False,,2014-12-24 16:00:18,2015-02-05 22:09:57
80,2014.12.76,0,,254,2014-12-05,003.14.64493503,2,1,False,,False,False,,2014-12-24 16:01:20,
81,2014.12.77,0,,11,2014-12-16,003.14.64493621,1,1,True,2015-01-19,False,False,,2014-12-24 16:04:51,
82,2014.12.78,0,,288,2014-12-22,003.14.64493716,2,1,True,2015-01-19,False,False,,2014-12-24 16:07:53,2015-01-19 07:30:07
83,2014.12.79,0,,32,2014-12-22,003.14.64493717,1,1,True,2015-01-19,False,False,,2014-12-24 16:11:08,2015-01-19 07:45:23
84,2014.12.80,0,,139,2014-12-16,003.14.64493629,2,1,True,2015-01-19,True,False,,2014-12-24 16:16:35,2015-02-05 22:25:26
85,2014.12.81,0,,207,2014-12-16,003.14.64493625,1,1,True,2015-01-19,True,False,,2014-12-24 16:21:04,2015-02-05 22:39:06
86,2014.12.82,0,,57,2014-12-16,003.14.64493624,2,1,True,2015-01-19,False,False,,2014-12-24 16:24:04,
87,2014.12.83,0,,180,2014-12-16,003.14.64493622,2,1,True,2015-01-19,True,False,,2014-12-24 16:26:59,2015-02-05 22:54:31
88,2014.12.84,0,,366,2014-12-15,003.14.64493617,1,1,True,2015-01-19,False,False,,2014-12-24 16:30:16,
89,2014.12.85,0,,135,2014-12-15,003.14.64493589,1,1,True,2015-01-19,False,False,,2014-12-24 16:30:20,
90,2014.12.86,0,,366,2014-12-17,003.14.64493658,1,1,True,2015-01-19,False,False,,2014-12-24 16:32:07,
91,2014.12.87,0,,26,2014-12-19,003.14.64493687,1,1,True,2015-01-19,True,False,,2014-12-24 16:33:18,2015-02-05 23:06:20
92,2014.12.88,0,,57,2014-12-19,003.14.64493689,2,1,True,2015-01-19,False,False,,2014-12-24 16:34:26,
93,2014.12.89,0,,57,2014-12-19,003.14.64493690,2,1,True,2015-01-19,False,False,,2014-12-24 16:36:57,
94,2014.12.90,0,,111,2014-12-17,003.14.64493659,2,1,True,2015-01-19,False,False,,2014-12-24 16:40:00,
95,2014.12.91,0,,135,2014-12-22,003.14.64493719,1,1,True,2014-12-22,False,False,,2014-12-24 16:40:31,2015-02-16 17:08:58
96,2014.12.92,0,,2,2014-12-30,DUMMY,1,1,True,2014-12-30,False,False,,2014-12-30 10:42:00,
97,2015.1.1,0,,617,2015-01-31,003.14.64493829,1,1,True,2015-01-19,False,False,,2015-01-14 09:10:00,2015-01-16 15:37:52
98,2015.1.2,0,,920,2015-01-30,003.14.64493791,1,1,True,2015-01-19,False,False,,2015-01-14 09:23:49,2015-01-14 09:32:16
99,2015.1.3,0,,824,2015-01-15,003.14.64493594,1,1,False,,False,True,2015-01-14 09:52:54,2015-01-14 09:24:47,
100,2015.1.3,0,,560,2014-12-29,003.14.64493785,1,1,True,2015-01-19,False,False,,2015-01-14 09:55:38,2015-01-14 09:56:07
101,2015.1.4,0,,169,2015-01-05,003.14.64493499,1,1,False,,False,True,2015-01-14 10:12:32,2015-01-14 10:09:05,
102,2015.1.4,0,,1182,2014-12-31,003.14.64493820,1,1,True,2014-12-31,True,False,,2015-01-28 14:42:16,2015-01-29 08:22:27
103,2015.1.5,0,,3,2015-01-02,1001001,1,1,False,,False,True,2015-01-28 14:46:26,2015-01-28 14:45:13,
104,2015.1.5,0,,53,2014-12-31,003.14.64493828,1,1,True,2014-12-31,True,False,,2015-01-28 14:49:42,2015-01-29 08:36:56
105,2015.1.6,0,,50,2014-12-04,003.14.64493455,1,1,True,2014-12-04,True,False,,2015-01-29 08:46:21,2015-01-29 08:50:48
106,2015.1.7,0,,30,2014-12-30,003.14.64493788,2,1,True,2014-12-30,True,False,,2015-01-29 08:58:28,2015-01-29 09:08:08
107,2015.1.8,0,,207,2014-12-30,003.14.64493789,1,1,True,2014-12-30,True,False,,2015-01-29 09:11:52,2015-01-29 09:17:49
108,2015.1.9,0,,135,2014-12-30,003.14.64493790,1,1,True,2014-12-30,True,False,,2015-01-29 09:20:36,2015-01-29 09:41:38
109,2015.1.10,0,,232,2014-12-30,003.14.64493805,1,1,True,2014-12-30,True,False,,2015-01-29 09:44:51,2015-01-29 09:49:01
110,2015.1.11,0,,1050,2014-12-05,003.14.64493488,1,1,True,2014-12-05,True,False,,2015-01-29 09:56:53,2015-01-29 09:59:43
111,2015.1.12,0,,1124,2014-12-05,003.14.64493487,1,1,True,2014-12-05,True,False,,2015-01-29 10:16:08,2015-01-29 10:19:26
112,2015.1.13,0,,1045,2014-12-05,003.14.64493486,1,1,True,2014-12-05,True,False,,2015-01-29 10:25:20,2015-01-29 10:30:02
113,2015.1.14,0,,1193,2014-12-04,003.14.64493463,1,1,True,2014-12-04,True,False,,2015-01-29 10:39:05,2015-01-29 10:44:05
114,2015.1.15,0,,1194,2014-12-04,003.14.64493461,1,1,True,2014-12-04,True,False,,2015-01-29 11:03:12,2015-01-29 11:11:56
115,2015.1.16,0,,1011,2014-12-02,003.14.64493431,1,1,True,2014-12-02,True,False,,2015-01-29 11:20:40,2015-01-29 11:28:17
116,2015.1.17,0,,1000,2014-12-02,003.14.64493424,1,1,True,2014-12-02,True,False,,2015-01-29 11:38:20,2015-01-29 11:59:25
117,2015.1.18,0,,1022,2014-12-02,003.14.64493418,1,1,True,2014-12-02,True,False,,2015-01-29 13:16:18,2015-01-29 13:27:43
118,2015.1.19,0,,1061,2014-12-02,003.14.64493417,1,1,True,2014-12-02,True,False,,2015-01-29 13:36:38,2015-01-29 13:45:39
119,2015.1.20,0,,1050,2014-12-02,003.14.64493416,1,1,True,2014-12-02,True,False,,2015-01-29 13:56:07,2015-01-29 14:02:36
120,2015.1.21,0,,1021,2014-12-01,003.14.64493398,1,1,True,2014-12-01,True,False,,2015-01-29 14:09:29,2015-01-29 14:14:18
121,2015.1.22,0,,4,2014-12-30,003.14.64493795,1,1,True,2014-12-30,True,False,,2015-01-29 14:20:01,2015-01-29 14:25:48
122,2015.1.23,0,,1024,2014-12-03,003.14.64493444,1,1,True,2014-12-03,True,False,,2015-01-29 14:53:41,2015-01-29 14:58:16
123,2015.1.24,0,,981,2014-12-17,003.14.64493662,2,1,True,2014-12-17,True,False,,2015-01-29 15:01:54,2015-01-29 16:57:49
124,2015.1.25,0,,978,2014-12-19,003.14.64493695,2,1,True,2014-12-19,True,False,,2015-01-29 15:11:17,2015-01-30 08:55:03
125,2015.1.26,0,,978,2014-12-19,003.14.64493694,2,1,True,2014-12-19,True,False,,2015-01-29 15:17:25,2015-01-30 09:03:38
126,2015.1.27,0,,4,2014-12-16,003.14.64493638,2,1,True,2014-12-16,True,False,,2015-01-29 15:31:57,2015-01-29 15:35:50
127,2015.1.28,0,,4,2015-01-16,003.14.64493620,2,1,True,2014-12-16,True,False,,2015-01-29 15:41:05,2015-01-29 15:44:58
128,2015.1.29,0,,979,2014-12-15,003.14.64493599,2,1,True,2014-12-15,True,False,,2015-01-29 15:50:45,2015-01-29 15:54:40
129,2015.1.30,0,,979,2014-12-15,003.14.64493600,2,1,True,2014-12-15,True,False,,2015-01-29 16:01:33,2015-01-29 16:08:40
130,2015.1.31,0,,978,2014-12-12,003.14.64493573,2,1,True,2014-12-12,True,False,,2015-01-29 16:14:49,2015-01-29 16:17:26
131,2015.1.32,0,,978,2014-12-12,003.14.64493572,2,1,True,2014-12-12,True,False,,2015-01-29 16:22:07,2015-01-29 16:24:29
132,2015.1.33,0,,1038,2014-12-16,003.14.64493649,1,1,True,2014-12-16,True,False,,2015-01-30 09:11:06,2015-01-30 09:19:07
133,2015.1.34,0,,1064,2014-12-16,003.14.64493648,1,1,True,2014-12-16,True,False,,2015-01-30 09:26:38,2015-01-30 09:31:12
134,2015.1.35,0,,989,2014-12-08,003.14.64493509,1,1,True,2014-12-08,True,False,,2015-01-30 10:41:25,2015-01-30 10:45:38
135,2015.1.36,0,,1040,2014-12-08,003.14.64493508,1,1,True,2014-12-08,True,False,,2015-01-30 10:48:56,2015-01-30 10:50:59
136,2015.1.37,0,,1037,2014-12-17,003.14.64493660,1,1,True,2014-12-17,True,False,,2015-01-30 10:53:25,2015-01-30 10:56:54
137,2015.1.38,0,,1037,2014-12-17,003.14.64493666,1,1,False,,False,False,,2015-01-30 10:59:06,
138,2015.1.39,0,,1092,2014-12-18,003.14.64493673,1,1,True,2014-12-18,True,False,,2015-01-30 11:13:15,2015-01-30 11:15:19
139,2015.1.40,0,,1068,2014-12-19,003.14.64493684,1,1,True,2014-12-19,True,False,,2015-01-30 11:24:46,2015-01-30 11:27:06
140,2015.1.41,0,,1011,2014-12-19,003.14.64493698,1,1,True,2014-12-19,True,False,,2015-01-30 11:29:32,2015-01-30 11:33:04
141,2015.1.42,0,,990,2014-12-19,003.14.64493711,1,1,True,2014-12-19,True,False,,2015-01-30 11:36:19,2015-01-30 11:38:58
142,2015.1.43,0,,989,2014-12-19,003.14.64493706,1,1,True,2014-12-19,True,False,,2015-01-30 11:42:31,2015-01-30 11:47:40
143,2015.1.44,0,,1079,2014-12-23,003.14.64493744,1,1,True,2014-12-23,True,False,,2015-01-30 11:51:32,2015-01-30 11:53:30
144,2015.1.45,0,,1050,2014-12-19,003.14.64493699,1,1,True,2014-12-19,True,False,,2015-01-30 13:07:05,2015-01-30 13:17:46
145,2015.1.46,0,,999,2014-12-23,003.14.64493743,1,1,True,2014-12-23,True,False,,2015-01-30 13:20:33,2015-01-30 13:22:32
146,2015.1.47,0,,987,2014-12-22,003.14.64493725,1,1,True,2014-12-22,True,False,,2015-01-30 13:24:19,2015-01-30 13:28:15
147,2015.1.48,0,,1022,2014-12-30,003.14.64493804,1,1,True,2014-12-30,True,False,,2015-01-30 13:31:20,2015-01-30 13:33:20
148,2015.1.49,0,,1033,2014-12-24,003.14.64493760,1,1,True,2014-12-24,True,False,,2015-01-30 13:36:05,2015-01-30 13:38:37
149,2015.1.50,0,,1034,2014-12-29,003.14.64493778,1,1,True,2014-12-29,True,False,,2015-01-30 13:41:49,2015-01-30 13:48:17
150,2015.1.51,0,,1024,2014-12-24,003.14.64493756,1,1,True,2014-12-24,True,False,,2015-01-30 15:14:26,2015-01-30 15:21:41
151,2015.1.52,0,,1050,2014-12-23,003.14.64493749,1,1,True,2014-12-23,True,False,,2015-01-30 15:37:38,2015-01-30 15:43:22
152,2015.1.53,0,,1041,2014-12-23,003.14.64493748,1,1,True,2014-12-23,True,False,,2015-01-30 15:53:20,2015-01-30 16:06:59
153,2015.1.54,0,,990,2014-12-30,003.14.64493819,1,1,True,2014-12-30,True,False,,2015-01-30 16:32:09,2015-01-30 16:34:43
154,2015.1.55,0,,1011,2014-12-24,003.14.64493769,1,1,True,2014-12-24,True,False,,2015-01-30 16:36:27,2015-01-30 16:38:40
155,2015.2.1,0,,1013,2014-12-24,003.14.64493758,1,1,True,2014-12-24,True,False,,2015-02-02 16:16:49,2015-02-02 16:22:02
156,2015.2.2,0,,1092,2014-12-24,003.14.64493773,1,1,True,2014-12-24,True,False,,2015-02-02 16:33:46,2015-02-02 16:37:12
157,2015.2.3,0,,990,2015-02-02,003.14.64493759,1,1,True,2014-12-24,True,False,,2015-02-02 16:40:58,2015-02-02 16:44:03
158,2015.2.4,0,,1092,2014-12-29,003.14.64493777,1,1,True,2014-12-29,True,False,,2015-02-02 16:49:02,2015-02-02 16:53:36
159,2015.2.5,0,,203,2014-12-10,003.14.64493538,1,1,True,2014-12-10,True,False,,2015-02-02 16:55:36,2015-02-02 17:25:50
160,2015.2.6,0,,978,2014-12-16,003.14.64493631,2,1,True,2014-12-16,True,False,,2015-02-02 17:28:35,2015-02-02 17:31:48
161,2015.2.7,0,,978,2014-12-16,003.14.64493630,2,1,True,2015-01-16,True,False,,2015-02-02 18:55:57,2015-02-02 19:06:09
162,2015.2.8,0,,978,2014-12-23,003.14.64493736,2,1,True,2014-12-23,True,False,,2015-02-02 19:16:04,2015-02-02 19:20:05
163,2015.2.9,0,,978,2014-12-23,003.14.64493735,2,1,True,2014-12-23,True,False,,2015-02-02 19:26:24,2015-02-02 19:34:20
164,2015.2.10,0,,4,2014-12-24,003.14.64493764,2,1,True,2014-12-24,True,False,,2015-02-02 19:41:37,2015-02-02 19:43:54
165,2015.2.11,0,,186,2014-12-16,003.14.64493644,1,1,True,2014-12-16,True,False,,2015-02-02 19:45:52,2015-02-02 19:47:51
166,2015.2.12,0,,4,2014-12-24,003.14.64493763,2,1,True,2014-12-24,True,False,,2015-02-02 19:54:16,2015-02-02 19:56:29
167,2015.2.13,0,,170,2014-12-23,003.14.64493754,1,1,True,2014-12-23,False,False,,2015-02-02 20:00:13,
168,2015.2.14,0,,170,2014-12-23,003.14.64493753,1,1,True,2014-12-23,True,False,,2015-02-02 20:03:59,2015-02-02 20:05:49
169,2015.2.15,0,,978,2014-12-30,003.14.64493796,2,1,True,2014-12-30,True,False,,2015-02-02 20:08:56,2015-02-02 20:12:58
170,2015.2.16,0,,978,2014-12-30,003.14.64493794,2,1,True,2014-12-30,True,False,,2015-02-02 20:19:58,2015-02-02 20:23:36
171,2015.2.17,0,,978,2014-12-02,003.14.64493403,2,1,True,2014-12-02,True,False,,2015-02-02 20:28:24,2015-02-02 20:32:56
172,2015.2.18,0,,978,2014-12-02,003.14.64493404,2,1,True,2014-12-02,True,False,,2015-02-02 20:36:37,2015-02-02 20:38:46
173,2015.2.19,0,,978,2014-12-02,003.14.64493405,2,1,True,2015-01-02,True,False,,2015-02-02 20:41:19,2015-02-02 20:43:44
174,2015.2.20,0,,978,2014-12-02,003.14.64493406,2,1,True,2014-12-02,True,False,,2015-02-02 20:46:06,2015-02-02 20:49:16
175,2015.2.21,0,,978,2014-12-05,003.14.64493473,2,1,True,2014-12-05,True,False,,2015-02-02 20:51:52,2015-02-02 20:54:57
176,2015.2.22,0,,978,2015-02-02,003.14.64493474,2,1,True,2014-12-05,True,False,,2015-02-02 20:57:06,2015-02-02 21:10:05
177,2015.2.23,0,,978,2014-12-09,003.14.64493522,2,1,True,2014-12-09,True,False,,2015-02-02 21:13:58,2015-02-02 21:17:34
178,2015.2.24,0,,978,2014-12-12,003.14.64493574,2,1,True,2014-12-12,True,False,,2015-02-02 21:23:04,2015-02-02 21:27:07
179,2015.2.25,0,,978,2014-12-09,003.14.64493523,1,1,True,2014-12-09,True,False,,2015-02-02 21:46:12,2015-02-02 21:48:17
180,2015.2.26,0,,1037,2014-12-16,003.14.64493650,1,1,True,2014-12-16,True,False,,2015-02-02 21:50:49,2015-02-02 21:52:44
181,2015.2.27,0,,983,2014-12-11,003.14.64493553,1,1,True,2014-12-11,True,False,,2015-02-02 21:58:48,2015-02-02 22:00:57
182,2015.2.28,0,,1021,2014-12-15,003.14.64493590,1,1,True,2014-12-15,True,False,,2015-02-02 22:03:17,2015-02-02 22:06:12
183,2015.2.29,0,,1195,2014-12-03,003.14.64493439,1,1,True,2014-12-03,True,False,,2015-02-03 15:23:23,2015-02-03 15:28:07
184,2015.2.30,0,,4,2014-12-03,003.14.64493449,2,1,True,2014-12-03,True,False,,2015-02-03 16:27:50,2015-02-03 16:30:39
185,2015.2.31,0,,54,2014-12-23,003.14.64493742,1,1,True,2014-12-23,True,False,,2015-02-03 16:34:08,2015-02-03 16:37:24
186,2015.2.32,0,,1024,2014-12-12,003.14.64493570,1,1,True,2014-12-12,True,False,,2015-02-03 16:39:49,2015-02-03 16:42:13
187,2015.2.33,0,,1085,2014-12-10,003.14.64493542,1,1,True,2014-12-10,True,False,,2015-02-03 16:44:17,2015-02-03 16:46:07
188,2015.2.34,0,,1050,2014-12-09,003.14.64493525,1,1,True,2014-12-09,True,False,,2015-02-03 16:48:18,2015-02-03 16:51:37
189,2015.2.35,0,,999,2014-12-10,003.14.64493541,1,1,True,2014-12-10,True,False,,2015-02-03 16:54:19,2015-02-03 16:57:56
190,2015.2.36,0,,53,2015-01-05,003.14.64493484,1,1,True,2014-12-05,True,False,,2015-02-03 17:04:17,2015-02-03 18:53:25
191,2015.2.37,0,,180,2014-12-05,003.14.64493491,2,1,True,2014-12-05,True,False,,2015-02-03 18:59:51,2015-02-03 19:05:58
192,2015.2.38,0,,1182,2014-12-08,003.14.64493512,1,1,True,2014-12-08,True,False,,2015-02-03 19:11:59,2015-02-03 19:15:30
193,2015.2.39,0,,11,2014-12-09,003.14.64493520,1,1,True,2014-12-09,True,False,,2015-02-03 19:18:53,2015-02-03 19:22:33
194,2015.2.40,0,,180,2014-12-23,003.14.64493740,2,1,True,2014-12-23,True,False,,2015-02-03 19:26:35,2015-02-03 19:29:05
195,2015.2.41,0,,342,2014-12-24,003.14.64493761,1,1,True,2014-12-24,True,False,,2015-02-03 19:32:03,2015-02-03 19:43:41
196,2015.2.42,0,,57,2014-12-23,003.14.64493755,2,1,True,2015-01-23,True,False,,2015-02-03 19:47:48,2015-02-03 19:51:29
197,2015.2.43,0,,288,2014-12-24,003.14.64493771,2,1,True,2014-12-24,True,False,,2015-02-03 19:54:04,2015-02-03 19:57:14
198,2015.2.44,0,,222,2014-12-29,003.14.64493784,2,1,True,2014-12-29,True,False,,2015-02-03 20:02:53,2015-02-03 20:09:28
199,2015.2.45,0,,1104,2014-12-03,003.14.64493442,1,1,True,2014-12-03,False,False,,2015-02-03 20:44:59,
200,2015.2.46,0,,1024,2014-12-04,003.14.64493465,1,1,True,2014-12-04,False,False,,2015-02-03 20:51:19,
201,2015.2.47,0,,1092,2014-12-05,003.14.64493502,1,1,False,,False,True,2015-02-03 15:05:24,2015-02-03 15:03:36,
202,2015.2.47,0,,1092,2014-12-05,003.14.64493502,1,1,True,2014-12-05,False,False,,2015-02-03 15:06:19,
203,2015.2.48,0,,1139,2014-12-05,003.14.64493489,1,1,True,2014-12-05,False,False,,2015-02-03 15:10:42,
204,2015.2.49,0,,171,2014-12-30,003.14.64493816,1,1,True,2014-12-30,False,False,,2015-02-03 15:15:08,
205,2015.2.50,0,,905,2014-12-30,003.14.64493793,1,1,False,,False,True,2015-02-03 17:15:29,2015-02-03 15:18:12,
206,2015.2.50,0,,276,2014-12-31,003.14.64493826,2,1,True,2014-12-31,False,False,,2015-02-03 17:16:18,
207,2015.2.51,0,,276,2014-12-31,003.14.64493827,2,1,True,2014-12-31,False,False,,2015-02-03 17:19:12,
208,2015.2.52,0,,276,2014-12-31,003.14.64493824,2,1,True,2014-12-31,False,False,,2015-02-03 17:27:35,
209,2015.2.53,0,,276,2014-12-31,003.14.64493825,2,1,True,2014-12-31,False,False,,2015-02-03 17:29:55,
210,2015.2.54,0,,188,2014-12-15,003.14.64493587,1,1,True,2014-12-15,False,False,,2015-02-03 17:33:38,
211,2015.2.55,0,,978,2014-12-05,003.14.64493477,2,1,True,2014-12-05,True,False,,2015-02-03 17:41:09,2015-02-03 17:43:55
212,2015.2.56,0,,978,2014-12-19,003.14.64493696,3,1,True,2014-12-19,True,False,,2015-02-03 17:46:55,2015-02-03 17:49:16
213,2015.2.57,0,,978,2014-12-16,003.14.64493635,3,1,True,2014-12-16,True,False,,2015-02-03 19:38:31,2015-02-03 19:49:41
214,2015.2.58,0,,4,2014-12-12,003.14.64493568,2,1,True,2014-12-12,True,False,,2015-02-03 19:55:48,2015-02-03 19:57:54
215,2015.2.59,0,,979,2014-12-15,003.14.64493598,2,1,False,,False,True,2015-02-03 20:03:13,2015-02-03 20:00:19,
216,2015.2.59,0,,4,2014-12-12,003.14.64493567,2,1,True,2014-12-12,True,False,,2015-02-03 20:03:55,2015-02-03 20:06:36
217,2015.2.60,0,,978,2014-12-30,003.14.64493800,2,1,True,2014-12-30,True,False,,2015-02-03 20:17:03,2015-02-03 20:23:11
218,2015.2.61,0,,978,2014-12-30,003.14.64493801,2,1,True,2014-12-30,False,False,,2015-02-03 20:26:45,
219,2015.2.62,0,,978,2014-12-23,003.14.64493737,2,1,True,2014-12-23,False,False,,2015-02-04 17:11:42,
220,2015.2.63,0,,978,2014-12-23,003.14.64493738,2,1,True,2014-12-23,True,False,,2015-02-04 17:18:04,2015-02-15 18:41:52
221,2015.2.64,0,,978,2014-12-23,003.14.64493739,2,1,True,2014-12-23,True,False,,2015-02-04 17:24:00,2015-02-04 17:44:07
222,2015.2.65,0,,978,2014-12-30,003.14.64493798,2,1,True,2014-12-30,False,False,,2015-02-04 17:47:09,
223,2015.2.66,0,,978,2014-12-30,003.14.64493797,2,1,True,2014-12-30,False,False,,2015-02-04 17:51:57,
224,2015.2.67,0,,276,2014-12-31,003.14.64493822,2,1,True,2014-12-31,False,False,,2015-02-04 19:09:34,
225,2015.2.68,0,,276,2014-12-31,003.14.64493823,2,1,True,2014-12-31,False,False,,2015-02-04 19:12:07,
226,2015.2.69,0,,53,2014-12-02,003.14.64493423,1,1,False,,False,False,,2015-02-08 15:08:36,
227,2015.2.70,0,,57,2014-12-16,003.14.64493623,2,1,True,2014-12-16,False,False,,2015-02-08 15:14:08,
228,2015.2.71,0,,180,2014-12-16,003.14.64493627,1,1,True,2014-12-16,False,False,,2015-02-08 15:22:20,
229,2015.2.72,0,,186,2014-12-22,003.14.64493720,1,1,True,2014-12-22,True,False,,2015-02-08 15:32:01,2015-02-08 15:34:18
230,2015.2.73,0,,978,2014-12-30,003.14.64493799,3,1,True,2014-12-30,True,False,,2015-02-08 15:41:18,2015-02-08 15:49:03
231,2015.2.74,0,,978,2014-12-12,003.14.64493580,1,1,True,2014-12-12,False,False,,2015-02-08 16:06:15,
232,2015.2.75,0,,288,2014-12-02,003.14.64493414,2,1,True,2014-12-02,False,False,,2015-02-08 16:06:46,
233,2015.2.76,0,,978,2014-12-12,003.14.64493579,2,1,True,2014-12-12,True,False,,2015-02-08 16:22:44,2015-02-08 16:24:19
234,2015.2.77,0,,1189,2014-12-23,003.14.64493741,2,1,True,2014-12-23,False,False,,2015-02-08 16:31:55,
235,2015.2.78,0,,978,2014-12-16,003.14.64493633,2,1,True,2013-12-16,False,False,,2015-02-08 16:45:39,
236,2015.2.79,0,,978,2014-12-16,003.14.64493634,2,1,True,2013-12-16,False,False,,2015-02-08 16:49:33,
237,2015.2.80,0,,978,2014-12-16,003.14.64493636,2,1,True,2014-12-16,False,False,,2015-02-08 16:55:12,
238,2015.2.81,0,,978,2014-12-16,003.14.64493637,2,1,True,2014-12-16,True,False,,2015-02-08 16:59:57,2015-02-08 17:02:52
239,2015.2.82,0,,4,2014-12-12,003.14.64493569,2,1,True,2014-12-12,True,False,,2015-02-12 15:29:05,2015-02-12 15:31:20
240,2015.2.83,0,,4,2014-12-24,003.14.64493765,2,1,True,2014-12-24,True,False,,2015-02-12 15:46:01,2015-02-12 15:47:48
241,2015.2.84,0,,978,2014-12-16,003.14.64493632,2,1,True,2014-12-16,True,False,,2015-02-12 15:51:06,2015-02-12 15:52:32
242,2015.2.85,0,,276,2014-12-15,003.14.64493613,2,1,True,2014-12-15,False,False,,2015-02-12 15:56:31,
243,2015.2.86,0,,276,2014-12-15,003.14.64493612,2,1,True,2014-12-15,False,False,,2015-02-12 16:00:35,
244,2015.2.87,0,,276,2014-12-15,003.14.64493610,2,1,True,2014-12-15,False,False,,2015-02-12 16:02:50,
245,2015.2.88,0,,276,2014-12-15,003.14.64493607,2,1,True,2014-12-15,False,False,,2015-02-12 17:32:00,
246,2015.2.89,0,,276,2014-12-15,003.14.64493606,2,1,True,2014-12-15,False,False,,2015-02-12 17:37:11,
247,2015.2.90,0,,978,2014-12-05,003.14.64493480,2,1,True,2014-12-05,False,False,,2015-02-12 17:39:47,
248,2015.2.91,0,,978,2014-12-05,003.14.64493479,2,1,True,2014-12-05,True,False,,2015-02-12 17:41:52,2015-02-12 17:44:08
249,2015.2.92,0,,978,2014-12-02,003.14.64493411,3,1,True,2014-12-02,True,False,,2015-02-12 17:48:37,2015-02-12 17:50:54
250,2015.2.93,0,,169,2014-12-09,003.14.64493528,2,1,True,2014-12-09,False,False,,2015-02-12 17:54:20,
251,2015.2.94,0,,978,2014-12-05,003.14.64493476,2,1,True,2014-12-05,False,False,,2015-02-12 19:05:43,
252,2015.2.95,0,,4,2014-12-03,003.14.64493448,2,1,True,2014-12-03,False,False,,2015-02-12 19:13:13,
253,2015.2.96,0,,4,2014-12-03,003.14.64493447,2,1,True,2014-12-03,False,False,,2015-02-12 19:18:30,
254,2015.2.97,0,,978,2014-12-02,003.14.64493412,2,1,True,2014-12-02,True,False,,2015-02-12 19:23:51,2015-02-12 19:27:27
255,2015.2.98,0,,978,2014-12-02,003.14.64493410,2,1,True,2014-12-02,False,False,,2015-02-12 19:30:58,
256,2015.2.99,0,,978,2014-12-02,003.14.64493409,2,1,True,2014-12-02,False,False,,2015-02-12 19:37:30,
257,2015.2.100,0,,978,2014-12-02,003.14.64493408,2,1,True,2014-12-02,True,False,,2015-02-12 19:41:30,2015-02-12 19:44:20
258,2015.2.101,0,,1092,2014-12-19,003.14.64493685,1,1,True,2014-12-19,False,False,,2015-02-12 22:15:59,
259,2015.2.102,0,,1034,2014-12-17,003.14.64493661,1,1,True,2014-12-17,False,False,,2015-02-12 22:21:33,
260,2015.2.103,0,,1050,2014-12-08,003.14.64493510,1,1,True,2014-12-08,False,False,,2015-02-15 14:22:15,
261,2015.2.104,0,,1050,2014-12-15,003.14.64493619,1,1,True,2014-12-15,False,False,,2015-02-15 14:28:21,
262,2015.2.105,0,,1050,2014-12-11,003.14.64493552,1,1,True,2014-12-11,False,False,,2015-02-15 14:42:52,
263,2015.2.106,0,,1000,2014-12-15,003.14.64493614,1,1,True,2014-12-15,False,False,,2015-02-15 15:10:07,
264,2015.2.107,0,,1002,2014-12-10,003.14.64493549,1,1,True,2014-12-10,False,False,,2015-02-15 15:24:26,
265,2015.2.108,0,,1002,2014-12-10,003.14.64493547,1,1,True,2014-12-10,False,False,,2015-02-15 15:25:59,
266,2015.2.109,0,,1037,2014-12-15,003.14.64493615,1,1,True,2014-12-15,False,False,,2015-02-15 15:29:06,
267,2015.2.110,0,,1050,2014-12-29,003.14.64493776,1,1,True,2014-12-29,False,False,,2015-02-15 15:37:43,
268,2015.2.111,0,,1050,2014-12-24,003.14.64493757,1,1,True,2014-12-24,False,False,,2015-02-15 16:35:12,
269,2015.2.112,0,,1104,2014-12-29,003.14.64493775,1,1,True,2014-12-29,False,False,,2015-02-15 16:38:42,
270,2015.2.113,0,,978,2014-12-05,003.14.64493478,3,1,True,2014-12-05,True,False,,2015-02-15 16:44:44,2015-02-15 16:47:48
271,2015.2.114,0,,171,2014-12-05,003.14.64493483,1,1,True,2014-12-05,False,False,,2015-02-15 17:09:32,
272,2015.2.115,0,,1050,2014-12-18,003.14.64493674,1,1,True,2014-12-18,False,False,,2015-02-15 17:19:05,
273,2015.2.116,0,,276,2014-12-19,003.14.64493693,2,1,True,2014-12-19,False,False,,2015-02-15 17:21:33,
274,2015.2.117,0,,276,2014-12-19,003.14.64493691,2,1,True,2014-12-19,False,False,,2015-02-15 17:27:26,
275,2015.2.118,0,,276,2014-12-19,003.14.64493692,2,1,True,2014-12-19,False,False,,2015-02-15 17:28:48,
276,2015.2.119,0,,19,2014-12-24,003.14.64493768,1,1,True,2014-12-24,True,False,,2015-02-15 17:32:18,2015-02-15 17:34:22
277,2015.2.120,0,,32,2014-12-24,003.14.64493772,1,1,True,2014-12-24,False,False,,2015-02-15 17:38:10,
278,2015.2.121,0,,1050,2014-12-01,003.14.64493396,1,1,False,,False,False,,2015-02-15 22:43:50,
279,2015.2.122,0,,1182,2014-12-29,003.14.64493783,1,1,True,2014-12-29,True,False,,2015-02-15 22:49:27,2015-02-15 22:54:02
280,2015.2.123,0,,989,2014-12-03,003.14.64493443,1,1,True,2014-12-03,False,False,,2015-02-15 22:58:07,
281,2015.2.124,0,,1050,2014-12-16,003.14.64493651,1,1,True,2014-12-16,False,False,,2015-02-16 14:28:49,
282,2015.2.125,0,,1097,2014-12-30,003.14.64493792,1,1,True,2014-12-30,False,False,,2015-02-16 14:32:49,
283,2015.2.126,0,,1050,2014-12-30,003.14.64493802,1,1,True,2014-12-30,False,False,,2015-02-16 14:45:20,
284,2015.2.127,0,,315,2014-12-09,003.14.64493519,1,1,True,2014-12-09,False,False,,2015-02-16 15:03:52,
285,2015.2.128,0,,228,2014-12-05,003.14.64493495,1,1,True,2014-12-05,False,False,,2015-02-16 15:25:06,
286,2015.2.129,0,,1167,2014-12-02,003.14.64493426,2,1,True,2014-12-02,False,False,,2015-02-16 15:37:34,2015-02-16 15:40:38
287,2015.2.130,0,,1182,2014-12-05,003.14.64493482,1,1,True,2014-12-05,True,False,,2015-02-16 16:09:31,2015-02-16 16:17:26
288,2015.2.131,0,,135,2014-12-01,003.14.64493504,1,1,True,2014-12-08,False,False,,2015-02-16 16:28:14,
289,2015.2.132,0,,135,2014-12-29,003.14.64493781,1,1,True,2014-12-29,False,False,,2015-02-16 17:44:07,
290,2015.2.133,0,,331,2014-12-19,003.14.64493705,2,1,True,2014-12-19,False,False,,2015-02-16 19:12:46,
291,2015.2.134,0,,228,2014-12-31,003.14.64493832,1,1,True,2014-12-31,False,False,,2015-02-16 19:18:28,
292,2015.2.135,0,,228,2014-12-30,003.14.64493809,1,1,True,2014-12-30,False,False,,2015-02-16 19:49:51,
293,2015.2.136,0,,228,2014-12-30,003.14.64493807,1,1,True,2014-12-30,False,False,,2015-02-16 19:56:25,
294,2015.2.137,0,,620,2014-12-23,003.14.64493731,1,1,True,2014-12-23,False,False,,2015-02-16 20:00:49,
295,2015.2.138,0,,228,2014-12-23,003.14.64493733,1,1,True,2014-12-23,False,False,,2015-02-16 20:08:50,
296,2015.2.139,0,,72,2014-12-23,003.14.64493750,2,1,True,2014-12-23,False,False,,2015-02-16 20:15:24,
297,2015.2.140,0,,228,2014-12-19,003.14.64493702,1,1,True,2014-12-19,False,False,,2015-02-16 20:19:20,
298,2015.2.141,0,,228,2014-12-17,003.14.64493668,1,1,True,2014-12-17,False,False,,2015-02-16 20:20:55,
299,2015.2.142,0,,1161,2014-12-16,003.14.64493653,2,1,False,,False,False,,2015-02-16 20:28:05,2015-02-16 20:40:03
300,2015.2.143,0,,1163,2014-12-16,003.14.64493640,2,1,True,2014-12-16,False,False,,2015-02-16 20:37:49,
301,2015.2.144,0,,1163,2014-12-16,003.14.64493639,2,1,True,2014-12-16,False,False,,2015-02-16 20:42:56,
302,2015.2.145,0,,1166,2014-12-12,003.14.64493582,2,1,True,2014-12-05,False,False,,2015-02-16 20:47:27,
303,2015.2.146,0,,1165,2014-12-05,003.14.64493499,2,1,True,2014-12-05,False,False,,2015-02-16 20:49:54,
304,2015.2.147,0,,116,2014-12-22,003.14.64493730,2,1,True,2014-12-22,False,False,,2015-02-16 20:59:54,
305,2015.2.148,0,,1166,2014-12-24,003.14.64493766,2,1,True,2014-12-24,False,False,,2015-02-16 21:04:38,
306,2015.2.149,0,,1163,2014-12-05,003.14.64493492,2,1,True,2014-12-05,False,False,,2015-02-16 21:07:42,
307,2015.2.150,0,,1166,2014-12-03,003.14.64493451,2,1,True,2014-12-03,False,False,,2015-02-16 21:10:55,
308,2015.2.151,0,,1166,2014-12-09,003.14.64493527,2,1,True,2014-12-09,False,False,,2015-02-16 21:19:38,
309,2015.2.152,0,,1164,2014-12-04,003.14.64493468,2,1,True,2014-12-04,False,False,,2015-02-16 21:22:36,2015-02-16 21:24:00
310,2015.2.153,0,,228,2014-12-05,003.14.64493494,1,1,True,2014-12-05,False,False,,2015-02-16 21:25:26,
311,2015.2.154,0,,228,2014-12-05,003.14.64493496,1,1,True,2014-12-05,False,False,,2015-02-16 21:28:23,
312,2015.2.155,0,,358,2014-12-05,003.14.64493498,1,1,True,2014-12-05,False,False,,2015-02-16 21:32:41,
313,2015.2.156,0,,116,2014-12-05,003.14.64493500,2,1,True,2014-12-05,False,False,,2015-02-16 21:35:18,
314,2015.2.157,0,,228,2014-12-09,003.14.64493530,1,1,True,2014-12-09,False,False,,2015-02-16 21:37:54,
315,2015.2.158,0,,228,2014-12-09,003.14.64493533,1,1,True,2014-12-09,False,False,,2015-02-16 21:39:43,
316,2015.2.159,0,,308,2014-12-09,003.14.64493535,1,1,True,2014-12-09,False,False,,2015-02-16 21:41:57,
317,2015.2.160,0,,184,2014-12-23,003.14.64493732,2,1,True,2014-12-23,False,False,,2015-02-16 21:53:00,
318,2015.2.161,0,,302,2014-12-16,003.14.64493641,2,1,True,2014-12-16,False,False,,2015-02-16 21:59:52,
319,2015.2.162,0,,1163,2014-12-18,003.14.64493678,2,1,True,2014-12-18,False,False,,2015-02-17 15:13:55,
320,2015.2.163,0,,1167,2015-02-18,003.14.64493677,2,1,False,,False,True,2015-02-17 15:18:23,2015-02-17 15:16:44,
321,2015.2.163,0,,1166,2014-12-30,003.14.64493815,2,1,True,2014-12-30,True,False,,2015-02-17 15:20:15,2015-02-17 15:22:01
322,2015.2.164,0,,302,2014-12-30,003.14.64493814,1,1,True,2014-12-30,False,False,,2015-02-17 15:24:34,
323,2015.2.165,0,,302,2014-12-30,003.14.64493813,1,1,False,,False,True,2015-02-17 15:28:46,2015-02-17 15:26:53,
324,2015.2.165,0,,302,2014-12-30,003.14.64493813,1,1,True,2014-12-30,False,False,,2015-02-17 15:29:11,
325,2015.2.166,0,,1163,2014-12-19,003.14.64493704,2,1,True,2014-12-19,False,False,,2015-02-17 15:32:00,
326,2015.2.167,0,,1166,2014-12-29,003.14.64493782,2,1,True,2014-12-29,False,False,,2015-02-17 15:34:04,
327,2015.2.168,0,,228,2014-12-30,003.14.64493808,1,1,True,2014-12-30,False,False,,2015-02-17 15:38:12,2015-02-17 15:39:13
328,2015.2.169,0,,228,2014-12-30,003.14.64493806,1,1,True,2014-12-16,False,False,,2015-02-17 15:47:09,
329,2015.2.170,0,,1161,2014-12-16,003.14.64493654,2,1,True,2014-12-16,False,False,,2015-02-17 15:51:22,
330,2015.2.171,0,,1165,2014-12-12,003.14.64493571,2,1,True,2014-12-12,False,False,,2015-02-17 15:55:12,
331,2015.2.172,0,,955,2014-12-01,003.14.64493399,1,1,True,2014-12-01,False,False,,2015-02-17 16:45:04,
332,2015.2.173,0,,978,2014-12-05,003.14.64493475,3,1,True,2014-12-05,True,False,,2015-02-17 16:48:22,2015-02-17 16:52:57
333,2015.2.174,0,,72,2014-12-15,003.14.64493605,1,1,True,2014-12-15,False,False,,2015-02-17 16:55:04,
334,2015.2.175,0,,1052,2014-12-04,003.14.64493462,1,1,True,2014-12-04,True,False,,2015-02-17 17:01:19,2015-02-17 17:03:35
335,2015.2.176,0,,978,2015-01-12,003.14.64493576,3,1,True,2014-12-12,True,False,,2015-02-17 17:15:03,2015-02-17 17:18:08
336,2015.2.177,0,,978,2014-12-12,003.14.64493577,3,1,True,2014-12-12,True,False,,2015-02-17 17:21:39,2015-02-17 17:24:13
337,2015.2.178,0,,978,2014-12-12,003.14.64493578,3,1,True,2014-12-12,True,False,,2015-02-17 17:26:37,2015-02-17 17:28:40
338,2015.2.179,0,,978,2014-12-02,003.14.64493407,3,1,True,2014-12-02,True,False,,2015-02-17 17:31:13,2015-02-17 17:32:50
339,2015.2.180,0,,978,2014-12-09,003.14.64493524,3,1,True,2014-12-09,True,False,,2015-02-17 17:39:22,2015-02-17 17:41:02
340,2015.2.181,0,,4,2014-12-09,003.14.64493518,3,1,False,,False,True,2015-02-17 17:43:39,2015-02-17 17:42:52,
341,2015.2.181,0,,978,2014-12-12,003.14.64493575,3,1,True,2014-12-12,True,False,,2015-02-17 17:44:21,2015-02-17 17:46:05
342,2015.2.182,0,,4,2014-12-15,003.14.64493597,3,1,True,2014-12-15,False,False,,2015-02-17 17:53:19,
343,2015.2.183,0,,228,2014-12-09,003.14.64493531,1,1,True,2014-12-09,False,False,,2015-02-17 19:55:58,
344,2015.2.184,0,,228,2014-12-09,003.14.64493532,1,1,True,2014-12-09,False,False,,2015-02-17 20:04:35,
345,2015.2.185,0,,228,2014-12-12,003.14.64493585,1,1,True,2014-12-12,False,False,,2015-02-17 20:11:30,
346,2015.2.186,0,,228,2014-12-17,003.14.64493670,1,1,True,2014-12-17,False,False,,2015-02-17 20:16:13,
347,2015.2.187,0,,228,2014-12-23,003.14.64493734,1,1,True,2014-12-23,False,False,,2015-02-17 20:20:04,
348,2015.2.188,0,,228,2014-12-17,003.14.64493669,1,1,True,2014-12-17,False,False,,2015-02-17 20:24:01,
349,2015.2.189,0,,1163,2014-12-18,003.14.64493679,2,1,True,2014-12-18,False,False,,2015-02-17 20:26:54,
350,2015.2.190,0,,1166,2014-12-22,003.14.64493724,2,1,False,,False,False,,2015-02-17 20:36:18,
351,2015.2.191,0,,116,2014-12-18,003.14.64493681,2,1,True,2014-12-18,False,False,,2015-02-17 22:12:04,
352,2015.2.192,0,,53,2014-12-29,003.14.64493779,1,1,False,,False,True,2015-02-17 22:22:14,2015-02-17 22:19:50,
353,2015.2.192,0,,1188,2014-12-17,003.14.64493665,2,1,True,2014-12-17,False,False,,2015-02-17 22:23:38,
354,2015.2.193,0,,228,2014-12-12,003.14.64493586,1,1,True,2014-12-12,False,False,,2015-02-17 22:52:05,
355,2015.2.194,0,,228,2014-12-10,003.14.64493545,1,1,True,2014-12-10,False,False,,2015-02-22 15:01:24,
356,2015.2.195,0,,116,2014-12-11,003.14.64493560,2,1,True,2014-12-11,False,False,,2015-02-22 15:05:13,
357,2015.2.196,0,,169,2014-12-04,003.14.64493467,2,1,True,2014-12-04,False,False,,2015-02-22 15:11:27,
358,2015.2.197,0,,991,2014-12-29,003.14.64493774,1,1,True,2014-12-29,False,False,,2015-02-22 17:12:43,
359,2015.2.198,0,,276,2014-12-15,003.14.64493608,2,1,True,2014-12-15,False,False,,2015-02-22 17:22:14,
360,2015.2.199,0,,276,2014-12-15,003.14.64493609,2,1,True,2014-12-15,False,False,,2015-02-22 17:24:21,
361,2015.2.200,0,,116,2014-12-18,003.14.64493680,2,1,True,2014-12-18,False,False,,2015-02-22 17:38:39,
362,2015.3.1,0,,1021,2015-01-26,000.15.20890985,1,1,True,2015-01-26,False,False,,2015-03-12 14:17:29,
363,2015.3.2,0,,1033,2015-01-26,000.15.20890984,1,1,True,2015-01-26,False,False,,2015-03-12 14:41:45,
364,2015.3.3,0,,959,2015-01-26,000.15.20890987,1,1,True,2015-01-26,False,False,,2015-03-12 14:58:15,
365,2015.3.4,0,,999,2015-01-28,000.15.20891020,1,1,True,2015-01-28,False,False,,2015-03-12 15:02:27,
366,2015.3.5,0,,1050,2015-01-28,000.15.20891021,1,1,True,2015-01-28,False,False,,2015-03-12 15:12:17,
367,2015.3.6,0,,987,2015-01-28,000.15.20891019,1,1,True,2015-01-28,False,False,,2015-03-12 15:15:07,
368,2015.3.7,0,,978,2015-01-27,000.15.20890990,2,1,True,2015-01-27,False,False,,2015-03-12 15:19:43,
369,2015.3.8,0,,990,2015-01-26,000.15.20890988,1,1,True,2015-01-26,False,False,,2015-03-12 15:28:36,
370,2015.3.9,0,,978,2015-01-30,000.15.20891049,2,1,True,2015-01-30,False,False,,2015-03-12 15:35:03,
371,2015.3.10,0,,978,2015-01-30,000.15.20891050,2,1,True,2015-01-30,False,False,,2015-03-12 15:49:37,
372,2015.3.11,0,,978,2015-01-30,000.15.20891051,2,1,True,2015-01-30,False,False,,2015-03-12 15:52:54,
373,2015.3.12,0,,982,2015-01-29,000.15.20891045,1,1,True,2015-01-29,False,False,,2015-03-12 16:01:14,
374,2015.3.13,0,,136,2015-01-29,000.15.20891036,2,1,True,2015-01-29,False,False,,2015-03-12 17:09:51,
375,2015.3.14,0,,288,2015-01-27,000.15.20891009,2,1,True,2015-01-27,False,False,,2015-03-12 17:21:50,
376,2015.3.15,0,,1182,2015-01-27,000.15.20891007,1,1,True,2015-01-27,False,False,,2015-03-12 17:29:53,
377,2015.3.16,0,,1064,2015-01-27,000.15.20891003,1,1,True,2015-01-27,False,False,,2015-03-12 17:32:02,
378,2015.3.17,0,,136,2015-01-27,000.15.20890998,2,1,True,2015-01-27,False,False,,2015-03-12 17:33:57,
379,2015.3.18,0,,288,2015-01-23,000.15.20890966,2,1,True,2015-01-23,False,False,,2015-03-12 17:37:57,
380,2015.3.19,0,,171,2015-01-23,000.15.20890956,1,1,True,2015-01-23,False,False,,2015-03-12 17:47:46,
381,2015.3.20,0,,978,2015-01-30,000.15.20891052,3,1,True,2015-01-30,False,False,,2015-03-12 17:57:37,
382,2015.3.21,0,,330,2015-01-23,000.15.20890958,3,1,False,,False,True,2015-03-12 19:27:46,2015-03-12 19:26:32,
383,2015.3.21,0,,1005,2015-01-19,000.15.20890897,1,1,True,2015-01-19,False,False,,2015-03-12 19:54:35,
384,2015.3.22,0,,1061,2015-01-19,000.15.20890898,1,1,True,2015-01-19,False,False,,2015-03-12 20:16:57,
385,2015.3.23,0,,1060,2015-01-19,000.15.20890899,1,1,True,2015-01-19,False,False,,2015-03-12 20:30:38,
386,2015.3.24,0,,1033,2015-01-19,000.15.20890900,1,1,True,2015-01-19,False,False,,2015-03-12 20:35:16,
387,2015.3.25,0,,287,2015-01-19,000.15.20890896,1,1,True,2015-01-19,False,False,,2015-03-12 20:38:57,
388,2015.3.26,0,,1050,2015-01-16,000.15.20890889,1,1,True,2015-01-16,False,False,,2015-03-12 20:41:34,
389,2015.3.27,0,,4,2015-01-16,000.15.20890886,3,1,True,2015-01-16,False,False,,2015-03-12 20:47:17,
390,2015.3.28,0,,4,2015-01-16,000.15.20890885,2,1,True,2015-01-16,False,False,,2015-03-12 20:50:59,
391,2015.3.29,0,,4,2015-01-16,000.15.20890884,2,1,True,2015-01-16,False,False,,2015-03-12 20:52:50,
392,2015.3.30,0,,286,2015-01-16,000.15.20890883,1,1,True,2015-01-16,False,False,,2015-03-12 20:55:03,
393,2015.3.31,0,,1011,2015-01-16,000.15.20890879,1,1,True,2015-01-16,False,False,,2015-03-12 21:01:12,
394,2015.3.32,0,,990,2015-01-16,000.15.20890878,1,1,True,2015-01-16,False,False,,2015-03-12 21:04:33,
395,2015.3.33,0,,1024,2015-01-16,000.15.20890877,1,1,True,2015-01-16,False,False,,2015-03-12 21:08:27,
396,2015.3.34,0,,1129,2015-01-16,000.15.20890876,1,1,True,2015-01-16,False,False,,2015-03-12 21:11:20,
397,2015.3.35,0,,1038,2015-01-16,000.15.20890875,1,1,True,2015-01-16,False,False,,2015-03-12 21:13:27,
398,2015.3.36,0,,1195,2015-01-16,000.15.20890874,1,1,True,2015-01-16,False,False,,2015-03-12 21:16:23,
399,2015.3.37,0,,978,2015-01-16,000.15.20890869,2,1,True,2015-01-16,False,False,,2015-03-12 21:23:33,2015-03-12 21:24:48
400,2015.3.38,0,,978,2015-01-16,000.15.20890868,2,1,True,2015-01-16,False,False,,2015-03-12 21:27:41,
401,2015.3.39,0,,236,2015-01-21,000.15.20890935,1,1,True,2015-01-21,False,False,,2015-03-12 21:38:28,
402,2015.3.40,0,,281,2015-01-21,000.15.20890936,1,1,True,2015-01-21,False,False,,2015-03-12 21:44:24,
403,2015.3.41,0,,57,2015-01-20,000.15.20890930,2,1,True,2015-01-20,False,False,,2015-03-12 21:53:29,
404,2015.3.42,0,,30,2015-01-20,000.15.20890929,2,1,True,2015-01-20,False,False,,2015-03-12 22:01:22,
405,2015.3.43,0,,978,2015-01-20,000.15.20890922,3,1,True,2015-01-20,False,False,,2015-03-12 22:05:52,
406,2015.3.44,0,,978,2015-01-20,000.15.20890921,2,1,True,2015-01-20,False,False,,2015-03-17 16:57:28,
407,2015.3.45,0,,978,2015-01-20,000.15.20890920,2,1,True,2015-01-20,False,False,,2015-03-17 17:04:44,
408,2015.3.46,0,,114,2015-01-20,000.15.20890918,1,1,True,2015-01-20,False,False,,2015-03-17 17:08:54,
409,2015.3.47,0,,53,2015-01-20,000.15.20890917,1,1,True,2015-01-20,False,False,,2015-03-17 17:14:00,
410,2015.3.48,0,,978,2015-03-16,000.15.20890867,2,1,True,2015-01-16,False,False,,2015-03-17 17:31:38,
411,2015.3.49,0,,207,2015-01-16,000.15.20890865,1,1,True,2015-01-16,False,False,,2015-03-17 17:44:21,
412,2015.3.50,0,,207,2015-01-16,000.15.20890866,2,1,True,2015-01-16,False,False,,2015-03-17 17:46:37,
413,2015.3.51,0,,989,2015-01-15,000.15.20890858,1,1,True,2015-01-15,False,False,,2015-03-18 15:02:00,
414,2015.3.52,0,,1106,2015-01-15,000.15.20890857,1,1,True,2015-01-15,False,False,,2015-03-18 15:05:42,
415,2015.3.53,0,,987,2015-01-15,000.15.20890862,1,1,True,2015-01-15,False,False,,2015-03-18 15:10:20,
416,2015.3.54,0,,957,2015-01-16,000.15.20890864,1,1,False,,False,False,,2015-03-18 15:17:26,2015-03-18 15:20:21
417,2015.3.55,0,,978,2015-01-20,000.15.20890924,1,1,True,2015-01-20,False,False,,2015-03-18 15:45:59,
418,2015.3.56,0,,171,2015-01-19,000.15.20890904,1,1,False,,False,True,2015-03-18 15:53:17,2015-03-18 15:52:45,
419,2015.3.56,0,,75,2015-01-28,000.15.20891018,1,1,True,2015-01-28,False,False,,2015-03-18 15:59:18,
420,2015.3.57,0,,135,2015-01-19,000.15.20890894,1,1,False,,False,False,,2015-03-18 16:55:08,
421,2015.3.58,0,,978,2015-01-30,000.15.20891056,3,1,True,2015-01-30,False,False,,2015-03-18 17:17:52,
422,2015.3.59,0,,978,2015-01-06,000.15.20890735,2,1,True,2015-01-06,False,False,,2015-03-18 17:24:32,2015-03-19 17:00:32
423,2015.3.60,0,,1044,2015-03-19,000.15.20890746,1,1,True,2015-01-06,False,False,,2015-03-18 19:42:55,
424,2015.3.61,0,,1025,2015-01-06,000.15.20890747,1,1,True,2015-01-06,False,False,,2015-03-18 21:01:10,
425,2015.3.62,0,,288,2015-01-07,000.15.20890748,2,1,True,2015-01-07,False,False,,2015-03-18 21:04:25,
426,2015.3.63,0,,978,2015-01-23,000.15.20890948,2,1,True,2015-01-23,False,False,,2015-03-18 21:26:07,
427,2015.3.64,0,,978,2015-03-19,000.15.20890949,2,1,True,2015-01-23,False,False,,2015-03-18 21:36:06,
428,2015.3.65,0,,4,2015-01-23,000.15.20890950,2,1,True,2015-01-23,False,False,,2015-03-18 21:37:47,
429,2015.3.66,0,,978,2015-01-27,000.15.20890991,2,1,True,2015-01-27,False,False,,2015-03-18 21:48:55,
430,2015.3.67,0,,978,2015-01-27,000.15.20890992,2,1,True,2015-01-27,False,False,,2015-03-18 22:23:00,
431,2015.3.68,0,,978,2015-01-27,000.15.20890993,2,1,True,2015-01-27,False,False,,2015-03-18 22:27:59,
432,2015.3.69,0,,978,2015-01-27,000.15.20890994,3,1,True,2015-01-27,False,False,,2015-03-18 22:32:43,
433,2015.3.70,0,,305,2015-01-13,000.15.20890830,2,1,False,,False,True,2015-03-19 15:56:15,2015-03-19 15:55:46,
434,2015.3.70,0,,989,2015-01-30,000.15.20891066,1,1,True,2015-01-30,False,False,,2015-03-19 15:57:12,2015-03-19 16:01:20
435,2015.3.71,0,,54,2015-01-30,000.15.20891064,1,1,True,2015-01-30,False,False,,2015-03-19 16:02:45,
436,2015.3.72,0,,170,2015-01-30,000.15.20891062,1,1,True,2015-01-30,False,False,,2015-03-19 16:04:56,
437,2015.3.73,0,,207,2015-01-30,000.15.20891060,1,1,True,2015-01-30,False,False,,2015-03-19 16:06:54,
438,2015.3.74,0,,84,2015-01-30,000.15.20891059,2,1,True,2015-01-30,False,False,,2015-03-19 16:09:35,
439,2015.3.75,0,,1050,2015-01-09,000.15.20890805,1,1,True,2015-01-09,False,False,,2015-03-19 16:40:45,
440,2015.3.76,0,,1059,2015-01-09,000.15.20890801,1,1,True,2015-01-09,False,False,,2015-03-19 16:45:45,
441,2015.3.77,0,,1052,2015-01-09,000.15.20890800,1,1,True,2015-01-09,False,False,,2015-03-19 16:48:26,
442,2015.3.78,0,,989,2015-01-09,000.15.20890799,1,1,False,,False,True,2015-03-19 16:57:53,2015-03-19 16:50:20,
443,2015.3.78,0,,979,2015-01-09,000.15.20890789,2,1,True,2015-01-09,False,False,,2015-03-19 16:59:32,
444,2015.3.79,0,,20,2015-01-09,000.15.20890790,1,1,True,2015-01-09,False,False,,2015-03-19 17:03:23,
445,2015.3.80,0,,333,2015-01-09,000.15.20890791,1,1,True,2015-01-09,False,False,,2015-03-19 17:08:15,
446,2015.3.81,0,,978,2015-01-09,000.15.20890785,2,1,True,2015-01-09,False,False,,2015-03-19 17:10:03,
447,2015.3.82,0,,978,2015-01-09,000.15.20890787,2,1,True,2015-01-09,False,False,,2015-03-19 17:11:36,
448,2015.3.83,0,,1041,2015-01-09,000.15.20890788,1,1,True,2015-01-09,False,False,,2015-03-19 17:14:29,
449,2015.3.84,0,,288,2015-01-08,000.15.20890782,2,1,True,2015-01-08,False,False,,2015-03-19 17:16:19,
450,2015.3.85,0,,978,2015-01-09,000.15.20890784,2,1,True,2015-01-09,False,False,,2015-03-19 17:18:18,
451,2015.3.86,0,,999,2015-01-08,000.15.20890777,1,1,True,2015-01-08,False,False,,2015-03-19 17:22:50,
452,2015.3.87,0,,1025,2015-01-08,000.15.20890779,1,1,True,2015-01-08,False,False,,2015-03-19 17:29:15,
453,2015.3.88,0,,1019,2015-01-08,000.15.20890772,1,1,True,2015-01-08,False,False,,2015-03-19 17:34:05,2015-03-19 17:35:25
454,2015.3.89,0,,1000,2015-01-08,000.15.20890773,1,1,True,2015-01-08,False,False,,2015-03-19 17:43:29,
455,2015.3.90,0,,338,2015-01-08,000.15.20890771,1,1,True,2015-01-08,False,False,,2015-03-19 19:56:24,
456,2015.3.91,0,,186,2015-01-08,000.15.20890770,1,1,True,2015-01-08,False,False,,2015-03-19 19:59:31,
457,2015.3.92,0,,1182,2015-01-07,000.15.20890763,1,1,True,2015-01-07,False,False,,2015-03-19 20:06:38,
458,2015.3.93,0,,989,2015-01-07,000.15.20890754,1,1,True,2015-01-07,False,False,,2015-03-19 21:05:10,
459,2015.3.94,0,,236,2015-01-07,000.15.20890749,1,1,True,2015-01-07,False,False,,2015-03-19 21:12:58,
460,2015.3.95,0,,180,2015-01-23,000.15.20890945,2,1,True,2015-01-23,False,False,,2015-03-19 21:15:21,
461,2015.3.96,0,,330,2015-01-23,000.15.20890958,3,1,False,,False,True,2015-03-19 21:25:06,2015-03-19 21:23:04,
462,2015.3.96,0,,978,2015-01-27,000.15.20890996,3,1,True,2015-01-27,False,False,,2015-03-19 21:26:33,
463,2015.3.97,0,,75,2015-01-28,000.15.20891017,1,1,True,2015-01-28,False,False,,2015-03-19 21:31:45,
464,2015.3.98,0,,978,2015-01-06,000.15.20890736,2,1,True,2015-01-06,False,False,,2015-03-19 21:37:27,
465,2015.3.99,0,,1113,2015-01-06,000.15.20890742,1,1,True,2015-01-06,False,False,,2015-03-19 21:57:17,
466,2015.3.100,0,,1021,2015-01-06,000.15.20890743,1,1,True,2015-01-06,False,False,,2015-03-19 21:58:58,
467,2015.3.101,0,,987,2015-01-13,000.15.20890837,1,1,True,2015-01-13,False,False,,2015-03-19 22:03:53,
468,2015.3.102,0,,982,2015-01-13,000.15.20890829,1,1,True,2015-01-13,False,False,,2015-03-19 22:07:37,
469,2015.3.103,0,,1064,2015-01-13,000.15.20890828,1,1,True,2015-01-13,False,False,,2015-03-19 22:09:08,
470,2015.3.104,0,,990,2015-01-13,000.15.20890827,1,1,True,2015-01-13,False,False,,2015-03-19 22:12:11,
471,2015.3.105,0,,978,2015-01-13,000.15.20890823,2,1,True,2015-01-13,False,False,,2015-03-19 22:14:40,
472,2015.3.106,0,,978,2015-01-13,000.15.20890822,2,1,True,2015-01-13,False,False,,2015-03-19 22:17:45,
473,2015.3.107,0,,978,2015-01-13,000.15.20890821,2,1,True,2015-01-13,False,False,,2015-03-19 22:20:52,
474,2015.3.108,0,,115,2015-01-13,000.15.20890819,2,1,True,2015-01-13,False,False,,2015-03-19 22:27:52,
475,2015.3.109,0,,57,2015-01-13,000.15.20890818,2,1,True,2015-01-13,False,False,,2015-03-19 22:30:41,
476,2015.3.110,0,,57,2015-01-13,000.15.20890817,2,1,True,2015-01-13,False,False,,2015-03-19 22:32:28,
477,2015.3.111,0,,965,2015-01-13,000.15.20890816,2,1,True,2015-01-13,False,False,,2015-03-19 22:34:17,
478,2015.3.112,0,,1050,2015-01-12,000.15.20890811,1,1,True,2015-01-12,False,False,,2015-03-19 22:35:56,
479,2015.3.113,0,,1014,2015-01-12,000.15.20890810,1,1,True,2015-01-12,False,False,,2015-03-19 22:37:46,
480,2015.3.114,0,,276,2015-01-26,000.15.20890970,2,1,False,,False,True,2015-03-23 15:35:55,2015-03-23 15:27:25,
481,2015.3.114,0,,1034,2015-01-27,0.1520891008,1,1,True,2015-01-27,False,False,,2015-03-23 15:38:10,
482,2015.3.115,0,,4,2015-01-23,000.15.20890952,2,1,True,2015-01-23,False,False,,2015-03-23 15:43:30,
483,2015.3.116,0,,32,2015-01-22,000.15.20890941,1,1,True,2015-01-22,False,False,,2015-03-30 21:20:31,
484,2015.3.117,0,,139,2015-01-13,000.15.20890820,2,1,True,2015-01-13,False,False,,2015-03-30 21:34:35,
485,2015.3.118,0,,978,2015-01-06,000.15.20890737,3,1,True,2015-01-06,False,False,,2015-03-30 21:53:29,
486,2015.3.119,0,,4,2015-01-06,000.15.20890740,3,1,True,2015-01-06,False,False,,2015-03-31 15:58:32,
487,2015.3.120,0,,330,2015-01-23,000.15.20890958,3,1,False,,False,True,2015-03-31 16:04:44,2015-03-31 16:01:35,
488,2015.3.120,0,,981,2015-01-12,000.15.20890808,2,1,True,2015-01-12,False,False,,2015-03-31 16:09:30,
489,2015.3.121,0,,288,2015-01-12,000.15.20890807,2,1,True,2015-01-12,False,False,,2015-03-31 16:17:56,
490,2015.4.1,0,,171,2015-01-30,000.15.20891061,1,1,True,2015-01-30,False,False,,2015-04-05 16:03:44,
491,2015.4.2,0,,180,2015-01-30,000.15.20891063,1,1,False,,False,False,,2015-04-05 16:07:47,
492,2015.4.3,0,,1050,2015-01-30,000.15.20891065,1,1,True,2015-01-30,False,False,,2015-04-05 20:38:44,
493,2015.4.4,0,,57,2015-01-02,000.15.20890725,2,1,True,2015-01-02,False,False,,2015-04-05 21:09:07,
494,2015.4.5,0,,180,2015-01-23,000.15.20890946,1,1,True,2015-01-23,False,False,,2015-04-05 21:13:27,
495,2015.4.6,0,,978,2015-01-27,000.15.20890995,2,1,True,2015-01-27,False,False,,2015-04-05 21:18:09,
496,2015.4.7,0,,978,2015-01-27,000.15.20890997,2,1,True,2015-01-27,False,False,,2015-04-05 21:20:54,
497,2015.4.8,0,,276,2015-01-26,000.15.20890977,2,1,False,,False,False,,2015-04-05 21:34:28,
